date,UK_CPI_lag1,UK_CPI_lag3,UK_CPI_lag6,UK_CPI_lag12,UK_POLICY_RATE_lag1,UK_POLICY_RATE_lag3,UK_POLICY_RATE_lag6,UK_POLICY_RATE_lag12,UK_UNEMPLOYMENT_lag1,UK_UNEMPLOYMENT_lag3,UK_UNEMPLOYMENT_lag6,UK_UNEMPLOYMENT_lag12,UK_GDP_lag1,UK_GDP_lag3,UK_GDP_lag6,UK_GDP_lag12,UK_M2_lag1,UK_M2_lag3,UK_M2_lag6,UK_M2_lag12
2001-01-01,,,,,,,,,,,,,,,,,,,,
2001-02-01,,,,,,,,,,,,,2.782729,,,,,,,
2001-03-01,0.2717392976499886,,,,-0.07610000000000028,,,,-0.10000000000000053,,,,2.67683,,,,-0.26019400000000026,,,
2001-04-01,0.2710028758865158,,,,-0.4429999999999996,,,,-0.09999999999999964,,,,2.571438,2.782729,,,-1.0662009999999995,,,
2001-05-01,0.6743113884890101,0.2717392976499886,,,-0.08579999999999988,-0.07610000000000028,,,-0.09999999999999964,-0.10000000000000053,,,2.466548,2.67683,,,0.03884000000000043,-0.26019400000000026,,
2001-06-01,0.6697948684127718,0.2710028758865158,,,0.2043999999999997,-0.4429999999999996,,,0.09999999999999964,-0.09999999999999964,,,2.419666,2.571438,,,-1.1767909999999997,-1.0662009999999995,,
2001-07-01,0.13342230131366623,0.6743113884890101,,,-0.7406999999999995,-0.08579999999999988,,,0.0,-0.09999999999999964,,,2.372974,2.466548,2.782729,,-1.3355190000000015,0.03884000000000043,,
2001-08-01,-0.6688988150796652,0.6697948684127718,0.2717392976499886,,0.5146999999999995,0.2043999999999997,-0.07610000000000028,,0.09999999999999964,0.09999999999999964,-0.10000000000000053,,2.32647,2.419666,2.67683,,0.5813520000000008,-1.1767909999999997,-0.26019400000000026,
2001-09-01,0.4018759594917655,0.13342230131366623,0.2710028758865158,,-0.4897,-0.7406999999999995,-0.4429999999999996,,0.0,0.0,-0.09999999999999964,,2.215978,2.372974,2.571438,,0.8327170000000006,-1.3355190000000015,-1.0662009999999995,
2001-10-01,0.26702285558788924,-0.6688988150796652,0.6743113884890101,,0.04800000000000004,0.5146999999999995,-0.08579999999999988,,0.0,0.09999999999999964,-0.09999999999999964,,2.105922,2.32647,2.466548,,0.38984099999999877,0.5813520000000008,0.03884000000000043,
2001-11-01,-0.13342230131366103,0.4018759594917655,0.6697948684127718,,-0.2553000000000001,-0.4897,0.2043999999999997,,0.0,0.0,0.09999999999999964,,1.996298,2.215978,2.419666,,0.27543300000000137,0.8327170000000006,-1.1767909999999997,
2001-12-01,0.0,0.26702285558788924,0.13342230131366623,,-1.0211999999999999,0.04800000000000004,-0.7406999999999995,,0.10000000000000053,0.0,0.0,,1.817414,2.105922,2.372974,,-0.1686740000000011,0.38984099999999877,-1.3355190000000015,
2002-01-01,0.13342230131366623,-0.13342230131366103,-0.6688988150796652,,1.0080000000000005,-0.2553000000000001,0.5146999999999995,,0.0,0.0,0.09999999999999964,,1.639515,1.996298,2.32647,2.782729,-0.6859850000000005,0.27543300000000137,0.5813520000000008,
2002-02-01,-0.26702285558789207,0.0,0.4018759594917655,0.2717392976499886,-0.8156000000000003,-1.0211999999999999,-0.4897,-0.07610000000000028,-0.10000000000000053,0.10000000000000053,0.0,-0.10000000000000053,1.462594,1.817414,2.215978,2.67683,-2.0196499999999995,-0.1686740000000011,0.8327170000000006,-0.26019400000000026
2002-03-01,0.26702285558788924,0.13342230131366623,0.26702285558788924,0.2710028758865158,0.2889000000000004,1.0080000000000005,0.04800000000000004,-0.4429999999999996,0.10000000000000053,0.0,0.0,-0.09999999999999964,1.501869,1.639515,2.105922,2.571438,-0.8439069999999997,-0.6859850000000005,0.38984099999999877,-1.0662009999999995
2002-04-01,0.2663117419483628,-0.26702285558789207,-0.13342230131366103,0.6743113884890101,-0.014300000000000423,-0.8156000000000003,-0.2553000000000001,-0.08579999999999988,0.0,-0.10000000000000053,0.0,-0.09999999999999964,1.541037,1.462594,1.996298,2.466548,-0.2716839999999996,-2.0196499999999995,0.27543300000000137,0.03884000000000043
2002-05-01,0.5305052229693098,0.26702285558788924,0.0,0.6697948684127718,-0.29110000000000014,0.2889000000000004,-1.0211999999999999,0.2043999999999997,0.0,0.10000000000000053,0.10000000000000053,0.09999999999999964,1.580099,1.501869,1.817414,2.419666,-1.076874,-0.8439069999999997,-0.1686740000000011,-1.1767909999999997
2002-06-01,0.26420094628387975,0.2663117419483628,0.13342230131366623,0.13342230131366623,0.1753,-0.014300000000000423,1.0080000000000005,-0.7406999999999995,0.0,0.0,0.0,0.0,1.619053,1.541037,1.639515,2.372974,0.31440299999999954,-0.2716839999999996,-0.6859850000000005,-1.3355190000000015
2002-07-01,0.0,0.5305052229693098,-0.26702285558789207,-0.6688988150796652,-0.42669999999999986,-0.29110000000000014,-0.8156000000000003,0.5146999999999995,0.0,0.0,-0.10000000000000053,0.09999999999999964,1.657886,1.580099,1.462594,2.32647,0.03471600000000041,-1.076874,-2.0196499999999995,0.5813520000000008
2002-08-01,-0.26420094628386964,0.26420094628387975,0.26702285558788924,0.4018759594917655,0.3604000000000003,0.1753,0.2889000000000004,-0.4897,0.0,0.0,0.10000000000000053,0.0,1.696597,1.619053,1.501869,2.215978,-1.0608620000000002,0.31440299999999954,-0.8439069999999997,0.8327170000000006
2002-09-01,0.26420094628387975,0.0,0.2663117419483628,0.26702285558788924,0.2761,-0.42669999999999986,-0.014300000000000423,0.04800000000000004,0.09999999999999964,0.0,0.0,0.0,1.828975,1.657886,1.541037,2.105922,-0.578233,0.03471600000000041,-0.2716839999999996,0.38984099999999877
2002-10-01,0.26350476380052534,-0.26420094628386964,0.5305052229693098,-0.13342230131366103,-0.266,0.3604000000000003,-0.29110000000000014,-0.2553000000000001,-0.09999999999999964,0.0,0.0,0.0,1.961117,1.696597,1.580099,1.996298,0.25950900000000043,-1.0608620000000002,-1.076874,0.27543300000000137
2002-11-01,0.1314924581309022,0.26420094628387975,0.26420094628387975,0.0,0.21729999999999983,0.2761,0.1753,-1.0211999999999999,0.0,0.09999999999999964,0.0,0.10000000000000053,2.093022,1.828975,1.619053,1.817414,0.01995299999999922,-0.578233,0.31440299999999954,-0.1686740000000011
2002-12-01,0.0,0.26350476380052534,0.0,0.13342230131366623,-0.43630000000000013,-0.266,-0.42669999999999986,1.0080000000000005,-0.10000000000000053,-0.09999999999999964,0.0,0.0,2.276787,1.961117,1.657886,1.639515,-0.3396459999999992,0.25950900000000043,0.03471600000000041,-0.6859850000000005
2003-01-01,0.26246734227713014,0.1314924581309022,-0.26420094628386964,-0.26702285558789207,0.7431999999999999,0.21729999999999983,0.3604000000000003,-0.8156000000000003,-0.09999999999999964,0.0,0.0,-0.10000000000000053,2.46018,2.093022,1.696597,1.462594,-0.15459100000000037,0.01995299999999922,-1.0608620000000002,-2.0196499999999995
2003-02-01,-0.5256253888826952,0.0,0.26420094628387975,0.26702285558788924,-0.5909,-0.43630000000000013,0.2761,0.2889000000000004,0.09999999999999964,-0.10000000000000053,0.09999999999999964,0.10000000000000053,2.643203,2.276787,1.828975,1.501869,0.4473939999999996,-0.3396459999999992,-0.578233,-0.8439069999999997
2003-03-01,0.2631580466055821,0.26246734227713014,0.26350476380052534,0.2663117419483628,-0.08009999999999984,0.7431999999999999,-0.266,-0.014300000000000423,0.10000000000000053,-0.09999999999999964,-0.09999999999999964,0.0,2.780227,2.46018,1.961117,1.541037,1.0566530000000007,-0.15459100000000037,0.25950900000000043,-0.2716839999999996
2003-04-01,0.3934431304834743,-0.5256253888826952,0.1314924581309022,0.5305052229693098,0.19530000000000003,-0.5909,0.21729999999999983,-0.29110000000000014,-0.10000000000000053,0.09999999999999964,0.0,0.0,2.916772,2.643203,2.093022,1.580099,-0.13034700000000043,0.4473939999999996,0.01995299999999922,-1.076874
2003-05-01,0.5221943981151624,0.2631580466055821,0.0,0.26420094628387975,-0.30059999999999976,-0.08009999999999984,-0.43630000000000013,0.1753,-0.09999999999999964,0.10000000000000053,-0.10000000000000053,0.0,3.052839,2.780227,2.276787,1.619053,-0.09363299999999963,1.0566530000000007,-0.3396459999999992,0.31440299999999954
2003-06-01,0.0,0.3934431304834743,0.26246734227713014,0.0,0.06849999999999978,0.19530000000000003,0.7431999999999999,-0.42669999999999986,-0.09999999999999964,-0.10000000000000053,-0.09999999999999964,0.0,3.209313,2.916772,2.46018,1.657886,-0.2693110000000001,-0.13034700000000043,-0.15459100000000037,0.03471600000000041
2003-07-01,-0.1302931780415906,0.5221943981151624,-0.5256253888826952,-0.26420094628386964,-0.03399999999999981,-0.30059999999999976,-0.5909,0.3604000000000003,0.1999999999999993,-0.09999999999999964,0.09999999999999964,0.0,3.365178,3.052839,2.643203,1.696597,0.25082999999999966,-0.09363299999999963,0.4473939999999996,-1.0608620000000002
2003-08-01,-0.13046316266649693,0.0,0.2631580466055821,0.26420094628387975,-0.3612000000000002,0.06849999999999978,-0.08009999999999984,0.2761,0.0,-0.09999999999999964,0.10000000000000053,0.09999999999999964,3.520437,3.209313,2.780227,1.828975,1.3027500000000005,-0.2693110000000001,1.0566530000000007,-0.578233
2003-09-01,0.2607563407080991,-0.1302931780415906,0.3934431304834743,0.26350476380052534,0.21300000000000008,-0.03399999999999981,0.19530000000000003,-0.266,-0.09999999999999964,0.1999999999999993,-0.10000000000000053,-0.09999999999999964,3.562956,3.365178,2.916772,1.961117,-0.027743000000000073,0.25082999999999966,-0.13034700000000043,0.25950900000000043
2003-10-01,0.260078170005744,-0.13046316266649693,0.5221943981151624,0.1314924581309022,0.012599999999999945,-0.3612000000000002,-0.30059999999999976,0.21729999999999983,0.0,0.0,-0.09999999999999964,0.0,3.605288,3.520437,3.052839,2.093022,-0.342473,1.3027500000000005,-0.09363299999999963,0.01995299999999922
2003-11-01,0.12978587155997906,0.2607563407080991,0.0,0.0,-0.16290000000000004,0.21300000000000008,0.06849999999999978,-0.43630000000000013,-0.09999999999999964,-0.09999999999999964,-0.09999999999999964,-0.10000000000000053,3.647435,3.562956,3.209313,2.276787,-0.06956400000000063,-0.027743000000000073,-0.2693110000000001,-0.3396459999999992
2003-12-01,0.0,0.260078170005744,-0.1302931780415906,0.26246734227713014,0.1932999999999998,0.012599999999999945,-0.03399999999999981,0.7431999999999999,0.0,0.0,0.1999999999999993,-0.09999999999999964,3.465892,3.605288,3.365178,2.46018,0.2269520000000007,-0.342473,0.25082999999999966,-0.15459100000000037
2004-01-01,0.25906750240924625,0.12978587155997906,-0.13046316266649693,-0.5256253888826952,0.22950000000000026,-0.16290000000000004,-0.3612000000000002,-0.5909,-0.10000000000000053,-0.09999999999999964,0.0,0.09999999999999964,3.285364,3.647435,3.520437,2.643203,1.1255919999999993,-0.06956400000000063,1.3027500000000005,0.4473939999999996
2004-02-01,-0.3888533739692369,0.0,0.2607563407080991,0.2631580466055821,-0.061900000000000066,0.1932999999999998,0.21300000000000008,-0.08009999999999984,0.0,0.0,-0.09999999999999964,0.10000000000000053,3.105844,3.465892,3.562956,2.780227,2.5532120000000003,0.2269520000000007,-0.027743000000000073,1.0566530000000007
2004-03-01,0.2594035177046749,0.25906750240924625,0.260078170005744,0.3934431304834743,0.37139999999999995,0.22950000000000026,0.012599999999999945,0.19530000000000003,0.0,-0.10000000000000053,0.0,-0.10000000000000053,2.95249,3.285364,3.605288,2.916772,0.3497249999999994,1.1255919999999993,-0.342473,-0.13034700000000043
2004-04-01,0.12944985626457955,-0.3888533739692369,0.12978587155997906,0.5221943981151624,-0.18330000000000002,-0.061900000000000066,-0.16290000000000004,-0.30059999999999976,0.0,0.0,-0.09999999999999964,-0.09999999999999964,2.800079,3.105844,3.647435,3.052839,-0.5134720000000002,2.5532120000000003,-0.06956400000000063,-0.09363299999999963
2004-05-01,0.387347159579684,0.2594035177046749,0.0,0.0,-0.012599999999999945,0.37139999999999995,0.1932999999999998,0.06849999999999978,0.0,0.0,0.0,-0.09999999999999964,2.648602,2.95249,3.465892,3.209313,0.7415120000000002,0.3497249999999994,0.2269520000000007,-0.2693110000000001
2004-06-01,0.3858525687529721,0.12944985626457955,0.25906750240924625,-0.1302931780415906,0.3116000000000003,-0.18330000000000002,0.22950000000000026,-0.03399999999999981,0.0,0.0,-0.10000000000000053,0.1999999999999993,2.41488,2.800079,3.285364,3.365178,0.12123500000000043,-0.5134720000000002,1.1255919999999993,0.25082999999999966
2004-07-01,0.0,0.387347159579684,-0.3888533739692369,-0.13046316266649693,0.15979999999999972,-0.012599999999999945,-0.061900000000000066,-0.3612000000000002,0.0,0.0,0.0,0.0,2.182771,2.648602,3.105844,3.520437,0.13834800000000058,0.7415120000000002,2.5532120000000003,1.3027500000000005
2004-08-01,-0.2570695503100866,0.3858525687529721,0.2594035177046749,0.2607563407080991,0.09949999999999992,0.3116000000000003,0.37139999999999995,0.21300000000000008,-0.09999999999999964,0.0,0.0,-0.09999999999999964,1.95226,2.41488,2.95249,3.562956,-0.3901160000000008,0.12123500000000043,0.3497249999999994,-0.027743000000000073
2004-09-01,0.25706955031008916,0.0,0.12944985626457955,0.260078170005744,0.16769999999999996,0.15979999999999972,-0.18330000000000002,0.012599999999999945,0.0,0.0,0.0,0.0,1.841387,2.182771,2.800079,3.605288,0.04657200000000117,0.13834800000000058,-0.5134720000000002,-0.342473
2004-10-01,0.0,-0.2570695503100866,0.387347159579684,0.12978587155997906,0.10139999999999993,0.09949999999999992,-0.012599999999999945,-0.16290000000000004,0.0,-0.09999999999999964,0.0,-0.09999999999999964,1.731091,1.95226,2.648602,3.647435,-0.12452600000000125,-0.3901160000000008,0.7415120000000002,-0.06956400000000063
2004-11-01,0.2564103968937634,0.25706955031008916,0.3858525687529721,0.0,-0.0016999999999995907,0.16769999999999996,0.3116000000000003,0.1932999999999998,0.0,0.0,0.0,0.0,1.621366,1.841387,2.41488,3.465892,-0.397848999999999,0.04657200000000117,0.12123500000000043,0.2269520000000007
2004-12-01,0.2557546151117193,0.0,0.0,0.25906750240924625,0.011099999999999888,0.10139999999999993,0.15979999999999972,0.22950000000000026,0.0,0.0,0.0,-0.10000000000000053,1.775076,1.731091,2.182771,3.285364,0.18252500000000005,-0.12452600000000125,0.13834800000000058,1.1255919999999993
2005-01-01,0.3824096438403476,0.2564103968937634,-0.2570695503100866,-0.3888533739692369,0.020999999999999908,-0.0016999999999995907,0.09949999999999992,-0.061900000000000066,0.0,0.0,-0.09999999999999964,0.0,1.928462,1.621366,1.95226,3.105844,-0.47772900000000007,-0.397848999999999,-0.3901160000000008,2.5532120000000003
2005-02-01,-0.38240964384033943,0.2557546151117193,0.25706955031008916,0.2594035177046749,-0.0019000000000000128,0.011099999999999888,0.16769999999999996,0.37139999999999995,0.09999999999999964,0.0,0.0,0.0,2.081525,1.775076,1.841387,2.95249,-1.3773780000000002,0.18252500000000005,0.04657200000000117,0.3497249999999994
2005-03-01,0.25510217916054256,0.3824096438403476,0.0,0.12944985626457955,0.05609999999999982,0.020999999999999908,0.10139999999999993,-0.18330000000000002,-0.09999999999999964,0.0,0.0,0.0,2.200956,1.928462,1.731091,2.800079,-0.2671349999999997,-0.47772900000000007,-0.12452600000000125,-0.5134720000000002
2005-04-01,0.3814372075470693,-0.38240964384033943,0.2564103968937634,0.387347159579684,-0.054199999999999804,-0.0019000000000000128,-0.0016999999999995907,-0.012599999999999945,0.0,0.09999999999999964,0.0,0.0,2.320006,2.081525,1.621366,2.648602,0.634029,-1.3773780000000002,-0.397848999999999,0.7415120000000002
2005-05-01,0.3799877909774621,0.25510217916054256,0.2557546151117193,0.3858525687529721,0.05069999999999997,0.05609999999999982,0.011099999999999888,0.3116000000000003,0.09999999999999964,-0.09999999999999964,0.0,0.0,2.438676,2.200956,1.775076,2.41488,0.11247000000000007,-0.2671349999999997,0.18252500000000005,0.12123500000000043
2005-06-01,0.3785493479481886,0.3814372075470693,0.3824096438403476,0.0,-0.10459999999999958,-0.054199999999999804,0.020999999999999908,0.15979999999999972,0.0,0.0,0.0,0.0,2.630705,2.320006,1.928462,2.182771,0.9779450000000001,0.634029,-0.47772900000000007,0.13834800000000058
2005-07-01,0.0,0.3799877909774621,-0.38240964384033943,-0.2570695503100866,0.08559999999999945,0.05069999999999997,-0.0019000000000000128,0.09949999999999992,-0.09999999999999964,0.09999999999999964,0.09999999999999964,-0.09999999999999964,2.822278,2.438676,2.081525,1.95226,0.5948879999999992,0.11247000000000007,-1.3773780000000002,-0.3901160000000008
2005-08-01,0.1258653407196106,0.3785493479481886,0.25510217916054256,0.25706955031008916,-0.038899999999999935,-0.10459999999999958,0.05609999999999982,0.16769999999999996,0.0,0.0,-0.09999999999999964,0.0,3.013395,2.630705,2.200956,1.841387,0.3135779999999997,0.9779450000000001,-0.2671349999999997,0.04657200000000117
2005-09-01,0.25125641358831385,0.0,0.3814372075470693,0.0,-0.17710000000000026,0.08559999999999945,-0.054199999999999804,0.10139999999999993,0.0,-0.09999999999999964,0.0,0.0,3.215571,2.822278,2.320006,1.731091,-0.376949999999999,0.5948879999999992,0.634029,-0.12452600000000125
2005-10-01,0.2506266976059759,0.1258653407196106,0.3799877909774621,0.2564103968937634,-0.027599999999999625,-0.038899999999999935,0.05069999999999997,-0.0016999999999995907,0.20000000000000018,0.0,0.09999999999999964,0.0,3.417134,3.013395,2.438676,1.621366,0.36366799999999877,0.3135779999999997,0.11247000000000007,-0.397848999999999
2005-11-01,0.1250781901652455,0.25125641358831385,0.3785493479481886,0.2557546151117193,-0.1253000000000002,-0.17710000000000026,-0.10459999999999958,0.011099999999999888,0.1999999999999993,0.0,0.0,0.0,3.618087,3.215571,2.630705,1.775076,1.317013000000001,-0.376949999999999,0.9779450000000001,0.18252500000000005
2005-12-01,0.0,0.2506266976059759,0.0,0.3824096438403476,0.12119999999999997,-0.027599999999999625,0.08559999999999945,0.020999999999999908,0.0,0.20000000000000018,-0.09999999999999964,0.0,3.476344,3.417134,2.822278,1.928462,-0.5008949999999999,0.36366799999999877,0.5948879999999992,-0.47772900000000007
2006-01-01,0.3742986278834297,0.1250781901652455,0.1258653407196106,-0.38240964384033943,0.09229999999999983,-0.1253000000000002,-0.038899999999999935,-0.0019000000000000128,0.0,0.1999999999999993,0.0,0.09999999999999964,3.335326,3.618087,3.013395,2.081525,0.3682829999999999,1.317013000000001,0.3135779999999997,-1.3773780000000002
2006-02-01,-0.3742986278834392,0.0,0.25125641358831385,0.25510217916054256,-0.15519999999999978,0.12119999999999997,-0.17710000000000026,0.05609999999999982,0.10000000000000053,0.0,0.0,-0.09999999999999964,3.195029,3.476344,3.215571,2.200956,-0.15456999999999965,-0.5008949999999999,-0.376949999999999,-0.2671349999999997
2006-03-01,0.24968801985871458,0.3742986278834297,0.2506266976059759,0.3814372075470693,-0.05739999999999945,0.09229999999999983,-0.027599999999999625,-0.054199999999999804,0.0,0.0,0.20000000000000018,0.0,3.000579,3.335326,3.417134,2.320006,-0.05877200000000116,0.3682829999999999,0.36366799999999877,0.634029
2006-04-01,0.24906613124518304,-0.3742986278834392,0.1250781901652455,0.3799877909774621,0.11469999999999914,-0.15519999999999978,-0.1253000000000002,0.05069999999999997,0.09999999999999964,0.10000000000000053,0.1999999999999993,0.09999999999999964,2.807202,3.195029,3.618087,2.438676,1.7211110000000005,-0.15456999999999965,1.317013000000001,0.11247000000000007
2006-05-01,0.619964787952543,0.24968801985871458,0.0,0.3785493479481886,-0.047399999999999665,-0.05739999999999945,0.12119999999999997,-0.10459999999999958,0.10000000000000053,0.0,0.0,0.0,2.614888,3.000579,3.476344,2.630705,0.45438000000000045,-0.05877200000000116,-0.5008949999999999,0.9779450000000001
2006-06-01,0.4932192489318872,0.24906613124518304,0.3742986278834297,0.0,0.016499999999999737,0.11469999999999914,0.09229999999999983,0.08559999999999945,0.09999999999999964,0.09999999999999964,0.0,-0.09999999999999964,2.354576,2.807202,3.335326,2.822278,-1.330591,1.7211110000000005,0.3682829999999999,0.5948879999999992
2006-07-01,0.2457003693052084,0.619964787952543,-0.3742986278834392,0.1258653407196106,0.06190000000000051,-0.047399999999999665,-0.15519999999999978,-0.038899999999999935,0.0,0.10000000000000053,0.10000000000000053,0.0,2.095851,2.614888,3.195029,3.013395,-0.6710790000000006,0.45438000000000045,-0.15456999999999965,0.3135779999999997
2006-08-01,0.0,0.4932192489318872,0.24968801985871458,0.25125641358831385,-0.025300000000000544,0.016499999999999737,-0.05739999999999945,-0.17710000000000026,0.0,0.09999999999999964,0.0,0.0,1.8387,2.354576,3.000579,3.215571,0.07885100000000023,-1.330591,-0.05877200000000116,-0.376949999999999
2006-09-01,0.36742233618843256,0.2457003693052084,0.24906613124518304,0.2506266976059759,0.2567000000000004,0.06190000000000051,0.11469999999999914,-0.027599999999999625,0.0,0.0,0.09999999999999964,0.20000000000000018,1.60515,2.095851,2.807202,3.417134,0.6719340000000003,-0.6710790000000006,1.7211110000000005,0.36366799999999877
2006-10-01,0.1221747250322513,0.0,0.619964787952543,0.1250781901652455,-0.013399999999999856,-0.025300000000000544,-0.047399999999999665,-0.1253000000000002,0.0,0.0,0.10000000000000053,0.1999999999999993,1.373218,1.8387,2.614888,3.618087,0.6346729999999994,0.07885100000000023,0.45438000000000045,1.317013000000001
2006-11-01,0.1220256405229369,0.36742233618843256,0.4932192489318872,0.0,0.03629999999999978,0.2567000000000004,0.016499999999999737,0.12119999999999997,-0.09999999999999964,0.0,0.09999999999999964,0.0,1.142886,1.60515,2.354576,3.476344,-0.048947000000000074,0.6719340000000003,-1.330591,-0.5008949999999999
2006-12-01,0.2436054797881121,0.1221747250322513,0.2457003693052084,0.3742986278834297,0.17130000000000045,-0.013399999999999856,0.06190000000000051,0.09229999999999983,0.09999999999999964,0.0,0.0,0.0,1.391256,1.373218,2.095851,3.335326,0.25603700000000096,0.6346729999999994,-0.6710790000000006,0.3682829999999999
2007-01-01,0.4854378464798143,0.1220256405229369,0.0,-0.3742986278834392,0.08759999999999923,0.03629999999999978,-0.025300000000000544,-0.15519999999999978,0.0,-0.09999999999999964,0.0,0.10000000000000053,1.639032,1.142886,1.8387,3.195029,-0.177759,-0.048947000000000074,0.07885100000000023,-0.15456999999999965
2007-02-01,-0.6071664068549796,0.2436054797881121,0.36742233618843256,0.24968801985871458,0.13870000000000005,0.17130000000000045,0.2567000000000004,-0.05739999999999945,0.0,0.09999999999999964,0.0,0.0,1.886215,1.391256,1.60515,3.000579,0.16546199999999978,0.25603700000000096,0.6719340000000003,-0.05877200000000116
2007-03-01,0.3647420457043568,0.4854378464798143,0.1221747250322513,0.24906613124518304,0.09520000000000017,0.08759999999999923,-0.013399999999999856,0.11469999999999914,0.0,0.0,0.0,0.09999999999999964,2.115278,1.639032,1.373218,2.807202,0.07425499999999907,-0.177759,0.6346729999999994,1.7211110000000005
2007-04-01,0.4842624475787991,-0.6071664068549796,0.1220256405229369,0.619964787952543,-0.015099999999999447,0.13870000000000005,0.03629999999999978,-0.047399999999999665,0.0,0.0,-0.09999999999999964,0.10000000000000053,2.343936,1.886215,1.142886,2.614888,-0.9949149999999989,0.16546199999999978,-0.048947000000000074,0.45438000000000045
2007-05-01,0.36166404701885146,0.3647420457043568,0.2436054797881121,0.4932192489318872,-0.011700000000000266,0.09520000000000017,0.17130000000000045,0.016499999999999737,-0.09999999999999964,0.0,0.09999999999999964,0.09999999999999964,2.572192,2.115278,1.391256,2.354576,-0.1909270000000003,0.07425499999999907,0.25603700000000096,-1.330591
2007-06-01,0.24038473113944595,0.4842624475787991,0.4854378464798143,0.2457003693052084,0.18630000000000013,-0.015099999999999447,0.08759999999999923,0.06190000000000051,0.0,0.0,0.0,0.0,2.840504,2.343936,1.639032,2.095851,1.7486549999999994,-0.9949149999999989,-0.177759,-0.6710790000000006
2007-07-01,0.2398082684012846,0.36166404701885146,-0.6071664068549796,0.0,0.13149999999999995,-0.011700000000000266,0.13870000000000005,-0.025300000000000544,-0.10000000000000053,-0.09999999999999964,0.0,0.0,3.108536,2.572192,1.886215,1.8387,0.9739140000000006,-0.1909270000000003,0.16546199999999978,0.07885100000000023
2007-08-01,-0.4801929995407306,0.24038473113944595,0.3647420457043568,0.36742233618843256,0.23409999999999975,0.18630000000000013,0.09520000000000017,0.2567000000000004,0.0,0.0,0.0,0.0,3.376288,2.840504,2.115278,1.60515,-0.034895999999999816,1.7486549999999994,0.07425499999999907,0.6719340000000003
2007-09-01,0.3603607503298618,0.2398082684012846,0.4842624475787991,0.1221747250322513,0.06930000000000014,0.13149999999999995,-0.015099999999999447,-0.013399999999999856,0.0,-0.10000000000000053,0.0,0.0,3.544794,3.108536,2.343936,1.373218,0.0605879999999992,0.9739140000000006,-0.9949149999999989,0.6346729999999994
2007-10-01,0.11983224921087163,-0.4801929995407306,0.36166404701885146,0.1220256405229369,-0.08809999999999985,0.23409999999999975,-0.011700000000000266,0.03629999999999978,-0.09999999999999964,0.0,-0.09999999999999964,-0.09999999999999964,3.712901,3.376288,2.572192,1.142886,-0.8380729999999996,-0.034895999999999816,-0.1909270000000003,-0.048947000000000074
2007-11-01,0.3586375631227432,0.3603607503298618,0.24038473113944595,0.2436054797881121,-0.0495000000000001,0.06930000000000014,0.18630000000000013,0.17130000000000045,0.0,0.0,0.0,0.09999999999999964,3.880612,3.544794,2.840504,1.391256,-1.6761370000000007,0.0605879999999992,1.7486549999999994,0.25603700000000096
2007-12-01,0.3573559490864922,0.11983224921087163,0.2398082684012846,0.4854378464798143,0.014100000000000001,-0.08809999999999985,0.13149999999999995,0.08759999999999923,0.0,-0.09999999999999964,-0.10000000000000053,0.0,3.630954,3.712901,3.108536,1.639032,-0.5247039999999998,-0.8380729999999996,0.9739140000000006,-0.177759
2008-01-01,0.47449673842259543,0.3586375631227432,-0.4801929995407306,-0.6071664068549796,-0.19280000000000008,-0.0495000000000001,0.23409999999999975,0.13870000000000005,0.0,0.0,0.0,0.0,3.383109,3.880612,3.376288,1.886215,0.5956440000000001,-1.6761370000000007,-0.034895999999999816,0.16546199999999978
2008-02-01,-0.4744967384225861,0.3573559490864922,0.3603607503298618,0.3647420457043568,-0.09149999999999991,0.014100000000000001,0.06930000000000014,0.09520000000000017,0.0,0.0,0.0,0.0,3.137058,3.630954,3.544794,2.115278,1.8077699999999997,-0.5247039999999998,0.0605879999999992,0.07425499999999907
2008-03-01,0.5927699633275206,0.47449673842259543,0.11983224921087163,0.4842624475787991,-0.17269999999999985,-0.19280000000000008,-0.08809999999999985,-0.015099999999999447,0.0,0.0,-0.09999999999999964,0.0,2.630844,3.383109,3.712901,2.343936,1.4693510000000014,0.5956440000000001,-0.8380729999999996,-0.9949149999999989
2008-04-01,0.35398267051242077,-0.4744967384225861,0.3586375631227432,0.36166404701885146,-0.024399999999999977,-0.09149999999999991,-0.0495000000000001,-0.011700000000000266,0.09999999999999964,0.0,0.0,-0.09999999999999964,2.127783,3.137058,3.880612,2.572192,-0.05592100000000144,1.8077699999999997,-1.6761370000000007,-0.1909270000000003
2008-05-01,0.8211189830394624,0.5927699633275206,0.3573559490864922,0.24038473113944595,-0.22780000000000022,-0.17269999999999985,0.014100000000000001,0.18630000000000013,-0.09999999999999964,0.0,0.0,0.0,1.627847,2.630844,3.630954,2.840504,-0.24019199999999863,1.4693510000000014,-0.5247039999999998,1.7486549999999994
2008-06-01,0.5824128285988713,0.35398267051242077,0.47449673842259543,0.2398082684012846,-0.04860000000000042,-0.024399999999999977,-0.19280000000000008,0.13149999999999995,0.20000000000000018,0.09999999999999964,0.0,-0.10000000000000053,0.755211,2.127783,3.383109,3.108536,-1.4073770000000003,-0.05592100000000144,0.5956440000000001,0.9739140000000006
2008-07-01,0.5790404134704308,0.8211189830394624,-0.4744967384225861,-0.4801929995407306,0.001200000000000756,-0.22780000000000022,-0.09149999999999991,0.23409999999999975,0.09999999999999964,-0.09999999999999964,0.0,0.0,-0.111976,1.627847,3.137058,3.376288,-1.1852289999999996,-0.24019199999999863,1.8077699999999997,-0.034895999999999816
2008-08-01,0.0,0.5824128285988713,0.5927699633275206,0.3603607503298618,-0.022700000000000387,-0.04860000000000042,-0.17269999999999985,0.06930000000000014,0.20000000000000018,0.20000000000000018,0.0,0.0,-0.973767,0.755211,2.630844,3.544794,-0.9370630000000002,-1.4073770000000003,1.4693510000000014,0.0605879999999992
2008-09-01,0.5757068290067724,0.5790404134704308,0.35398267051242077,0.11983224921087163,-0.012900000000000134,0.001200000000000756,-0.024399999999999977,-0.08809999999999985,0.20000000000000018,0.09999999999999964,0.09999999999999964,-0.09999999999999964,-1.948485,-0.111976,2.127783,3.712901,-0.22327300000000072,-1.1852289999999996,-0.05592100000000144,-0.8380729999999996
2008-10-01,0.45819095051117653,0.0,0.8211189830394624,0.3586375631227432,-0.10449999999999982,-0.022700000000000387,-0.22780000000000022,-0.0495000000000001,0.09999999999999964,0.20000000000000018,-0.09999999999999964,0.0,-2.917741,-0.973767,1.627847,3.880612,-0.16550900000000013,-0.9370630000000002,-0.24019199999999863,-1.6761370000000007
2008-11-01,-0.22883305180122737,0.5757068290067724,0.5824128285988713,0.3573559490864922,-0.48099999999999987,-0.012900000000000134,-0.04860000000000042,0.014100000000000001,0.20000000000000018,0.20000000000000018,0.20000000000000018,0.0,-3.881582,-1.948485,0.755211,3.630954,2.055506000000001,-0.22327300000000072,-1.4073770000000003,-0.5247039999999998
2008-12-01,0.0,0.45819095051117653,0.5790404134704308,0.47449673842259543,-1.6269,-0.10449999999999982,0.001200000000000756,-0.19280000000000008,0.20000000000000018,0.09999999999999964,0.09999999999999964,0.0,-4.648579,-2.917741,-0.111976,3.383109,3.3027239999999995,-0.16550900000000013,-1.1852289999999996,0.5956440000000001
2009-01-01,-0.2293578987099401,-0.22883305180122737,0.0,-0.4744967384225861,-1.1321,-0.48099999999999987,-0.022700000000000387,-0.09149999999999991,0.09999999999999964,0.20000000000000018,0.20000000000000018,0.0,-5.413668,-3.881582,-0.973767,3.137058,0.6554910000000014,2.055506000000001,-0.9370630000000002,1.8077699999999997
2009-02-01,-0.5757068290067638,0.0,0.5757068290067724,0.5927699633275206,-0.3265,-1.6269,-0.012900000000000134,-0.17269999999999985,0.20000000000000018,0.20000000000000018,0.20000000000000018,0.0,-6.176857,-4.648579,-1.948485,2.630844,-1.0020060000000015,3.3027239999999995,-0.22327300000000072,1.4693510000000014
2009-03-01,0.6904515346544485,-0.2293578987099401,0.45819095051117653,0.35398267051242077,-0.4287000000000001,-1.1321,-0.10449999999999982,-0.024399999999999977,0.39999999999999947,0.09999999999999964,0.09999999999999964,0.09999999999999964,-6.099307,-5.413668,-2.917741,2.127783,-1.2511770000000002,0.6554910000000014,-0.16550900000000013,-0.05592100000000144
2009-04-01,0.11461319306225416,-0.5757068290067638,-0.22883305180122737,0.8211189830394624,-0.3749,-0.3265,-0.48099999999999987,-0.22780000000000022,0.20000000000000018,0.20000000000000018,0.20000000000000018,-0.09999999999999964,-6.021478,-6.176857,-3.881582,1.627847,-1.389106,-1.0020060000000015,2.055506000000001,-0.24019199999999863
2009-05-01,0.2288330518012216,0.6904515346544485,0.0,0.5824128285988713,-0.11249999999999999,-0.4287000000000001,-1.6269,-0.04860000000000042,0.2999999999999998,0.39999999999999947,0.20000000000000018,0.20000000000000018,-5.94337,-6.099307,-4.648579,0.755211,-1.9143640000000008,-1.2511770000000002,3.3027239999999995,-1.4073770000000003
2009-06-01,0.45610113275626674,0.11461319306225416,-0.2293578987099401,0.5790404134704308,0.003400000000000014,-0.3749,-1.1321,0.001200000000000756,0.20000000000000018,0.20000000000000018,0.09999999999999964,0.09999999999999964,-5.386714,-6.021478,-5.413668,-0.111976,-1.4075929999999985,-1.389106,0.6554910000000014,-1.1852289999999996
2009-07-01,0.22727282510023972,0.2288330518012216,-0.5757068290067638,0.0,0.0025000000000000022,-0.11249999999999999,-0.3265,-0.022700000000000387,0.10000000000000053,0.2999999999999998,0.20000000000000018,0.20000000000000018,-4.823897,-5.94337,-6.176857,-0.973767,-0.927365,-1.9143640000000008,-1.0020060000000015,-0.9370630000000002
2009-08-01,-0.11357184639272686,0.45610113275626674,0.6904515346544485,0.5757068290067724,0.0015000000000000013,0.003400000000000014,-0.4287000000000001,-0.012900000000000134,0.0,0.20000000000000018,0.39999999999999947,0.20000000000000018,-4.254819,-5.386714,-6.099307,-1.948485,-0.15833200000000147,-1.4075929999999985,-1.2511770000000002,-0.22327300000000072
2009-09-01,0.3403293131707865,0.22727282510023972,0.11461319306225416,0.45819095051117653,0.004699999999999982,0.0025000000000000022,-0.3749,-0.10449999999999982,-0.10000000000000053,0.10000000000000053,0.20000000000000018,0.09999999999999964,-3.467549,-4.823897,-6.021478,-2.917741,0.04085400000000128,-0.927365,-1.389106,-0.16550900000000013
2009-10-01,0.0,-0.11357184639272686,0.2288330518012216,-0.22883305180122737,0.00820000000000004,0.0015000000000000013,-0.11249999999999999,-0.48099999999999987,0.10000000000000053,0.0,0.2999999999999998,0.20000000000000018,-2.669014,-4.254819,-5.94337,-3.881582,0.49048799999999915,-0.15833200000000147,-1.9143640000000008,2.055506000000001
2009-11-01,0.11318620336835526,0.3403293131707865,0.45610113275626674,0.0,0.01699999999999996,0.004699999999999982,0.003400000000000014,-1.6269,-0.10000000000000053,-0.10000000000000053,0.20000000000000018,0.20000000000000018,-1.858972,-3.467549,-5.386714,-4.648579,-0.8886059999999993,0.04085400000000128,-1.4075929999999985,3.3027239999999995
2009-12-01,0.2259887967437283,0.0,0.22727282510023972,-0.2293578987099401,0.0037000000000000366,0.00820000000000004,0.0025000000000000022,-1.1321,0.0,0.10000000000000053,0.10000000000000053,0.09999999999999964,-0.916143,-2.669014,-4.823897,-5.413668,-2.7871940000000004,0.49048799999999915,-0.927365,0.6554910000000014
2010-01-01,0.33802849088236914,0.11318620336835526,-0.11357184639272686,-0.5757068290067638,-0.0017000000000000348,0.01699999999999996,0.0015000000000000013,-0.3265,-0.09999999999999964,-0.10000000000000053,0.0,0.20000000000000018,0.039574,-1.858972,-4.254819,-6.176857,-2.5913709999999996,-0.8886059999999993,-0.15833200000000147,-1.0020060000000015
2010-02-01,-0.11254925217345915,0.2259887967437283,0.3403293131707865,0.6904515346544485,0.005300000000000027,0.0037000000000000366,0.004699999999999982,-0.4287000000000001,0.20000000000000018,0.0,-0.10000000000000053,0.39999999999999947,1.008446,-0.916143,-3.467549,-6.099307,2.207898,-2.7871940000000004,0.04085400000000128,-1.2511770000000002
2010-03-01,0.22497197340155461,0.33802849088236914,0.0,0.11461319306225416,0.012699999999999989,-0.0017000000000000348,0.00820000000000004,-0.3749,0.09999999999999964,-0.09999999999999964,0.10000000000000053,0.20000000000000018,1.490883,0.039574,-2.669014,-6.021478,3.848407999999999,-2.5913709999999996,0.49048799999999915,-1.389106
2010-04-01,0.4484312447328586,-0.11254925217345915,0.11318620336835526,0.2288330518012216,0.0040999999999999925,0.005300000000000027,0.01699999999999996,-0.11249999999999999,0.0,0.20000000000000018,-0.10000000000000053,0.2999999999999998,1.974251,1.008446,-1.858972,-5.94337,0.3785810000000005,2.207898,-0.8886059999999993,-1.9143640000000008
2010-05-01,0.5577259298106215,0.22497197340155461,0.2259887967437283,0.45610113275626674,0.0013000000000000234,0.012699999999999989,0.0037000000000000366,0.003400000000000014,-0.09999999999999964,0.09999999999999964,0.0,0.20000000000000018,2.458555,1.490883,-0.916143,-5.386714,-0.18471599999999988,3.848407999999999,-2.7871940000000004,-1.4075929999999985
2010-06-01,0.22222231367175171,0.4484312447328586,0.33802849088236914,0.22727282510023972,0.0116,0.0040999999999999925,-0.0017000000000000348,0.0025000000000000022,0.0,0.0,-0.09999999999999964,0.10000000000000053,2.616894,1.974251,0.039574,-4.823897,0.35161399999999965,0.3785810000000005,-2.5913709999999996,-0.927365
2010-07-01,0.11092624542857557,0.5577259298106215,-0.11254925217345915,-0.11357184639272686,0.002799999999999969,0.0013000000000000234,0.005300000000000027,0.0015000000000000013,-0.10000000000000053,-0.09999999999999964,0.20000000000000018,0.0,2.775103,2.458555,1.008446,-4.254819,0.43772200000000083,-0.18471599999999988,2.207898,-0.15833200000000147
2010-08-01,-0.2219756738312888,0.22222231367175171,0.22497197340155461,0.3403293131707865,0.0030000000000000027,0.0116,0.012699999999999989,0.004699999999999982,0.0,0.0,0.09999999999999964,-0.10000000000000053,2.93318,2.616894,1.490883,-3.467549,-0.29196000000000133,0.35161399999999965,3.848407999999999,0.04085400000000128
2010-09-01,0.4434597067865775,0.11092624542857557,0.4484312447328586,0.0,0.0010000000000000009,0.002799999999999969,0.0040999999999999925,0.00820000000000004,0.0,-0.10000000000000053,0.0,0.10000000000000053,2.836253,2.775103,1.974251,-2.669014,-1.1291459999999987,0.43772200000000083,0.3785810000000005,0.49048799999999915
2010-10-01,0.0,-0.2219756738312888,0.5577259298106215,0.11318620336835526,0.010000000000000009,0.0030000000000000027,0.0013000000000000234,0.01699999999999996,0.10000000000000053,0.0,-0.09999999999999964,-0.10000000000000053,2.739541,2.93318,2.458555,-1.858972,-1.2613240000000001,-0.29196000000000133,-0.18471599999999988,-0.8886059999999993
2010-11-01,0.220994565080267,0.4434597067865775,0.22222231367175171,0.2259887967437283,0.007299999999999973,0.0010000000000000009,0.0116,0.0037000000000000366,0.0,0.0,0.0,0.0,2.643043,2.836253,2.616894,-0.916143,-0.9982370000000005,-1.1291459999999987,0.35161399999999965,-2.7871940000000004
2010-12-01,0.33057881344996315,0.0,0.11092624542857557,0.33802849088236914,0.000300000000000078,0.010000000000000009,0.002799999999999969,-0.0017000000000000348,0.0,0.10000000000000053,-0.10000000000000053,-0.09999999999999964,2.412485,2.739541,2.775103,0.039574,-1.0212830000000004,-1.2613240000000001,0.43772200000000083,-2.5913709999999996
2011-01-01,0.8762378078986048,0.220994565080267,-0.2219756738312888,-0.11254925217345915,0.00869999999999993,0.007299999999999973,0.0030000000000000027,0.005300000000000027,0.0,0.0,0.0,0.20000000000000018,2.183211,2.643043,2.93318,1.008446,-0.6183239999999994,-0.9982370000000005,-0.29196000000000133,2.207898
2011-02-01,0.10899183640256005,0.33057881344996315,0.4434597067865775,0.22497197340155461,-0.011399999999999966,0.000300000000000078,0.0010000000000000009,0.012699999999999989,-0.10000000000000053,0.0,0.0,0.09999999999999964,1.955209,2.412485,2.836253,1.490883,-4.407389,-1.0212830000000004,-1.1291459999999987,3.848407999999999
2011-03-01,0.5431843882361601,0.8762378078986048,0.0,0.4484312447328586,0.0024999999999999467,0.00869999999999993,0.010000000000000009,0.0040999999999999925,0.0,0.0,0.10000000000000053,0.0,1.552238,2.183211,2.739541,1.974251,-4.2657419999999995,-0.6183239999999994,-1.2613240000000001,0.3785810000000005
2011-04-01,0.3245000143327137,0.10899183640256005,0.220994565080267,0.5577259298106215,0.007000000000000006,-0.011399999999999966,0.007299999999999973,0.0013000000000000234,-0.09999999999999964,-0.10000000000000053,0.0,-0.09999999999999964,1.152312,1.955209,2.643043,2.458555,0.20029399999999997,-4.407389,-0.9982370000000005,-0.18471599999999988
2011-05-01,0.7530966201164432,0.5431843882361601,0.33057881344996315,0.22222231367175171,0.008600000000000052,0.0024999999999999467,0.000300000000000078,0.0116,0.09999999999999964,0.0,0.0,0.0,0.755397,1.552238,2.412485,2.616894,1.057719,-4.2657419999999995,-1.0212830000000004,0.35161399999999965
2011-06-01,0.21413284413432995,0.3245000143327137,0.8762378078986048,0.11092624542857557,-0.0022999999999999687,0.007000000000000006,0.00869999999999993,0.002799999999999969,0.10000000000000053,-0.09999999999999964,0.0,-0.10000000000000053,0.616612,1.152312,2.183211,2.775103,0.654134,0.20029399999999997,-0.6183239999999994,0.43772200000000083
2011-07-01,0.0,0.7530966201164432,0.10899183640256005,-0.2219756738312888,0.009399999999999964,0.008600000000000052,-0.011399999999999966,0.0030000000000000027,0.09999999999999964,0.09999999999999964,-0.10000000000000053,0.0,0.478369,0.755397,1.955209,2.93318,-0.03430700000000009,1.057719,-4.407389,-0.29196000000000133
2011-08-01,0.0,0.21413284413432995,0.5431843882361601,0.4434597067865775,-0.008299999999999974,-0.0022999999999999687,0.0024999999999999467,0.0010000000000000009,0.1999999999999993,0.10000000000000053,0.0,0.0,0.340665,0.616612,1.552238,2.836253,-0.28100400000000003,0.654134,-4.2657419999999995,-1.1291459999999987
2011-09-01,0.42689499195760144,0.0,0.3245000143327137,0.0,0.015199999999999991,0.009399999999999964,0.007000000000000006,0.010000000000000009,0.10000000000000142,0.09999999999999964,-0.09999999999999964,0.10000000000000053,0.351448,0.478369,1.152312,2.739541,0.15561200000000008,-0.03430700000000009,0.20029399999999997,-1.2613240000000001
2011-10-01,0.6369448285479707,0.0,0.7530966201164432,0.220994565080267,0.010599999999999943,-0.008299999999999974,0.008600000000000052,0.007299999999999973,0.09999999999999964,0.1999999999999993,0.09999999999999964,0.0,0.362228,0.340665,0.755397,2.643043,0.277539,-0.28100400000000003,1.057719,-0.9982370000000005
2011-11-01,0.0,0.42689499195760144,0.21413284413432995,0.33057881344996315,-0.012799999999999923,0.015199999999999991,-0.0022999999999999687,0.000300000000000078,0.09999999999999964,0.10000000000000142,0.10000000000000053,0.0,0.373004,0.351448,0.616612,2.412485,-0.7475340000000001,0.15561200000000008,0.654134,-1.0212830000000004
2011-12-01,0.21141656923355565,0.6369448285479707,0.0,0.8762378078986048,-0.001100000000000101,0.010599999999999943,0.009399999999999964,0.00869999999999993,-0.09999999999999964,0.09999999999999964,0.09999999999999964,0.0,0.633696,0.362228,0.478369,2.183211,-0.433246,0.277539,-0.03430700000000009,-0.6183239999999994
2012-01-01,0.3162891408508217,0.0,0.0,0.10899183640256005,-0.014599999999999946,-0.012799999999999923,-0.008299999999999974,-0.011399999999999966,-0.09999999999999964,0.09999999999999964,0.1999999999999993,-0.10000000000000053,0.894104,0.373004,0.340665,1.955209,0.05837899999999996,-0.7475340000000001,-0.28100400000000003,-4.407389
2012-02-01,-0.31628914085081955,0.21141656923355565,0.42689499195760144,0.5431843882361601,-0.0043999999999999595,-0.001100000000000101,0.015199999999999991,0.0024999999999999467,0.0,-0.09999999999999964,0.10000000000000142,0.0,1.154227,0.633696,0.351448,1.552238,0.31359500000000007,-0.433246,0.15561200000000008,-4.2657419999999995
2012-03-01,0.5265941605287048,0.3162891408508217,0.6369448285479707,0.3245000143327137,-0.016400000000000026,-0.014599999999999946,0.010599999999999943,0.007000000000000006,-0.10000000000000142,-0.09999999999999964,0.09999999999999964,-0.09999999999999964,1.152529,0.894104,0.362228,1.152312,-0.21422699999999995,0.05837899999999996,0.277539,0.20029399999999997
2012-04-01,0.20986366569212053,-0.31628914085081955,0.0,0.7530966201164432,-0.00930000000000003,-0.0043999999999999595,-0.012799999999999923,0.008600000000000052,0.0,0.0,0.09999999999999964,0.09999999999999964,1.150832,1.154227,0.373004,0.755397,-1.022161,0.31359500000000007,-0.7475340000000001,1.057719
2012-05-01,0.522740343515173,0.5265941605287048,0.21141656923355565,0.21413284413432995,-0.0039000000000000146,-0.016400000000000026,-0.001100000000000101,-0.0022999999999999687,-0.09999999999999964,-0.10000000000000142,-0.09999999999999964,0.10000000000000053,1.149133,1.152529,0.633696,0.616612,0.165651,-0.21422699999999995,-0.433246,0.654134
2012-06-01,0.0,0.20986366569212053,0.3162891408508217,0.0,-0.0012999999999999678,-0.00930000000000003,-0.014599999999999946,0.009399999999999964,-0.09999999999999964,0.0,-0.09999999999999964,0.09999999999999964,1.439744,1.150832,0.894104,0.478369,0.40256500000000006,-1.022161,0.05837899999999996,-0.03430700000000009
2012-07-01,-0.31331618320370425,0.522740343515173,-0.31628914085081955,0.0,0.0010999999999999899,-0.0039000000000000146,-0.0043999999999999595,-0.008299999999999974,0.0,-0.09999999999999964,0.0,0.1999999999999993,1.730019,1.149133,1.154227,0.340665,0.08927899999999989,0.165651,0.31359500000000007,-0.28100400000000003
2012-08-01,0.10454784015529657,0.0,0.5265941605287048,0.42689499195760144,-0.021299999999999986,-0.0012999999999999678,-0.016400000000000026,0.015199999999999991,-0.09999999999999964,-0.09999999999999964,-0.10000000000000142,0.10000000000000142,2.019958,1.439744,1.152529,0.351448,0.4893270000000003,0.40256500000000006,-0.21422699999999995,0.15561200000000008
2012-09-01,0.41710175173381037,-0.31331618320370425,0.20986366569212053,0.6369448285479707,-0.014600000000000002,0.0010999999999999899,-0.00930000000000003,0.010599999999999943,-0.10000000000000053,0.0,0.0,0.09999999999999964,1.942723,1.730019,1.150832,0.362228,0.23349999999999982,0.08927899999999989,-1.022161,0.277539
2012-10-01,0.3116885640253148,0.10454784015529657,0.522740343515173,0.0,-0.02290000000000003,-0.021299999999999986,-0.0039000000000000146,-0.012799999999999923,0.0,-0.09999999999999964,-0.09999999999999964,0.09999999999999964,1.86553,2.019958,1.149133,0.373004,-0.027530999999999972,0.4893270000000003,0.165651,-0.7475340000000001
2012-11-01,0.4140792666031387,0.41710175173381037,0.0,0.21141656923355565,0.006300000000000028,-0.014600000000000002,-0.0012999999999999678,-0.001100000000000101,0.0,-0.10000000000000053,-0.09999999999999964,-0.09999999999999964,1.78838,1.942723,1.439744,0.633696,0.8725240000000001,0.23349999999999982,0.40256500000000006,-0.433246
2012-12-01,0.20639842208514275,0.3116885640253148,-0.31331618320370425,0.3162891408508217,-0.007800000000000029,-0.02290000000000003,0.0010999999999999899,-0.014599999999999946,0.0,0.0,0.0,-0.09999999999999964,1.558968,1.86553,1.730019,0.894104,0.638178,-0.027530999999999972,0.08927899999999989,0.05837899999999996
2013-01-01,0.3088010688576545,0.4140792666031387,0.10454784015529657,-0.31628914085081955,0.005300000000000027,0.006300000000000028,-0.021299999999999986,-0.0043999999999999595,0.0,0.0,-0.09999999999999964,0.0,1.330991,1.78838,2.019958,1.154227,1.4514690000000001,0.8725240000000001,0.4893270000000003,0.31359500000000007
2013-02-01,-0.3088010688576505,0.20639842208514275,0.41710175173381037,0.5265941605287048,-0.021199999999999997,-0.007800000000000029,-0.014600000000000002,-0.016400000000000026,0.20000000000000018,0.0,-0.10000000000000053,-0.10000000000000142,1.104434,1.558968,1.942723,1.152529,1.5670969999999997,0.638178,0.23349999999999982,-0.21422699999999995
2013-03-01,0.5141399500418652,0.3088010688576545,0.3116885640253148,0.20986366569212053,0.01639999999999997,0.005300000000000027,-0.02290000000000003,-0.00930000000000003,-0.20000000000000018,0.0,0.0,0.0,1.346497,1.330991,1.86553,1.150832,0.8205060000000004,1.4514690000000001,-0.027530999999999972,-1.022161
2013-04-01,0.30721990369700586,-0.3088010688576505,0.4140792666031387,0.522740343515173,0.009200000000000041,-0.021199999999999997,0.006300000000000028,-0.0039000000000000146,0.0,0.20000000000000018,0.0,-0.09999999999999964,1.588646,1.104434,1.78838,1.149133,0.7598699999999994,1.5670969999999997,0.8725240000000001,0.165651
2013-05-01,0.2042901629800331,0.5141399500418652,0.20639842208514275,0.0,0.0042999999999999705,0.01639999999999997,-0.007800000000000029,-0.0012999999999999678,-0.09999999999999964,-0.20000000000000018,0.0,-0.09999999999999964,1.830881,1.346497,1.558968,1.439744,-0.1868539999999994,0.8205060000000004,0.638178,0.40256500000000006
2013-06-01,0.2038736689848309,0.30721990369700586,0.3088010688576545,-0.31331618320370425,-0.006000000000000005,0.009200000000000041,0.005300000000000027,0.0010999999999999899,0.0,0.0,0.0,0.0,1.739491,1.588646,1.330991,1.730019,0.0021119999999994477,0.7598699999999994,1.4514690000000001,0.08927899999999989
2013-07-01,-0.20387366898483172,0.2042901629800331,-0.3088010688576505,0.10454784015529657,-0.008399999999999963,0.0042999999999999705,-0.021199999999999997,-0.021299999999999986,0.0,-0.09999999999999964,0.20000000000000018,-0.09999999999999964,1.648727,1.830881,1.104434,2.019958,0.549207,-0.1868539999999994,1.5670969999999997,0.4893270000000003
2013-08-01,0.0,0.2038736689848309,0.5141399500418652,0.41710175173381037,0.00489999999999996,-0.006000000000000005,0.01639999999999997,-0.014600000000000002,0.0,0.0,-0.20000000000000018,-0.10000000000000053,1.558585,1.739491,1.346497,1.942723,0.23985900000000004,0.0021119999999994477,0.8205060000000004,0.23349999999999982
2013-09-01,0.4073325387635869,-0.20387366898483172,0.30721990369700586,0.3116885640253148,-0.0030999999999999917,-0.008399999999999963,0.009200000000000041,-0.02290000000000003,-0.10000000000000053,0.0,0.0,0.0,1.830829,1.648727,1.588646,1.86553,0.17415500000000073,0.549207,0.7598699999999994,-0.027530999999999972
2013-10-01,0.30441423812280516,0.0,0.2042901629800331,0.4140792666031387,0.0029000000000000137,0.00489999999999996,0.0042999999999999705,0.006300000000000028,-0.1999999999999993,0.0,-0.09999999999999964,0.0,2.103336,1.558585,1.830881,1.78838,-0.3449080000000002,0.23985900000000004,-0.1868539999999994,0.8725240000000001
2013-11-01,0.10126583143861856,0.4073325387635869,0.2038736689848309,0.20639842208514275,0.0014000000000000123,-0.0030999999999999917,-0.006000000000000005,-0.007800000000000029,-0.20000000000000018,-0.10000000000000053,0.0,0.0,2.376106,1.830829,1.739491,1.558968,-0.702102,0.17415500000000073,0.0021119999999994477,0.638178
2013-12-01,0.0,0.30441423812280516,-0.20387366898483172,0.3088010688576545,-0.0013000000000000234,0.0029000000000000137,-0.008399999999999963,0.005300000000000027,0.0,-0.1999999999999993,0.0,0.0,2.55878,2.103336,1.648727,1.330991,0.1763659999999998,-0.3449080000000002,0.549207,1.4514690000000001
2014-01-01,0.4040409537005127,0.10126583143861856,0.0,-0.3088010688576505,-0.008500000000000008,0.0014000000000000123,0.00489999999999996,-0.021199999999999997,-0.10000000000000053,-0.20000000000000018,0.0,0.20000000000000018,2.741132,2.376106,1.558585,1.104434,-1.195741,-0.702102,0.23985900000000004,1.5670969999999997
2014-02-01,-0.5053067851391178,0.0,0.4073325387635869,0.5141399500418652,0.00720000000000004,-0.0013000000000000234,-0.0030999999999999917,0.01639999999999997,-0.1999999999999993,0.0,-0.10000000000000053,-0.20000000000000018,2.923162,2.55878,1.830829,1.346497,-1.349438,0.1763659999999998,0.17415500000000073,0.8205060000000004
2014-03-01,0.4044494896506223,0.4040409537005127,0.30441423812280516,0.30721990369700586,-0.009000000000000008,-0.008500000000000008,0.0029000000000000137,0.009200000000000041,-0.20000000000000018,-0.10000000000000053,-0.1999999999999993,0.0,3.01755,2.741132,2.103336,1.588646,0.35117,-1.195741,-0.3449080000000002,0.7598699999999994
2014-04-01,0.2016129715184717,-0.5053067851391178,0.10126583143861856,0.2042901629800331,-0.0038000000000000256,0.00720000000000004,0.0014000000000000123,0.0042999999999999705,-0.10000000000000053,-0.1999999999999993,-0.20000000000000018,-0.09999999999999964,3.111521,2.923162,2.376106,1.830881,-0.730639,-1.349438,-0.702102,-0.1868539999999994
2014-05-01,0.30165935394255056,0.4044494896506223,0.0,0.2038736689848309,0.006099999999999994,-0.009000000000000008,-0.0013000000000000234,-0.006000000000000005,-0.1999999999999993,-0.20000000000000018,0.0,0.0,3.205079,3.01755,2.55878,1.739491,-1.2275770000000001,0.35117,0.1763659999999998,0.0021119999999994477
2014-06-01,0.0,0.2016129715184717,0.4040409537005127,-0.20387366898483172,0.0013000000000000234,-0.0038000000000000256,-0.008500000000000008,-0.008399999999999963,-0.10000000000000053,-0.10000000000000053,-0.10000000000000053,0.0,3.221526,3.111521,2.741132,1.648727,-0.62924,-0.730639,-1.195741,0.549207
2014-07-01,0.2006018726865766,0.30165935394255056,-0.5053067851391178,0.0,0.0017999999999999683,0.006099999999999994,0.00720000000000004,0.00489999999999996,-0.20000000000000018,-0.1999999999999993,-0.1999999999999993,0.0,3.23789,3.205079,2.923162,1.558585,-0.774911,-1.2275770000000001,-1.349438,0.23985900000000004
2014-08-01,-0.2006018726865743,0.0,0.4044494896506223,0.4073325387635869,0.003200000000000036,0.0013000000000000234,-0.009000000000000008,-0.0030999999999999917,-0.09999999999999964,-0.10000000000000053,-0.20000000000000018,-0.10000000000000053,3.254171,3.221526,3.01755,1.830829,-0.571135,-0.62924,0.35117,0.17415500000000073
2014-09-01,0.30075210639553224,0.2006018726865766,0.2016129715184717,0.30441423812280516,-0.005500000000000005,0.0017999999999999683,-0.0038000000000000256,0.0029000000000000137,0.0,-0.20000000000000018,-0.10000000000000053,-0.1999999999999993,3.25433,3.23789,3.111521,2.103336,-0.130911,-0.774911,-0.730639,-0.3449080000000002
2014-10-01,0.10005003335834001,-0.2006018726865743,0.30165935394255056,0.10126583143861856,0.009099999999999997,0.003200000000000036,0.006099999999999994,0.0014000000000000123,-0.09999999999999964,-0.09999999999999964,-0.1999999999999993,-0.20000000000000018,3.254488,3.254171,3.205079,2.376106,0.4887759999999999,-0.571135,-1.2275770000000001,-0.702102
2014-11-01,0.09995003330834232,0.30075210639553224,0.0,0.0,-0.0010999999999999899,-0.005500000000000005,0.0013000000000000234,-0.0013000000000000234,0.0,0.0,-0.10000000000000053,0.0,3.254645,3.25433,3.221526,2.55878,0.047124000000000166,-0.130911,-0.62924,0.1763659999999998
2014-12-01,-0.2000000666666999,0.10005003335834001,0.2006018726865766,0.4040409537005127,0.0016999999999999793,0.009099999999999997,0.0017999999999999683,-0.008500000000000008,-0.20000000000000018,-0.09999999999999964,-0.20000000000000018,-0.10000000000000053,3.083897,3.254488,3.23789,2.741132,-0.2089430000000001,0.4887759999999999,-0.774911,-1.195741
2015-01-01,0.0,0.09995003330834232,-0.2006018726865743,-0.5053067851391178,-0.004500000000000004,-0.0010999999999999899,0.003200000000000036,0.00720000000000004,-0.10000000000000053,0.0,-0.09999999999999964,-0.1999999999999993,2.914057,3.254645,3.254171,2.923162,0.72091,0.047124000000000166,-0.571135,-1.349438
2015-02-01,-0.703167136368079,-0.2000000666666999,0.30075210639553224,0.4044494896506223,0.007500000000000007,0.0016999999999999793,-0.005500000000000005,-0.009000000000000008,0.0,-0.20000000000000018,0.0,-0.20000000000000018,2.745116,3.083897,3.25433,3.01755,-0.17439700000000002,-0.2089430000000001,-0.130911,0.35117
2015-03-01,0.3019629873719891,0.0,0.10005003335834001,0.2016129715184717,0.015600000000000003,-0.004500000000000004,0.009099999999999997,-0.0038000000000000256,-0.09999999999999964,-0.10000000000000053,-0.09999999999999964,-0.10000000000000053,2.579771,2.914057,3.254488,3.111521,-1.407383,0.72091,0.4887759999999999,-0.730639
2015-04-01,0.10045204260054903,-0.703167136368079,0.09995003330834232,0.30165935394255056,0.005699999999999983,0.007500000000000007,-0.0010999999999999899,0.006099999999999994,0.0,0.0,0.0,-0.1999999999999993,2.415456,2.745116,3.254645,3.205079,0.84338,-0.17439700000000002,0.047124000000000166,-1.2275770000000001
2015-05-01,0.30075210639553224,0.3019629873719891,-0.2000000666666999,0.0,0.0005999999999999894,0.015600000000000003,0.0016999999999999793,0.0013000000000000234,0.09999999999999964,-0.09999999999999964,-0.20000000000000018,-0.10000000000000053,2.252163,2.579771,3.083897,3.221526,1.536089,-1.407383,-0.2089430000000001,-0.62924
2015-06-01,0.20000006666670214,0.10045204260054903,0.0,0.2006018726865766,0.0046000000000000485,0.005699999999999983,-0.004500000000000004,0.0017999999999999683,0.0,0.0,-0.10000000000000053,-0.20000000000000018,2.107258,2.415456,2.914057,3.23789,0.10317799999999999,0.84338,0.72091,-0.774911
2015-07-01,0.0,0.30075210639553224,-0.703167136368079,-0.2006018726865743,-0.005400000000000016,0.0005999999999999894,0.007500000000000007,0.003200000000000036,-0.09999999999999964,0.09999999999999964,0.0,-0.09999999999999964,1.963136,2.252163,2.745116,3.254171,-0.147864,1.536089,-0.17439700000000002,-0.571135
2015-08-01,-0.09995003330834994,0.20000006666670214,0.3019629873719891,0.30075210639553224,-0.0016999999999999793,0.0046000000000000485,0.015600000000000003,-0.005500000000000005,-0.09999999999999964,0.0,-0.09999999999999964,0.0,1.81979,2.107258,2.579771,3.25433,0.325446,0.10317799999999999,-1.407383,-0.130911
2015-09-01,0.2995508979798371,0.0,0.10045204260054903,0.10005003335834001,0.0040999999999999925,-0.005400000000000016,0.005699999999999983,0.009099999999999997,-0.10000000000000053,-0.09999999999999964,0.0,-0.09999999999999964,1.799254,1.963136,2.415456,3.254488,0.271139,-0.147864,0.84338,0.4887759999999999
2015-10-01,-0.09975063171254137,-0.09995003330834994,0.30075210639553224,0.09995003330834232,-0.004599999999999993,-0.0016999999999999793,0.0005999999999999894,-0.0010999999999999899,-0.09999999999999964,-0.09999999999999964,0.09999999999999964,0.0,1.778807,1.81979,2.252163,3.254645,-0.24350399999999997,0.325446,1.536089,0.047124000000000166
2015-11-01,0.09975063171253382,0.2995508979798371,0.20000006666670214,-0.2000000666666999,0.007799999999999974,0.0040999999999999925,0.0046000000000000485,0.0016999999999999793,-0.10000000000000053,-0.10000000000000053,0.0,-0.20000000000000018,1.75845,1.799254,2.107258,3.083897,0.38815600000000006,0.271139,0.10317799999999999,-0.2089430000000001
2015-12-01,0.0,-0.09975063171254137,0.0,0.0,0.0014000000000000123,-0.004599999999999993,-0.005400000000000016,-0.004500000000000004,0.0,-0.09999999999999964,-0.09999999999999964,-0.10000000000000053,1.826135,1.778807,1.963136,2.914057,0.21769499999999997,-0.24350399999999997,-0.147864,0.72091
2016-01-01,0.0996512289739076,0.09975063171253382,-0.09995003330834994,-0.703167136368079,-0.006099999999999994,0.007799999999999974,-0.0016999999999999793,0.007500000000000007,0.0,-0.10000000000000053,-0.09999999999999964,0.0,1.893683,1.75845,1.81979,2.745116,0.24964799999999998,0.38815600000000006,0.325446,-0.17439700000000002
2016-02-01,-0.4992521603120982,0.0,0.2995508979798371,0.3019629873719891,0.008399999999999963,0.0014000000000000123,0.0040999999999999925,0.015600000000000003,0.0,0.0,-0.10000000000000053,-0.09999999999999964,1.961095,1.826135,1.799254,2.579771,0.9916400000000001,0.21769499999999997,0.271139,-1.407383
2016-03-01,0.20000006666670214,0.0996512289739076,-0.09975063171254137,0.10045204260054903,-0.00019999999999997797,-0.006099999999999994,-0.004599999999999993,0.005699999999999983,0.0,0.0,-0.09999999999999964,0.0,2.055779,1.893683,1.778807,2.415456,1.216711,0.24964799999999998,-0.24350399999999997,0.84338
2016-04-01,0.29925209364539296,-0.4992521603120982,0.09975063171253382,0.30075210639553224,-0.0010999999999999899,0.008399999999999963,0.007799999999999974,0.0005999999999999894,-0.09999999999999964,0.0,-0.10000000000000053,0.09999999999999964,2.150176,1.961095,1.75845,2.252163,0.3050029999999997,0.9916400000000001,0.38815600000000006,1.536089
2016-05-01,0.19900504080097875,0.20000006666670214,0.0,0.20000006666670214,0.0016999999999999793,-0.00019999999999997797,0.0014000000000000123,0.0046000000000000485,-0.09999999999999964,0.0,0.0,0.0,2.244287,2.055779,1.826135,2.107258,-0.45131799999999966,1.216711,0.21769499999999997,0.10317799999999999
2016-06-01,0.1986097971629546,0.29925209364539296,0.0996512289739076,0.0,-0.0030000000000000027,-0.0010999999999999899,-0.006099999999999994,-0.005400000000000016,0.0,-0.09999999999999964,0.0,-0.09999999999999964,2.262579,2.150176,1.893683,1.963136,0.20423599999999986,0.3050029999999997,0.24964799999999998,-0.147864
2016-07-01,0.19821612039912026,0.19900504080097875,-0.4992521603120982,-0.09995003330834994,-0.003500000000000003,0.0016999999999999793,0.008399999999999963,-0.0016999999999999793,0.0,-0.09999999999999964,0.0,-0.09999999999999964,2.280824,2.244287,1.961095,1.81979,2.3938270000000004,-0.45131799999999966,0.9916400000000001,0.325446
2016-08-01,-0.09905894816960681,0.1986097971629546,0.20000006666670214,0.2995508979798371,-0.0020999999999999908,-0.0030000000000000027,-0.00019999999999997797,0.0040999999999999925,0.09999999999999964,0.0,0.0,-0.10000000000000053,2.299022,2.262579,2.055779,1.799254,2.2542099999999996,0.20423599999999986,1.216711,0.271139
2016-09-01,0.2968829493801849,0.19821612039912026,0.29925209364539296,-0.09975063171254137,-0.2099,-0.003500000000000003,-0.0010999999999999899,-0.004599999999999993,-0.20000000000000018,0.0,-0.09999999999999964,-0.09999999999999964,2.305738,2.280824,2.150176,1.778807,0.48821399999999926,2.3938270000000004,0.3050029999999997,-0.24350399999999997
2016-10-01,0.29600416284767256,-0.09905894816960681,0.19900504080097875,0.09975063171253382,-0.0348,-0.0020999999999999908,0.0016999999999999793,0.007799999999999974,0.0,0.09999999999999964,-0.09999999999999964,-0.10000000000000053,2.312427,2.299022,2.244287,1.75845,0.8272290000000009,2.2542099999999996,-0.45131799999999966,0.38815600000000006
2016-11-01,0.0984736662539338,0.2968829493801849,0.1986097971629546,0.0,-0.0010000000000000009,-0.2099,-0.0030000000000000027,0.0014000000000000123,0.0,-0.20000000000000018,0.0,0.0,2.31909,2.305738,2.262579,1.826135,0.9959690000000005,0.48821399999999926,0.20423599999999986,0.21769499999999997
2016-12-01,0.19665689720408472,0.29600416284767256,0.19821612039912026,0.0996512289739076,-0.0012000000000000066,-0.0348,-0.003500000000000003,-0.006099999999999994,-0.09999999999999964,0.0,0.0,0.0,2.472506,2.312427,2.280824,1.893683,0.4694319999999994,0.8272290000000009,2.3938270000000004,0.24964799999999998
2017-01-01,0.39215736531816436,0.0984736662539338,-0.09905894816960681,-0.4992521603120982,0.001700000000000007,-0.0010000000000000009,-0.0020999999999999908,0.008399999999999963,0.0,0.0,0.09999999999999964,0.0,2.625408,2.31909,2.299022,1.961095,-0.44340500000000027,0.9959690000000005,2.2542099999999996,0.9916400000000001
2017-02-01,-0.39215736531818024,0.19665689720408472,0.2968829493801849,0.20000006666670214,0.0010000000000000009,-0.0012000000000000066,-0.2099,-0.00019999999999997797,-0.10000000000000053,-0.09999999999999964,-0.20000000000000018,0.0,2.7778,2.472506,2.305738,2.055779,-0.45902000000000065,0.4694319999999994,0.48821399999999926,1.216711
2017-03-01,0.5876608488985191,0.39215736531816436,0.29600416284767256,0.29925209364539296,-0.002899999999999986,0.001700000000000007,-0.0348,-0.0010999999999999899,0.0,0.0,0.0,-0.09999999999999964,2.817977,2.625408,2.312427,2.150176,0.1083160000000003,-0.44340500000000027,0.8272290000000009,0.3050029999999997
2017-04-01,0.29254043291051357,-0.39215736531818024,0.0984736662539338,0.19900504080097875,-0.0011000000000000176,0.0010000000000000009,-0.0010000000000000009,0.0016999999999999793,-0.09999999999999964,-0.10000000000000053,0.0,-0.09999999999999964,2.857957,2.7778,2.31909,2.244287,0.476464,-0.45902000000000065,0.9959690000000005,-0.45131799999999966
2017-05-01,0.48567361129497544,0.5876608488985191,0.19665689720408472,0.1986097971629546,0.0019000000000000128,-0.002899999999999986,-0.0012000000000000066,-0.0030000000000000027,-0.09999999999999964,0.0,-0.09999999999999964,0.0,2.897743,2.817977,2.472506,2.262579,0.7311589999999999,0.1083160000000003,0.4694319999999994,0.20423599999999986
2017-06-01,0.290275965796141,0.29254043291051357,0.39215736531816436,0.19821612039912026,0.0012000000000000066,-0.0011000000000000176,0.001700000000000007,-0.003500000000000003,0.0,-0.09999999999999964,0.0,0.0,2.978321,2.857957,2.625408,2.280824,0.10733700000000113,0.476464,-0.44340500000000027,2.3938270000000004
2017-07-01,0.0,0.48567361129497544,-0.39215736531818024,-0.09905894816960681,-0.0005000000000000004,0.0019000000000000128,0.0010000000000000009,-0.0020999999999999908,-0.10000000000000053,-0.09999999999999964,-0.10000000000000053,0.09999999999999964,3.058664,2.897743,2.7778,2.299022,-1.973891,0.7311589999999999,-0.45902000000000065,2.2542099999999996
2017-08-01,0.0,0.290275965796141,0.5876608488985191,0.2968829493801849,0.0002999999999999947,0.0012000000000000066,-0.002899999999999986,-0.2099,0.0,0.0,0.0,-0.20000000000000018,3.13877,2.978321,2.817977,2.305738,-2.07702,0.10733700000000113,0.1083160000000003,0.48821399999999926
2017-09-01,0.4819286435948922,0.0,0.29254043291051357,0.29600416284767256,0.0007999999999999952,-0.0005000000000000004,-0.0011000000000000176,-0.0348,0.0,-0.10000000000000053,-0.09999999999999964,0.0,3.183902,3.058664,2.857957,2.312427,-0.19564500000000073,-1.973891,0.476464,0.8272290000000009
2017-10-01,0.28804628653540876,0.0,0.48567361129497544,0.0984736662539338,-0.0009000000000000119,0.0002999999999999947,0.0019000000000000128,-0.0010000000000000009,-0.09999999999999964,0.0,-0.09999999999999964,0.0,3.228849,3.13877,2.897743,2.31909,0.14437999999999995,-2.07702,0.7311589999999999,0.9959690000000005
2017-11-01,0.09583134418115972,0.4819286435948922,0.290275965796141,0.19665689720408472,-0.0012999999999999956,0.0007999999999999952,0.0012000000000000066,-0.0012000000000000066,0.09999999999999964,0.0,0.0,-0.09999999999999964,3.273611,3.183902,2.978321,2.472506,-0.44601499999999916,-0.19564500000000073,0.10733700000000113,0.4694319999999994
2017-12-01,0.2869442427952739,0.28804628653540876,0.0,0.39215736531816436,0.23829999999999998,-0.0009000000000000119,-0.0005000000000000004,0.001700000000000007,0.10000000000000053,-0.09999999999999964,-0.10000000000000053,0.0,2.973194,3.228849,3.058664,2.625408,-0.2517820000000004,0.14437999999999995,-1.973891,-0.44340500000000027
2018-01-01,0.2861232281032195,0.09583134418115972,0.0,-0.39215736531818024,0.0126,-0.0012999999999999956,0.0002999999999999947,0.0010000000000000009,-0.10000000000000053,0.09999999999999964,0.0,-0.10000000000000053,2.674674,3.273611,3.13877,2.7778,-0.042920999999999765,-0.44601499999999916,-2.07702,-0.45902000000000065
2018-02-01,-0.477327875265766,0.2869442427952739,0.4819286435948922,0.5876608488985191,0.0012000000000000344,0.23829999999999998,0.0007999999999999952,-0.002899999999999986,-0.09999999999999964,0.10000000000000053,0.0,0.0,2.378036,2.973194,3.183902,2.817977,0.004998999999999754,-0.2517820000000004,-0.19564500000000073,0.1083160000000003
2018-03-01,0.38204439973859494,0.2861232281032195,0.28804628653540876,0.29254043291051357,0.00029999999999996696,0.0126,-0.0009000000000000119,-0.0011000000000000176,0.0,-0.10000000000000053,-0.09999999999999964,-0.09999999999999964,2.161759,2.674674,3.228849,2.857957,-0.5052940000000001,-0.042920999999999765,0.14437999999999995,0.476464
2018-04-01,0.1904762480653882,-0.477327875265766,0.09583134418115972,0.48567361129497544,0.00030000000000002247,0.0012000000000000344,-0.0012999999999999956,0.0019000000000000128,0.0,-0.09999999999999964,0.09999999999999964,-0.09999999999999964,1.946706,2.378036,3.273611,2.897743,-1.7794410000000003,0.004998999999999754,-0.44601499999999916,0.7311589999999999
2018-05-01,0.3798675033215738,0.38204439973859494,0.2869442427952739,0.290275965796141,-0.0020000000000000018,0.00029999999999996696,0.23829999999999998,0.0012000000000000066,0.0,0.0,0.10000000000000053,0.0,1.732866,2.161759,2.973194,2.978321,-1.4880269999999998,-0.5052940000000001,-0.2517820000000004,0.10733700000000113
2018-06-01,0.3784299691239627,0.1904762480653882,0.2861232281032195,0.0,-0.008799999999999975,0.00030000000000002247,0.0126,-0.0005000000000000004,-0.20000000000000018,0.0,-0.10000000000000053,-0.10000000000000053,1.611165,1.946706,2.674674,3.058664,0.433462,-1.7794410000000003,-0.042920999999999765,-1.973891
2018-07-01,0.0,0.3798675033215738,-0.477327875265766,0.0,-0.0022000000000000353,-0.0020000000000000018,0.0012000000000000344,0.0002999999999999947,0.0,0.0,-0.09999999999999964,0.0,1.490012,1.732866,2.378036,3.13877,0.5995140000000001,-1.4880269999999998,0.004998999999999754,-2.07702
2018-08-01,0.0,0.3784299691239627,0.38204439973859494,0.4819286435948922,0.0038000000000000256,-0.008799999999999975,0.00029999999999996696,0.0007999999999999952,0.0,-0.20000000000000018,0.0,0.0,1.369401,1.611165,2.161759,3.183902,-0.3263349999999998,0.433462,-0.5052940000000001,-0.19564500000000073
2018-09-01,0.5649732542118907,0.0,0.1904762480653882,0.28804628653540876,0.23660000000000003,-0.0022000000000000353,0.00030000000000002247,-0.0009000000000000119,0.09999999999999964,0.0,0.0,-0.09999999999999964,1.160161,1.490012,1.946706,3.228849,-0.6540840000000001,0.5995140000000001,-1.7794410000000003,0.14437999999999995
2018-10-01,0.09385265822642867,0.0,0.3798675033215738,0.09583134418115972,0.010099999999999998,0.0038000000000000256,-0.0020000000000000018,-0.0012999999999999956,0.0,0.0,0.0,0.09999999999999964,0.951963,1.369401,1.732866,3.273611,-0.46712299999999995,-0.3263349999999998,-1.4880269999999998,-0.44601499999999916
2018-11-01,0.09376465759636542,0.5649732542118907,0.3784299691239627,0.2869442427952739,-0.00010000000000010001,0.23660000000000003,-0.008799999999999975,0.23829999999999998,-0.09999999999999964,0.09999999999999964,-0.20000000000000018,0.10000000000000053,0.744798,1.160161,1.611165,2.973194,0.35607599999999984,-0.6540840000000001,0.433462,-0.2517820000000004
2018-12-01,0.18726597232918324,0.09385265822642867,0.0,0.2861232281032195,0.0006000000000000449,0.010099999999999998,-0.0022000000000000353,0.0126,0.0,0.0,0.0,-0.10000000000000053,0.887592,0.951963,1.490012,2.674674,0.33273600000000014,-0.46712299999999995,0.5995140000000001,-0.042920999999999765
2019-01-01,0.186915942270335,0.09376465759636542,0.0,-0.477327875265766,0.0009000000000000119,-0.00010000000000010001,0.0038000000000000256,0.0012000000000000344,-0.10000000000000009,-0.09999999999999964,0.0,-0.09999999999999964,1.03031,0.744798,1.369401,2.378036,0.44584599999999996,0.35607599999999984,-0.3263349999999998,0.004998999999999754
2019-02-01,-0.655740054615894,0.18726597232918324,0.5649732542118907,0.38204439973859494,0.0027000000000000357,0.0006000000000000449,0.23660000000000003,0.00029999999999996696,0.10000000000000009,0.0,0.09999999999999964,0.0,1.172954,0.887592,1.160161,2.161759,-0.5959379999999999,0.33273600000000014,-0.6540840000000001,-0.5052940000000001
2019-03-01,0.3752349618550372,0.186915942270335,0.09385265822642867,0.1904762480653882,0.0007999999999999119,0.0009000000000000119,0.010099999999999998,0.00030000000000002247,-0.20000000000000018,-0.10000000000000009,0.0,0.0,1.171496,1.03031,0.951963,1.946706,-1.5209320000000002,0.44584599999999996,-0.46712299999999995,-1.7794410000000003
2019-04-01,0.1870907935811824,-0.655740054615894,0.09376465759636542,0.3798675033215738,-0.0007999999999999119,0.0027000000000000357,-0.00010000000000010001,-0.0020000000000000018,0.0,0.10000000000000009,-0.09999999999999964,0.0,1.170041,1.172954,0.744798,1.732866,0.1900139999999999,-0.5959379999999999,0.35607599999999984,-1.4880269999999998
2019-05-01,0.5591813265777713,0.3752349618550372,0.18726597232918324,0.3784299691239627,0.0027999999999999137,0.0007999999999999119,0.0006000000000000449,-0.008799999999999975,0.0,-0.20000000000000018,0.0,-0.20000000000000018,1.168587,1.171496,0.887592,1.611165,0.8847929999999999,-1.5209320000000002,0.33273600000000014,0.433462
2019-06-01,0.2784224536405082,0.1870907935811824,0.186915942270335,0.0,0.0013000000000000789,-0.0007999999999999119,0.0009000000000000119,-0.0022000000000000353,0.10000000000000009,0.0,-0.10000000000000009,0.0,1.247268,1.170041,1.03031,1.490012,-0.39792099999999975,0.1900139999999999,0.44584599999999996,0.5995140000000001
2019-07-01,0.0,0.5591813265777713,-0.655740054615894,0.0,-0.0009000000000000119,0.0027999999999999137,0.0027000000000000357,0.0038000000000000256,0.0,0.0,0.10000000000000009,0.0,1.325784,1.168587,1.172954,1.369401,-0.4193760000000002,0.8847929999999999,-0.5959379999999999,-0.3263349999999998
2019-08-01,0.09263548601306608,0.2784224536405082,0.3752349618550372,0.5649732542118907,0.0004999999999999449,0.0013000000000000789,0.0007999999999999119,0.23660000000000003,0.0,0.10000000000000009,-0.20000000000000018,0.09999999999999964,1.404133,1.247268,1.171496,1.160161,0.323809,-0.39792099999999975,-1.5209320000000002,-0.6540840000000001
2019-09-01,0.27739268827252245,0.0,0.1870907935811824,0.09385265822642867,0.0010999999999999899,-0.0009000000000000119,-0.0007999999999999119,0.010099999999999998,0.0,0.0,0.0,0.0,1.36231,1.325784,1.170041,0.951963,0.3218570000000003,-0.4193760000000002,0.1900139999999999,-0.46712299999999995
2019-10-01,0.09229349986008988,0.09263548601306608,0.5591813265777713,0.09376465759636542,-0.00029999999999996696,0.0004999999999999449,0.0027999999999999137,-0.00010000000000010001,-0.10000000000000009,0.0,0.0,-0.09999999999999964,1.320522,1.404133,1.168587,0.744798,-0.43915400000000027,0.323809,0.8847929999999999,0.35607599999999984
2019-11-01,-0.09229349986009505,0.27739268827252245,0.2784224536405082,0.18726597232918324,0.0010000000000000009,0.0010999999999999899,0.0013000000000000789,0.0006000000000000449,0.0,0.0,0.10000000000000009,0.0,1.278771,1.36231,1.247268,0.887592,-1.3964159999999999,0.3218570000000003,-0.39792099999999975,0.33273600000000014
2019-12-01,0.18450189735692968,0.09229349986008988,0.0,0.186915942270335,-0.00029999999999996696,-0.00029999999999996696,-0.0009000000000000119,0.0009000000000000119,-0.09999999999999964,-0.10000000000000009,0.0,-0.10000000000000009,0.183847,1.320522,1.325784,1.03031,-0.497942,-0.43915400000000027,-0.4193760000000002,0.44584599999999996
2020-01-01,0.0,-0.09229349986009505,0.09263548601306608,-0.655740054615894,-0.00040000000000006697,0.0010000000000000009,0.0004999999999999449,0.0027000000000000357,0.19999999999999973,0.0,0.0,0.10000000000000009,-0.907411,1.278771,1.404133,1.172954,-0.006758999999999987,-1.3964159999999999,0.323809,-0.5959379999999999
2020-02-01,-0.18450189735693506,0.18450189735692968,0.27739268827252245,0.3752349618550372,0.0012000000000000899,-0.00029999999999996696,0.0010999999999999899,0.0007999999999999119,0.0,-0.09999999999999964,0.0,-0.20000000000000018,-1.995023,0.183847,1.36231,1.171496,0.46778,-0.497942,0.3218570000000003,-1.5209320000000002
2020-03-01,0.276625349289011,0.0,0.09229349986008988,0.1870907935811824,-0.0009000000000000119,-0.00040000000000006697,-0.00029999999999996696,-0.0007999999999999119,0.19999999999999973,0.19999999999999973,-0.10000000000000009,0.0,-8.563025,-0.907411,1.320522,1.170041,1.721323,-0.006758999999999987,-0.43915400000000027,0.1900139999999999
2020-04-01,0.0,-0.18450189735693506,-0.09229349986009505,0.5591813265777713,-0.39120000000000005,0.0012000000000000899,0.0010000000000000009,0.0027999999999999137,0.0,0.0,0.0,0.0,-15.121703,-1.995023,1.278771,1.168587,3.632684,0.46778,-1.3964159999999999,0.8847929999999999
2020-05-01,0.0,0.276625349289011,0.18450189735692968,0.2784224536405082,-0.25329999999999997,-0.0009000000000000119,-0.00029999999999996696,0.0013000000000000789,0.0,0.19999999999999973,-0.09999999999999964,0.10000000000000009,-21.671078,-8.563025,0.183847,1.247268,2.9339710000000006,1.721323,-0.497942,-0.39792099999999975
2020-06-01,0.0,0.0,0.0,0.0,0.0015000000000000013,-0.39120000000000005,-0.00040000000000006697,-0.0009000000000000119,0.0,0.0,0.19999999999999973,0.0,-17.393281,-15.121703,-0.907411,1.325784,0.808050999999999,3.632684,-0.006758999999999987,-0.4193760000000002
2020-07-01,0.1839926922007295,0.0,-0.18450189735693506,0.09263548601306608,-0.002799999999999997,-0.25329999999999997,0.0012000000000000899,0.0004999999999999449,0.3000000000000007,0.0,0.0,0.0,-13.131129,-21.671078,-1.995023,1.404133,0.6606380000000005,2.9339710000000006,0.46778,0.323809
2020-08-01,0.3669728888962402,0.0,0.276625349289011,0.27739268827252245,-0.004700000000000003,0.0015000000000000013,-0.0009000000000000119,0.0010999999999999899,0.1999999999999993,0.0,0.19999999999999973,0.0,-8.884538,-17.393281,-8.563025,1.36231,0.28345900000000057,0.808050999999999,1.721323,0.3218570000000003
2020-09-01,-0.3669728888962513,0.1839926922007295,0.0,0.09229349986008988,-0.003700000000000002,-0.002799999999999997,-0.39120000000000005,-0.00029999999999996696,0.40000000000000036,0.3000000000000007,0.0,-0.10000000000000009,-8.470876,-13.131129,-15.121703,1.320522,-0.41351599999999955,0.6606380000000005,3.632684,-0.43915400000000027
2020-10-01,0.3669728888962402,0.3669728888962402,0.0,-0.09229349986009505,-0.0015000000000000013,-0.004700000000000003,-0.25329999999999997,0.0010000000000000009,0.20000000000000018,0.1999999999999993,0.0,0.0,-8.057231,-8.884538,-21.671078,1.278771,0.12407099999999893,0.28345900000000057,2.9339710000000006,-1.3964159999999999
2020-11-01,0.0,-0.3669728888962513,0.0,0.18450189735692968,-0.000899999999999998,-0.003700000000000002,0.0015000000000000013,-0.00029999999999996696,0.0,0.40000000000000036,0.0,-0.09999999999999964,-7.643602,-8.470876,-17.393281,0.183847,0.8458970000000008,-0.41351599999999955,0.808050999999999,-0.497942
2020-12-01,-0.09161704717796408,0.3669728888962402,0.1839926922007295,0.0,-0.00010000000000000286,-0.0015000000000000013,-0.002799999999999997,-0.00040000000000006697,0.09999999999999964,0.20000000000000018,0.3000000000000007,0.19999999999999973,-7.125127,-8.057231,-13.131129,-0.907411,-0.1496960000000005,0.12407099999999893,0.6606380000000005,-0.006758999999999987
2021-01-01,0.2745997148855844,0.0,0.3669728888962402,-0.18450189735693506,-0.004499999999999997,-0.000899999999999998,-0.004700000000000003,0.0012000000000000899,-0.09999999999999964,0.0,0.1999999999999993,0.0,-6.596987,-7.643602,-8.884538,-1.995023,0.5245850000000001,0.8458970000000008,0.28345900000000057,0.46778
2021-02-01,-0.09144948053880417,-0.09161704717796408,-0.3669728888962513,0.276625349289011,0.0001999999999999988,-0.00010000000000000286,-0.003700000000000002,-0.0009000000000000119,-0.20000000000000018,0.09999999999999964,0.40000000000000036,0.19999999999999973,-6.05891,-7.125127,-8.470876,-8.563025,0.7778539999999996,-0.1496960000000005,-0.41351599999999955,1.721323
2021-03-01,0.09144948053879488,0.2745997148855844,0.3669728888962402,0.0,-0.0008000000000000021,-0.004499999999999997,-0.0015000000000000013,-0.39120000000000005,-0.09999999999999964,-0.09999999999999964,0.20000000000000018,0.0,2.959245,-6.596987,-8.057231,-15.121703,-0.3240420000000004,0.5245850000000001,0.12407099999999893,3.632684
2021-04-01,0.27384772933037704,-0.09144948053880417,0.0,0.0,0.0,0.0001999999999999988,-0.000899999999999998,-0.25329999999999997,-0.10000000000000053,-0.20000000000000018,0.0,0.0,13.357303,-6.05891,-7.643602,-21.671078,-2.8572249999999997,0.7778539999999996,0.8458970000000008,2.9339710000000006
2021-05-01,0.6360766561810458,0.09144948053879488,-0.09161704717796408,0.0,0.0,-0.0008000000000000021,-0.00010000000000000286,0.0015000000000000013,0.0,-0.09999999999999964,0.09999999999999964,0.0,25.478218,2.959245,-7.125127,-17.393281,-2.3900629999999996,-0.3240420000000004,-0.1496960000000005,0.808050999999999
2021-06-01,0.5420067469339114,0.27384772933037704,0.2745997148855844,0.1839926922007295,0.000900000000000005,0.0,-0.004499999999999997,-0.002799999999999997,-0.09999999999999964,-0.10000000000000053,-0.09999999999999964,0.3000000000000007,19.430036,13.357303,-6.596987,-13.131129,-0.4226410000000005,-2.8572249999999997,0.5245850000000001,0.6606380000000005
2021-07-01,0.3597126180849475,0.6360766561810458,-0.09144948053880417,0.3669728888962402,0.0002999999999999947,0.0,0.0001999999999999988,-0.004700000000000003,-0.10000000000000053,0.0,-0.20000000000000018,0.1999999999999993,13.996388,25.478218,-6.05891,-8.884538,-0.28902999999999945,-2.3900629999999996,0.7778539999999996,0.28345900000000057
2021-08-01,0.0,0.5420067469339114,0.09144948053879488,-0.3669728888962513,0.0008000000000000021,0.000900000000000005,-0.0008000000000000021,-0.003700000000000002,-0.09999999999999964,-0.09999999999999964,-0.09999999999999964,0.40000000000000036,9.088142,19.430036,2.959245,-8.470876,-0.16145999999999994,-0.4226410000000005,-0.3240420000000004,-0.41351599999999955
2021-09-01,0.6264002584930415,0.3597126180849475,0.27384772933037704,0.3669728888962402,-0.0001999999999999988,0.0002999999999999947,0.0,-0.0015000000000000013,-0.09999999999999964,-0.10000000000000053,-0.10000000000000053,0.20000000000000018,9.09164,13.996388,13.357303,-8.057231,0.32632499999999975,-0.28902999999999945,-2.8572249999999997,0.12407099999999893
2021-10-01,0.2672607381476478,0.0,0.6360766561810458,0.0,-0.0003999999999999976,0.0008000000000000021,0.0,-0.000899999999999998,-0.10000000000000053,-0.09999999999999964,0.0,0.0,9.095106,9.088142,25.478218,-7.643602,1.0883310000000002,-0.16145999999999994,-2.3900629999999996,0.8458970000000008
2021-11-01,0.8857453834061023,0.6264002584930415,0.5420067469339114,-0.09161704717796408,0.0001999999999999988,-0.0001999999999999988,0.000900000000000005,-0.00010000000000000286,-0.09999999999999964,-0.09999999999999964,-0.09999999999999964,0.09999999999999964,9.098542,9.09164,19.430036,-7.125127,0.703551,0.32632499999999975,-0.4226410000000005,-0.1496960000000005
2021-12-01,0.6153865574378066,0.2672607381476478,0.3597126180849475,0.2745997148855844,-0.0034000000000000002,-0.0003999999999999976,0.0002999999999999947,-0.004499999999999997,0.0,-0.10000000000000053,-0.10000000000000053,-0.09999999999999964,9.861153,9.095106,13.996388,-6.596987,0.6881250000000003,1.0883310000000002,-0.28902999999999945,0.5245850000000001
2022-01-01,0.5244767267295084,0.8857453834061023,0.0,-0.09144948053880417,0.0673,0.0001999999999999988,0.0008000000000000021,0.0001999999999999988,-0.10000000000000053,-0.09999999999999964,-0.09999999999999964,-0.20000000000000018,10.629276,9.098542,9.088142,-6.05891,-0.46999500000000083,0.703551,-0.16145999999999994,0.7778539999999996
2022-02-01,-0.0872219854685858,0.6153865574378066,0.6264002584930415,0.09144948053879488,0.08170000000000001,-0.0034000000000000002,-0.0001999999999999988,-0.0008000000000000021,-0.19999999999999973,0.0,-0.09999999999999964,-0.09999999999999964,11.402969,9.861153,9.09164,2.959245,-1.3572089999999992,0.6881250000000003,0.32632499999999975,-0.3240420000000004
2022-03-01,0.6956549793360152,0.5244767267295084,0.2672607381476478,0.27384772933037704,0.2241,0.0673,-0.0003999999999999976,0.0,-0.10000000000000009,-0.10000000000000053,-0.10000000000000053,-0.10000000000000053,9.071589,10.629276,9.095106,13.357303,-0.039526000000000394,-0.46999500000000083,1.0883310000000002,-2.8572249999999997
2022-04-01,0.9486918931755989,-0.0872219854685858,0.8857453834061023,0.6360766561810458,0.14240000000000003,0.08170000000000001,0.0001999999999999988,0.0,0.0,-0.19999999999999973,-0.09999999999999964,0.0,6.843905,11.402969,9.098542,25.478218,0.4232659999999999,-1.3572089999999992,0.703551,-2.3900629999999996
2022-05-01,2.123222010577412,0.6956549793360152,0.6153865574378066,0.5420067469339114,0.12829999999999997,0.2241,-0.0034000000000000002,0.000900000000000005,-0.09999999999999964,-0.10000000000000009,0.0,-0.09999999999999964,4.713148,9.071589,9.861153,19.430036,-0.35473200000000027,-0.039526000000000394,0.6881250000000003,-0.4226410000000005
2022-06-01,0.5865119452398058,0.9486918931755989,0.5244767267295084,0.3597126180849475,0.22519999999999996,0.14240000000000003,0.0673,0.0002999999999999947,0.09999999999999964,0.0,-0.10000000000000053,-0.10000000000000053,4.162823,6.843905,10.629276,13.996388,-0.7531549999999996,0.4232659999999999,-0.46999500000000083,-0.28902999999999945
2022-07-01,0.6661140366782222,2.123222010577412,-0.0872219854685858,0.0,0.16090000000000004,0.12829999999999997,0.08170000000000001,0.0008000000000000021,-0.19999999999999973,-0.09999999999999964,-0.19999999999999973,-0.09999999999999964,3.618617,4.713148,11.402969,9.088142,-0.4050200000000004,-0.35473200000000027,-1.3572089999999992,-0.16145999999999994
2022-08-01,0.5792320704504371,0.5865119452398058,0.6956549793360152,0.6264002584930415,0.11410000000000009,0.22519999999999996,0.2241,-0.0001999999999999988,0.0,0.09999999999999964,-0.10000000000000009,-0.09999999999999964,3.080429,4.162823,9.071589,9.09164,0.13011200000000045,-0.7531549999999996,-0.039526000000000394,0.32632499999999975
2022-09-01,0.4938281640582577,0.6661140366782222,0.9486918931755989,0.2672607381476478,0.4312,0.16090000000000004,0.14240000000000003,-0.0003999999999999976,0.10000000000000009,-0.19999999999999973,0.0,-0.10000000000000053,2.698245,3.618617,6.843905,9.095106,0.15806599999999982,-0.4050200000000004,0.4232659999999999,1.0883310000000002
2022-10-01,0.4096687417329962,0.5792320704504371,2.123222010577412,0.8857453834061023,0.2348999999999999,0.11410000000000009,0.12829999999999997,0.0001999999999999988,0.09999999999999964,0.0,-0.09999999999999964,-0.09999999999999964,2.319539,3.080429,4.713148,9.098542,0.6948949999999998,0.13011200000000045,-0.35473200000000027,0.703551
2022-11-01,1.6220955823538707,0.4938281640582577,0.5865119452398058,0.6153865574378066,0.3288000000000002,0.4312,0.22519999999999996,-0.0034000000000000002,0.10000000000000009,0.10000000000000009,0.09999999999999964,0.0,1.944264,2.698245,4.162823,9.861153,-0.02552299999999974,0.15806599999999982,-0.7531549999999996,0.6881250000000003
2022-12-01,0.4014457418661868,0.4096687417329962,0.6661140366782222,0.5244767267295084,0.6741999999999999,0.2348999999999999,0.16090000000000004,0.0673,0.0,0.09999999999999964,-0.19999999999999973,-0.10000000000000053,1.620198,2.319539,3.618617,10.629276,-1.904998,0.6948949999999998,-0.4050200000000004,-0.46999500000000083
2023-01-01,0.39984059666954236,1.6220955823538707,0.5792320704504371,-0.0872219854685858,0.31800000000000006,0.3288000000000002,0.11410000000000009,0.08170000000000001,0.0,0.10000000000000009,0.0,-0.19999999999999973,1.298307,1.944264,3.080429,11.402969,-1.540292,-0.02552299999999974,0.13011200000000045,-1.3572089999999992
2023-02-01,-0.39984059666953625,0.4014457418661868,0.4938281640582577,0.6956549793360152,0.24960000000000004,0.6741999999999999,0.4312,0.2241,0.10000000000000009,0.0,0.10000000000000009,-0.10000000000000009,0.978569,1.620198,2.698245,9.071589,0.11893799999999999,-1.904998,0.15806599999999982,-0.039526000000000394
2023-03-01,0.9569451016150673,0.39984059666954236,0.4096687417329962,0.9486918931755989,0.4745999999999997,0.31800000000000006,0.2348999999999999,0.14240000000000003,0.0,0.0,0.09999999999999964,0.0,0.805016,1.298307,2.319539,6.843905,-0.45108000000000015,-1.540292,0.6948949999999998,0.4232659999999999
2023-04-01,0.632913505164753,-0.39984059666953625,1.6220955823538707,2.123222010577412,0.10099999999999998,0.24960000000000004,0.3288000000000002,0.12829999999999997,-0.10000000000000009,0.10000000000000009,0.10000000000000009,-0.09999999999999964,0.632105,0.978569,1.944264,4.713148,-1.661752,0.11893799999999999,-0.02552299999999974,-0.35473200000000027
2023-05-01,1.176022961846534,0.9569451016150673,0.4014457418661868,0.5865119452398058,0.17429999999999968,0.4745999999999997,0.6741999999999999,0.22519999999999996,0.10000000000000009,0.0,0.0,0.09999999999999964,0.459834,0.805016,1.620198,4.162823,-0.9904620000000001,-0.45108000000000015,-1.904998,-0.7531549999999996
2023-06-01,0.621602623100603,0.632913505164753,0.39984059666954236,0.6661140366782222,0.17540000000000067,0.10099999999999998,0.31800000000000006,0.16090000000000004,0.20000000000000018,-0.10000000000000009,0.0,-0.19999999999999973,0.345779,0.632105,1.298307,3.618617,0.033385000000000005,-1.661752,-1.540292,-0.4050200000000004
2023-07-01,0.2321084214203557,1.176022961846534,-0.39984059666953625,0.5792320704504371,0.23439999999999994,0.17429999999999968,0.24960000000000004,0.11410000000000009,0.09999999999999964,0.10000000000000009,0.10000000000000009,0.0,0.2318,0.459834,0.978569,3.080429,-0.072005,-0.9904620000000001,0.11893799999999999,0.13011200000000045
2023-08-01,-0.3095977705128121,0.621602623100603,0.9569451016150673,0.4938281640582577,0.34299999999999997,0.17540000000000067,0.4745999999999997,0.4312,0.0,0.20000000000000018,0.0,0.10000000000000009,0.117899,0.345779,0.805016,2.698245,-0.730021,0.033385000000000005,-0.45108000000000015,0.15806599999999982
2023-09-01,0.30959777051282134,0.2321084214203557,0.632913505164753,0.4096687417329962,0.23069999999999968,0.23439999999999994,0.10099999999999998,0.2348999999999999,-0.20000000000000018,0.09999999999999964,-0.10000000000000009,0.09999999999999964,-0.076059,0.2318,0.632105,2.319539,-0.3671519999999999,-0.072005,-1.661752,0.6948949999999998
2023-10-01,0.5395003451659232,-0.3095977705128121,1.176022961846534,1.6220955823538707,0.024499999999999744,0.34299999999999997,0.17429999999999968,0.3288000000000002,-0.09999999999999964,0.0,0.10000000000000009,0.10000000000000009,-0.269681,0.117899,0.459834,1.944264,-1.6993589999999998,-0.730021,-0.9904620000000001,-0.02552299999999974
2023-11-01,0.07683442560091633,0.30959777051282134,0.621602623100603,0.4014457418661868,0.001700000000000479,0.23069999999999968,0.17540000000000067,0.6741999999999999,0.0,-0.20000000000000018,0.20000000000000018,0.0,-0.462968,-0.076059,0.345779,1.620198,-1.3547850000000006,-0.3671519999999999,0.033385000000000005,-1.904998
2023-12-01,-0.15372793188863668,0.5395003451659232,0.2321084214203557,0.39984059666954236,0.00039999999999995595,0.024499999999999744,0.23439999999999994,0.31800000000000006,-0.10000000000000009,-0.09999999999999964,0.09999999999999964,0.0,-0.226433,-0.269681,0.2318,1.298307,0.9988000000000006,-1.6993589999999998,-0.072005,-1.540292
2024-01-01,0.3838776307165667,0.07683442560091633,-0.3095977705128121,-0.39984059666953625,-0.0004999999999997229,0.001700000000000479,0.34299999999999997,0.24960000000000004,0.19999999999999973,0.0,0.0,0.10000000000000009,0.010013,-0.462968,0.117899,0.978569,1.6445589999999999,-1.3547850000000006,-0.730021,0.11893799999999999
2024-02-01,-0.38387763071657127,-0.15372793188863668,0.30959777051282134,0.9569451016150673,0.0004999999999997229,0.00039999999999995595,0.23069999999999968,0.4745999999999997,0.10000000000000053,-0.10000000000000009,-0.20000000000000018,0.0,0.24637,-0.226433,-0.076059,0.805016,0.17063399999999995,0.9988000000000006,-0.3671519999999999,-0.45108000000000015
2024-03-01,0.6134988567515929,0.3838776307165667,0.5395003451659232,0.632913505164753,0.0007999999999999119,-0.0004999999999997229,0.024499999999999744,0.10099999999999998,0.09999999999999964,0.19999999999999973,-0.09999999999999964,-0.10000000000000009,0.437641,0.010013,-0.269681,0.632105,-0.373348,1.6445589999999999,-1.6993589999999998,-1.661752
2024-04-01,0.6097579868118317,-0.38387763071657127,0.07683442560091633,1.176022961846534,0.0007999999999999119,0.0004999999999997229,0.001700000000000479,0.17429999999999968,0.10000000000000053,0.10000000000000053,0.0,0.10000000000000009,0.62886,0.24637,-0.462968,0.459834,1.60886,0.17063399999999995,-1.3547850000000006,-0.9904620000000001
2024-05-01,0.4548908526368988,0.6134988567515929,-0.15372793188863668,0.621602623100603,0.008799999999999919,0.0007999999999999119,0.00039999999999995595,0.17540000000000067,0.0,0.09999999999999964,-0.10000000000000009,0.20000000000000018,0.820025,0.437641,-0.226433,0.345779,1.181411,-0.373348,0.9988000000000006,0.033385000000000005
2024-06-01,0.3775013920575951,0.6097579868118317,0.3838776307165667,0.2321084214203557,0.002100000000000435,0.0007999999999999119,-0.0004999999999997229,0.23439999999999994,-0.20000000000000018,0.10000000000000053,0.19999999999999973,0.09999999999999964,0.978362,0.62886,0.010013,0.2318,-0.20993299999999993,1.60886,1.6445589999999999,-0.072005
2024-07-01,0.22581868835921062,0.4548908526368988,-0.38387763071657127,-0.3095977705128121,0.0,0.008799999999999919,0.0004999999999997229,0.34299999999999997,0.0,0.0,0.10000000000000053,0.0,1.136953,0.820025,0.24637,0.117899,-0.30968300000000004,1.181411,0.17063399999999995,-0.730021
2024-08-01,-0.07521625025540585,0.3775013920575951,0.6134988567515929,0.30959777051282134,0.0,0.002100000000000435,0.0007999999999999119,0.23069999999999968,-0.10000000000000053,-0.20000000000000018,0.09999999999999964,-0.20000000000000018,1.295797,0.978362,0.437641,-0.076059,0.34584800000000004,-0.20993299999999993,-0.373348,-0.3671519999999999
2024-09-01,0.37551677623236424,0.22581868835921062,0.6097579868118317,0.5395003451659232,-0.25,0.0,0.0007999999999999119,0.024499999999999744,0.20000000000000018,0.0,0.10000000000000053,-0.09999999999999964,1.518067,1.136953,0.62886,-0.269681,-0.285003,-0.30968300000000004,1.60886,-1.6993589999999998
2024-10-01,0.07493443587807579,-0.07521625025540585,0.4548908526368988,0.07683442560091633,0.0,0.0,0.008799999999999919,0.001700000000000479,0.0,-0.10000000000000053,0.0,0.0,1.740813,1.295797,0.820025,-0.462968,-0.007273000000000085,0.34584800000000004,1.181411,-1.3547850000000006
2024-11-01,0.5974625688887774,0.37551677623236424,0.3775013920575951,-0.15372793188863668,0.0,-0.25,0.002100000000000435,0.00039999999999995595,0.10000000000000053,0.20000000000000018,-0.20000000000000018,-0.10000000000000009,1.964039,1.518067,0.978362,-0.226433,1.3008540000000002,-0.285003,-0.20993299999999993,0.9988000000000006
2024-12-01,0.2231313681435369,0.07493443587807579,0.22581868835921062,0.3838776307165667,-0.2023999999999999,0.0,0.0,-0.0004999999999997229,0.0,0.0,0.0,0.19999999999999973,1.924341,1.740813,1.136953,0.010013,0.7966209999999998,-0.007273000000000085,-0.30968300000000004,1.6445589999999999
2025-01-01,0.370782775552573,0.5974625688887774,-0.07521625025540585,-0.38387763071657127,-0.04760000000000009,0.0,0.0,0.0004999999999997229,0.0,0.10000000000000053,-0.10000000000000053,0.10000000000000053,1.884847,1.964039,1.295797,0.24637,-0.4430299999999998,1.3008540000000002,0.34584800000000004,0.17063399999999995
2025-02-01,0.0,0.2231313681435369,0.37551677623236424,0.6134988567515929,0.00019999999999953388,-0.2023999999999999,-0.25,0.0007999999999999119,0.0,0.0,0.20000000000000018,0.09999999999999964,1.845553,1.924341,1.518067,0.437641,0.7012740000000002,0.7966209999999998,-0.285003,-0.373348
2025-03-01,0.3694130540142098,0.370782775552573,0.07493443587807579,0.6097579868118317,-0.20829999999999949,-0.04760000000000009,0.0,0.0007999999999999119,0.09999999999999964,0.0,0.0,0.10000000000000053,1.707983,1.884847,1.740813,0.62886,1.2062759999999995,-0.4430299999999998,-0.007273000000000085,1.60886
