date,GERMANY_CPI_lag1,GERMANY_CPI_lag3,GERMANY_CPI_lag6,GERMANY_CPI_lag12,GERMANY_POLICY_RATE_lag1,GERMANY_POLICY_RATE_lag3,GERMANY_POLICY_RATE_lag6,GERMANY_POLICY_RATE_lag12,GERMANY_UNEMPLOYMENT_lag1,GERMANY_UNEMPLOYMENT_lag3,GERMANY_UNEMPLOYMENT_lag6,GERMANY_UNEMPLOYMENT_lag12,GERMANY_GDP_lag1,GERMANY_GDP_lag3,GERMANY_GDP_lag6,GERMANY_GDP_lag12,GERMANY_M2_lag1,GERMANY_M2_lag3,GERMANY_M2_lag6,GERMANY_M2_lag12
2001-01-01,,,,,,,,,,,,,,,,,,,,
2001-02-01,,,,,,,,,,,,,3.422338,,,,,,,
2001-03-01,0.4664600000000121,,,,0.23660000000000014,,,,0.0,,,,3.182823,,,,1.1214400000000007,,,
2001-04-01,0.0,,,,-0.21110000000000007,,,,-0.10000000000000053,,,,2.944448,3.422338,,,0.1594919999999993,,,
2001-05-01,0.37316999999998757,0.4664600000000121,,,0.28279999999999994,0.23660000000000014,,,0.0,0.0,,,2.707204,3.182823,,,-0.05817299999999914,1.1214400000000007,,
2001-06-01,0.2798800000000057,0.0,,,-0.41059999999999963,-0.21110000000000007,,,0.10000000000000053,-0.10000000000000053,,,2.789877,2.944448,,,0.3029699999999993,0.1594919999999993,,
2001-07-01,0.0932899999999961,0.37316999999998757,,,-0.11409999999999965,0.28279999999999994,,,0.0,0.0,,,2.872455,2.707204,3.422338,,1.0688700000000004,-0.05817299999999914,,
2001-08-01,0.09329000000001031,0.2798800000000057,0.4664600000000121,,-0.034000000000000696,-0.41059999999999963,0.23660000000000014,,0.09999999999999964,0.10000000000000053,0.0,,2.954938,2.789877,3.182823,,0.5693469999999996,0.3029699999999993,1.1214400000000007,
2001-09-01,-0.1865800000000064,0.0932899999999961,0.0,,-0.014199999999999768,-0.11409999999999965,-0.21110000000000007,,0.0,0.0,-0.10000000000000053,,3.235175,2.872455,2.944448,,0.0350950000000001,1.0688700000000004,0.1594919999999993,
2001-10-01,0.0,0.09329000000001031,0.37316999999998757,,-0.5047999999999999,-0.034000000000000696,0.28279999999999994,,0.10000000000000053,0.09999999999999964,0.0,,3.515706,2.954938,2.707204,,0.6397250000000003,0.5693469999999996,-0.05817299999999914,
2001-11-01,-0.09329999999999927,-0.1865800000000064,0.2798800000000057,,-0.015200000000000102,-0.014199999999999768,-0.41059999999999963,,0.09999999999999964,0.0,0.10000000000000053,,3.796531,3.235175,2.789877,,0.7388499999999993,0.0350950000000001,0.3029699999999993,
2001-12-01,-0.1865800000000064,0.0,0.0932899999999961,,-0.46399999999999997,-0.5047999999999999,-0.11409999999999965,,0.0,0.10000000000000053,0.0,,2.767424,3.515706,2.872455,,0.40887900000000066,0.6397250000000003,1.0688700000000004,
2002-01-01,0.7463400000000036,-0.09329999999999927,0.09329000000001031,,-0.16839999999999966,-0.015200000000000102,-0.034000000000000696,,0.09999999999999964,0.09999999999999964,0.09999999999999964,,1.75632,3.796531,2.954938,3.422338,0.4151410000000002,0.7388499999999993,0.5693469999999996,
2002-02-01,0.09329000000001031,-0.1865800000000064,-0.1865800000000064,0.4664600000000121,-0.04530000000000012,-0.46399999999999997,-0.014199999999999768,0.23660000000000014,0.0,0.0,0.0,0.0,0.762751,2.767424,3.235175,3.182823,-1.2971579999999996,0.40887900000000066,0.0350950000000001,1.1214400000000007
2002-03-01,0.27987999999999147,0.7463400000000036,0.0,0.0,-0.010600000000000165,-0.16839999999999966,-0.5047999999999999,-0.21110000000000007,0.09999999999999964,0.09999999999999964,0.10000000000000053,-0.10000000000000053,0.872708,1.75632,3.515706,2.944448,-1.6447760000000011,0.4151410000000002,0.6397250000000003,0.1594919999999993
2002-04-01,0.1865800000000064,0.09329000000001031,-0.09329999999999927,0.37316999999998757,-0.019000000000000128,-0.04530000000000012,-0.015200000000000102,0.28279999999999994,0.0,0.0,0.09999999999999964,0.0,0.982651,0.762751,3.796531,2.707204,-0.3018269999999994,-1.2971579999999996,0.7388499999999993,-0.05817299999999914
2002-05-01,-0.09329000000001031,0.27987999999999147,-0.1865800000000064,0.2798800000000057,0.052200000000000024,-0.010600000000000165,-0.46399999999999997,-0.41059999999999963,0.10000000000000142,0.09999999999999964,0.0,0.10000000000000053,1.092578,0.872708,2.767424,2.789877,-0.18848399999999987,-1.6447760000000011,0.40887900000000066,0.3029699999999993
2002-06-01,0.09329000000001031,0.1865800000000064,0.7463400000000036,0.0932899999999961,-0.006199999999999761,-0.019000000000000128,-0.16839999999999966,-0.11409999999999965,0.09999999999999964,0.0,0.09999999999999964,0.0,1.37191,0.982651,1.75632,2.872455,-0.08337900000000076,-0.3018269999999994,0.4151410000000002,1.0688700000000004
2002-07-01,0.0,-0.09329000000001031,0.09329000000001031,0.09329000000001031,0.03849999999999998,0.052200000000000024,-0.04530000000000012,-0.034000000000000696,0.09999999999999964,0.10000000000000142,0.0,0.09999999999999964,1.650473,1.092578,0.762751,2.954938,-0.22490399999999955,-0.18848399999999987,-1.2971579999999996,0.5693469999999996
2002-08-01,0.0932899999999961,0.09329000000001031,0.27987999999999147,-0.1865800000000064,-0.046800000000000175,-0.006199999999999761,-0.010600000000000165,-0.014199999999999768,0.09999999999999964,0.09999999999999964,0.09999999999999964,0.0,1.92827,1.37191,0.872708,3.235175,-0.2400089999999997,-0.08337900000000076,-1.6447760000000011,0.0350950000000001
2002-09-01,-0.0932899999999961,0.0,0.1865800000000064,0.0,-0.008999999999999897,0.03849999999999998,-0.019000000000000128,-0.5047999999999999,0.09999999999999964,0.09999999999999964,0.0,0.10000000000000053,1.755768,1.650473,0.982651,3.515706,0.1113249999999999,-0.22490399999999955,-0.3018269999999994,0.6397250000000003
2002-10-01,0.0,0.0932899999999961,-0.09329000000001031,-0.09329999999999927,0.025900000000000034,-0.046800000000000175,0.052200000000000024,-0.015200000000000102,0.20000000000000107,0.09999999999999964,0.10000000000000142,0.09999999999999964,1.584019,1.92827,1.092578,3.796531,0.028828999999999994,-0.2400089999999997,-0.18848399999999987,0.7388499999999993
2002-11-01,-0.09329000000001031,-0.0932899999999961,0.09329000000001031,-0.1865800000000064,-0.018200000000000216,-0.008999999999999897,-0.006199999999999761,-0.46399999999999997,0.09999999999999964,0.09999999999999964,0.09999999999999964,0.0,1.413021,1.755768,1.37191,2.767424,-0.15152300000000007,0.1113249999999999,-0.08337900000000076,0.40887900000000066
2002-12-01,-0.27987999999999147,0.0,0.0,0.7463400000000036,0.0039000000000002366,0.025900000000000034,0.03849999999999998,-0.16839999999999966,0.09999999999999964,0.20000000000000107,0.09999999999999964,0.09999999999999964,1.211944,1.584019,1.650473,1.75632,0.05378499999999953,0.028828999999999994,-0.22490399999999955,0.4151410000000002
2003-01-01,0.7463400000000036,-0.09329000000001031,0.0932899999999961,0.09329000000001031,-0.2098,-0.018200000000000216,-0.046800000000000175,-0.04530000000000012,0.09999999999999964,0.09999999999999964,0.09999999999999964,0.0,1.010423,1.413021,1.92827,0.762751,-0.03527599999999964,-0.15152300000000007,-0.2400089999999997,-1.2971579999999996
2003-02-01,0.0,-0.27987999999999147,-0.0932899999999961,0.27987999999999147,-0.3077000000000001,0.0039000000000002366,-0.008999999999999897,-0.010600000000000165,0.20000000000000107,0.09999999999999964,0.09999999999999964,0.09999999999999964,0.808457,1.211944,1.755768,0.872708,-0.007931000000000132,0.05378499999999953,0.1113249999999999,-1.6447760000000011
2003-03-01,0.4664599999999979,0.7463400000000036,0.0,0.1865800000000064,-0.023299999999999876,-0.2098,0.025900000000000034,-0.019000000000000128,0.09999999999999964,0.09999999999999964,0.20000000000000107,0.0,0.762739,1.010423,1.584019,0.982651,0.49879099999999976,-0.03527599999999964,0.028828999999999994,-0.3018269999999994
2003-04-01,0.0932899999999961,0.0,-0.09329000000001031,-0.09329000000001031,-0.014499999999999957,-0.3077000000000001,-0.018200000000000216,0.052200000000000024,0.09999999999999964,0.20000000000000107,0.09999999999999964,0.10000000000000142,0.717127,0.808457,1.413021,1.092578,0.39356400000000047,-0.007931000000000132,-0.15152300000000007,-0.18848399999999987
2003-05-01,-0.2798700000000025,0.4664599999999979,-0.27987999999999147,0.09329000000001031,-0.1884999999999999,-0.023299999999999876,0.0039000000000002366,-0.006199999999999761,0.09999999999999964,0.09999999999999964,0.09999999999999964,0.09999999999999964,0.67162,0.762739,1.211944,1.37191,0.4637369999999992,0.49879099999999976,0.05378499999999953,-0.08337900000000076
2003-06-01,-0.18658999999999537,0.0932899999999961,0.7463400000000036,0.0,-0.0034000000000000696,-0.014499999999999957,-0.2098,0.03849999999999998,0.0,0.09999999999999964,0.09999999999999964,0.09999999999999964,0.706684,0.717127,1.010423,1.650473,0.3945850000000011,0.39356400000000047,-0.03527599999999964,-0.22490399999999955
2003-07-01,0.27987999999999147,-0.2798700000000025,0.0,0.0932899999999961,-0.3438000000000003,-0.1884999999999999,-0.3077000000000001,-0.046800000000000175,0.10000000000000142,0.09999999999999964,0.20000000000000107,0.09999999999999964,0.74146,0.67162,0.808457,1.92827,-0.22627800000000065,0.4637369999999992,-0.007931000000000132,-0.2400089999999997
2003-08-01,0.1865800000000064,-0.18658999999999537,0.4664599999999979,-0.0932899999999961,-0.1349999999999998,-0.0034000000000000696,-0.023299999999999876,-0.008999999999999897,0.0,0.0,0.09999999999999964,0.09999999999999964,0.77595,0.706684,0.762739,1.755768,-0.06323300000000032,0.3945850000000011,0.49879099999999976,0.1113249999999999
2003-09-01,0.0,0.27987999999999147,0.0932899999999961,0.0,0.01980000000000004,-0.3438000000000003,-0.014499999999999957,0.025900000000000034,0.0,0.10000000000000142,0.09999999999999964,0.20000000000000107,0.795238,0.74146,0.717127,1.584019,-0.007668999999999926,-0.22627800000000065,0.39356400000000047,0.028828999999999994
2003-10-01,-0.0932899999999961,0.1865800000000064,-0.2798700000000025,-0.09329000000001031,-0.07719999999999994,-0.1349999999999998,-0.1884999999999999,-0.018200000000000216,0.0,0.0,0.09999999999999964,0.09999999999999964,0.814506,0.77595,0.67162,1.413021,-0.6716899999999999,-0.06323300000000032,0.4637369999999992,-0.15152300000000007
2003-11-01,0.0,0.0,-0.18658999999999537,-0.27987999999999147,-0.006099999999999994,0.01980000000000004,-0.0034000000000000696,0.0039000000000002366,0.0,0.0,0.0,0.09999999999999964,0.833755,0.795238,0.706684,1.211944,-0.27346299999999957,-0.007668999999999926,0.3945850000000011,0.05378499999999953
2003-12-01,-0.1865800000000064,-0.0932899999999961,0.27987999999999147,0.7463400000000036,-0.04180000000000006,-0.07719999999999994,-0.3438000000000003,-0.2098,0.0,0.0,0.10000000000000142,0.09999999999999964,1.217744,0.814506,0.74146,1.010423,0.02818200000000015,-0.6716899999999999,-0.22627800000000065,-0.03527599999999964
2004-01-01,0.6530400000000043,0.0,0.1865800000000064,0.0,0.08370000000000011,-0.006099999999999994,-0.1349999999999998,-0.3077000000000001,0.0,0.0,0.0,0.20000000000000107,1.604114,0.833755,0.77595,0.808457,-0.5552739999999998,-0.27346299999999957,-0.06323300000000032,-0.007931000000000132
2004-02-01,0.0,-0.1865800000000064,0.0,0.4664599999999979,-0.03530000000000033,-0.04180000000000006,0.01980000000000004,-0.023299999999999876,0.0,0.0,0.0,0.09999999999999964,1.992887,1.217744,0.795238,0.762739,-0.3867390000000004,0.02818200000000015,-0.007668999999999926,0.49879099999999976
2004-03-01,0.18658999999999537,0.6530400000000043,-0.0932899999999961,0.0932899999999961,0.010099999999999998,0.08370000000000011,-0.07719999999999994,-0.014499999999999957,0.29999999999999893,0.0,0.0,0.09999999999999964,2.304139,1.604114,0.814506,0.717127,-0.201581,-0.5552739999999998,-0.6716899999999999,0.39356400000000047
2004-04-01,0.2798700000000025,0.0,0.0,-0.2798700000000025,-0.025799999999999823,-0.03530000000000033,-0.006099999999999994,-0.1884999999999999,0.20000000000000107,0.0,0.0,0.09999999999999964,2.614952,1.992887,0.833755,0.67162,-0.3018939999999999,-0.3867390000000004,-0.27346299999999957,0.4637369999999992
2004-05-01,0.2798700000000025,0.18658999999999537,-0.1865800000000064,-0.18658999999999537,0.07229999999999981,0.010099999999999998,-0.04180000000000006,-0.0034000000000000696,0.0,0.29999999999999893,0.0,0.0,2.925328,2.304139,1.217744,0.706684,-0.4846170000000001,-0.201581,0.02818200000000015,0.3945850000000011
2004-06-01,0.18658999999999537,0.2798700000000025,0.6530400000000043,0.27987999999999147,-0.06279999999999974,-0.025799999999999823,0.08370000000000011,-0.3438000000000003,0.0,0.20000000000000107,0.0,0.10000000000000142,2.396404,2.614952,1.604114,0.74146,-0.5057210000000003,-0.3018939999999999,-0.5552739999999998,-0.22627800000000065
2004-07-01,0.0,0.2798700000000025,0.0,0.1865800000000064,0.012499999999999734,0.07229999999999981,-0.03530000000000033,-0.1349999999999998,0.0,0.0,0.0,0.0,1.872194,2.925328,1.992887,0.77595,0.0754330000000003,-0.4846170000000001,-0.3867390000000004,-0.06323300000000032
2004-08-01,0.1865800000000064,0.18658999999999537,0.18658999999999537,0.0,0.040000000000000036,-0.06279999999999974,0.010099999999999998,0.01980000000000004,0.0,0.0,0.29999999999999893,0.0,1.352636,2.396404,2.304139,0.795238,0.4228050000000003,-0.5057210000000003,-0.201581,-0.007668999999999926
2004-09-01,0.0932899999999961,0.0,0.2798700000000025,-0.0932899999999961,-0.02719999999999967,0.012499999999999734,-0.025799999999999823,-0.07719999999999994,0.09999999999999964,0.0,0.20000000000000107,0.0,1.295262,1.872194,2.614952,0.814506,0.034876999999999825,0.0754330000000003,-0.3018939999999999,-0.6716899999999999
2004-10-01,-0.1865800000000064,0.1865800000000064,0.2798700000000025,0.0,0.011299999999999866,0.040000000000000036,0.07229999999999981,-0.006099999999999994,0.0,0.0,0.0,0.0,1.237966,1.352636,2.925328,0.833755,0.21023700000000023,0.4228050000000003,-0.4846170000000001,-0.27346299999999957
2004-11-01,0.09329000000001031,0.0932899999999961,0.18658999999999537,-0.1865800000000064,0.0596000000000001,-0.02719999999999967,-0.06279999999999974,-0.04180000000000006,0.09999999999999964,0.09999999999999964,0.0,0.0,1.18075,1.295262,2.396404,1.217744,0.38631299999999946,0.034876999999999825,-0.5057210000000003,0.02818200000000015
2004-12-01,-0.1865800000000064,-0.1865800000000064,0.0,0.6530400000000043,-0.0264000000000002,0.011299999999999866,0.012499999999999734,0.08370000000000011,0.09999999999999964,0.0,0.0,0.0,1.204682,1.237966,1.872194,1.604114,-0.12170699999999979,0.21023700000000023,0.0754330000000003,-0.5552739999999998
2005-01-01,0.9329199999999958,0.09329000000001031,0.1865800000000064,0.0,-0.03149999999999986,0.0596000000000001,0.040000000000000036,-0.03530000000000033,0.09999999999999964,0.09999999999999964,0.0,0.0,1.22858,1.18075,1.352636,1.992887,0.11095200000000016,0.38631299999999946,0.4228050000000003,-0.3867390000000004
2005-02-01,-0.6530499999999932,-0.1865800000000064,0.0932899999999961,0.18658999999999537,0.023600000000000065,-0.0264000000000002,-0.02719999999999967,0.010099999999999998,0.0,0.09999999999999964,0.09999999999999964,0.29999999999999893,1.252444,1.204682,1.295262,2.304139,0.45449499999999965,-0.12170699999999979,0.034876999999999825,-0.201581
2005-03-01,0.3731700000000018,0.9329199999999958,-0.1865800000000064,0.2798700000000025,-0.018600000000000172,-0.03149999999999986,0.011299999999999866,-0.025799999999999823,0.20000000000000107,0.09999999999999964,0.0,0.20000000000000107,1.089149,1.22858,1.237966,2.614952,0.11352000000000029,0.11095200000000016,0.21023700000000023,-0.3018939999999999
2005-04-01,0.3731700000000018,-0.6530499999999932,0.09329000000001031,0.2798700000000025,-0.0017999999999998018,0.023600000000000065,0.0596000000000001,0.07229999999999981,0.0,0.0,0.09999999999999964,0.0,0.927074,1.252444,1.18075,2.925328,-0.0874050000000004,0.45449499999999965,0.38631299999999946,-0.4846170000000001
2005-05-01,-0.1865800000000064,0.3731700000000018,-0.1865800000000064,0.18658999999999537,0.018999999999999684,-0.018600000000000172,-0.0264000000000002,-0.06279999999999974,0.29999999999999893,0.20000000000000107,0.09999999999999964,0.0,0.766203,1.089149,1.204682,2.396404,0.2068140000000005,0.11352000000000029,-0.12170699999999979,-0.5057210000000003
2005-06-01,0.1865800000000064,0.3731700000000018,0.9329199999999958,0.0,-0.005700000000000038,-0.0017999999999998018,-0.03149999999999986,0.012499999999999734,0.0,0.0,0.09999999999999964,0.0,1.128292,0.927074,1.22858,1.872194,0.4369429999999994,-0.0874050000000004,0.11095200000000016,0.0754330000000003
2005-07-01,0.0932899999999961,-0.1865800000000064,-0.6530499999999932,0.1865800000000064,-0.007699999999999818,0.018999999999999684,0.023600000000000065,0.040000000000000036,0.0,0.29999999999999893,0.0,0.0,1.490864,0.766203,1.252444,1.352636,0.5177940000000003,0.2068140000000005,0.45449499999999965,0.4228050000000003
2005-08-01,0.3731700000000018,0.1865800000000064,0.3731700000000018,0.0932899999999961,0.010600000000000165,-0.005700000000000038,-0.018600000000000172,-0.02719999999999967,0.0,0.0,0.20000000000000107,0.09999999999999964,1.853919,1.128292,1.089149,1.295262,0.4761489999999995,0.4369429999999994,0.11352000000000029,0.034876999999999825
2005-09-01,0.09329999999999927,0.0932899999999961,0.3731700000000018,-0.1865800000000064,-0.01200000000000001,-0.007699999999999818,-0.0017999999999998018,0.011299999999999866,0.0,0.0,0.0,0.0,2.074982,1.490864,0.927074,1.237966,0.15647700000000064,0.5177940000000003,-0.0874050000000004,0.21023700000000023
2005-10-01,0.0932899999999961,0.3731700000000018,-0.1865800000000064,0.09329000000001031,0.033199999999999896,0.010600000000000165,0.018999999999999684,0.0596000000000001,-0.09999999999999964,0.0,0.29999999999999893,0.09999999999999964,2.29599,1.853919,0.766203,1.18075,0.16045199999999937,0.4761489999999995,0.2068140000000005,0.38631299999999946
2005-11-01,0.0932899999999961,0.09329999999999927,0.1865800000000064,-0.1865800000000064,-0.027000000000000135,-0.01200000000000001,-0.005700000000000038,-0.0264000000000002,-0.09999999999999964,0.0,0.0,0.09999999999999964,2.516942,2.074982,1.128292,1.204682,0.009724000000000288,0.15647700000000064,0.4369429999999994,-0.12170699999999979
2005-12-01,-0.27987999999999147,0.0932899999999961,0.0932899999999961,0.9329199999999958,0.01880000000000015,0.033199999999999896,-0.007699999999999818,-0.03149999999999986,-0.09999999999999964,-0.09999999999999964,0.0,0.09999999999999964,2.710573,2.29599,1.490864,1.22858,-0.19318499999999972,0.16045199999999937,0.5177940000000003,0.11095200000000016
2006-01-01,0.6530499999999932,0.0932899999999961,0.3731700000000018,-0.6530499999999932,0.18979999999999997,-0.027000000000000135,0.010600000000000165,0.023600000000000065,-0.20000000000000107,-0.09999999999999964,0.0,0.0,2.903837,2.516942,1.853919,1.252444,0.14613499999999924,0.009724000000000288,0.4761489999999995,0.45449499999999965
2006-02-01,-0.27987999999999147,-0.27987999999999147,0.09329999999999927,0.3731700000000018,0.05069999999999997,0.01880000000000015,-0.01200000000000001,-0.018600000000000172,-0.09999999999999964,-0.09999999999999964,0.0,0.20000000000000107,3.096733,2.710573,2.074982,1.089149,-0.017194999999999183,-0.19318499999999972,0.15647700000000064,0.11352000000000029
2006-03-01,0.3731700000000018,0.6530499999999932,0.0932899999999961,0.3731700000000018,0.0230999999999999,0.18979999999999997,0.033199999999999896,-0.0017999999999998018,-0.09999999999999964,-0.20000000000000107,-0.09999999999999964,0.0,3.558255,2.903837,2.29599,0.927074,-0.09429700000000096,0.14613499999999924,0.16045199999999937,-0.0874050000000004
2006-04-01,0.0,-0.27987999999999147,0.0932899999999961,-0.1865800000000064,0.1705000000000001,0.05069999999999997,-0.027000000000000135,0.018999999999999684,0.0,-0.09999999999999964,-0.09999999999999964,0.29999999999999893,4.017809,3.096733,2.516942,0.766203,0.31962700000000055,-0.017194999999999183,0.009724000000000288,0.2068140000000005
2006-05-01,0.27987999999999147,0.3731700000000018,-0.27987999999999147,0.1865800000000064,0.10829999999999984,0.0230999999999999,0.01880000000000015,-0.005700000000000038,-0.1999999999999993,-0.09999999999999964,-0.09999999999999964,0.0,4.475409,3.558255,2.710573,1.128292,0.4880759999999995,-0.09429700000000096,-0.19318499999999972,0.4369429999999994
2006-06-01,0.0,0.0,0.6530499999999932,0.0932899999999961,-0.05149999999999988,0.1705000000000001,0.18979999999999997,-0.007699999999999818,-0.10000000000000142,0.0,-0.20000000000000107,0.0,4.503928,4.017809,2.903837,1.490864,0.06443200000000004,0.31962700000000055,0.14613499999999924,0.5177940000000003
2006-07-01,0.1865800000000064,0.27987999999999147,-0.27987999999999147,0.3731700000000018,0.12090000000000023,0.10829999999999984,0.05069999999999997,0.010600000000000165,-0.09999999999999964,-0.1999999999999993,-0.09999999999999964,0.0,4.532281,4.475409,3.096733,1.853919,-0.5035819999999998,0.4880759999999995,-0.017194999999999183,0.4761489999999995
2006-08-01,0.3731700000000018,0.0,0.3731700000000018,0.09329999999999927,0.11609999999999987,-0.05149999999999988,0.0230999999999999,-0.01200000000000001,-0.09999999999999964,-0.10000000000000142,-0.09999999999999964,0.0,4.560469,4.503928,3.558255,2.074982,-0.6414239999999989,0.06443200000000004,-0.09429700000000096,0.15647700000000064
2006-09-01,-0.1865800000000064,0.1865800000000064,0.0,0.0932899999999961,0.15450000000000008,0.12090000000000023,0.1705000000000001,0.033199999999999896,-0.09999999999999964,-0.09999999999999964,0.0,-0.09999999999999964,4.986126,4.532281,4.017809,2.29599,-0.01040100000000077,-0.5035819999999998,0.31962700000000055,0.16045199999999937
2006-10-01,-0.2798800000000057,0.3731700000000018,0.27987999999999147,0.0932899999999961,0.07269999999999976,0.11609999999999987,0.10829999999999984,-0.027000000000000135,-0.09999999999999964,-0.09999999999999964,-0.1999999999999993,-0.09999999999999964,5.409836,4.560469,4.475409,2.516942,0.6417100000000007,-0.6414239999999989,0.4880759999999995,0.009724000000000288
2006-11-01,0.09329000000001031,-0.1865800000000064,0.0,-0.27987999999999147,0.23720000000000008,0.15450000000000008,-0.05149999999999988,0.01880000000000015,-0.10000000000000142,-0.09999999999999964,-0.10000000000000142,-0.09999999999999964,5.831614,4.986126,4.503928,2.710573,0.141845,-0.01040100000000077,0.06443200000000004,-0.19318499999999972
2006-12-01,0.0,-0.2798800000000057,0.1865800000000064,0.6530499999999932,0.0495000000000001,0.07269999999999976,0.12090000000000023,0.18979999999999997,-0.09999999999999964,-0.09999999999999964,-0.09999999999999964,-0.20000000000000107,5.920672,5.409836,4.532281,2.903837,0.008547999999999334,0.6417100000000007,-0.5035819999999998,0.14613499999999924
2007-01-01,0.6530499999999932,0.09329000000001031,0.3731700000000018,-0.27987999999999147,0.1734,0.23720000000000008,0.11609999999999987,0.05069999999999997,-0.1999999999999993,-0.10000000000000142,-0.09999999999999964,-0.09999999999999964,6.009226,5.831614,4.560469,3.096733,0.4027379999999994,0.141845,-0.6414239999999989,-0.017194999999999183
2007-02-01,0.0,0.0,-0.1865800000000064,0.3731700000000018,0.062100000000000044,0.0495000000000001,0.15450000000000008,0.0230999999999999,-0.20000000000000107,-0.09999999999999964,-0.09999999999999964,-0.09999999999999964,6.097281,5.920672,4.986126,3.558255,0.4609690000000004,0.008547999999999334,-0.01040100000000077,-0.09429700000000096
2007-03-01,0.3731599999999986,0.6530499999999932,-0.2798800000000057,0.0,0.006299999999999972,0.1734,0.07269999999999976,0.1705000000000001,-0.09999999999999964,-0.1999999999999993,-0.09999999999999964,0.0,5.686687,6.009226,5.409836,4.017809,0.2145810000000008,0.4027379999999994,0.6417100000000007,0.31962700000000055
2007-04-01,0.1865800000000064,0.0,0.09329000000001031,0.27987999999999147,0.12139999999999995,0.062100000000000044,0.23720000000000008,0.10829999999999984,-0.1999999999999993,-0.20000000000000107,-0.10000000000000142,-0.1999999999999993,5.281464,6.097281,5.831614,4.475409,0.6144780000000001,0.4609690000000004,0.141845,0.4880759999999995
2007-05-01,0.4664599999999979,0.3731599999999986,0.0,0.0,0.12860000000000005,0.006299999999999972,0.0495000000000001,-0.05149999999999988,-0.20000000000000107,-0.09999999999999964,-0.09999999999999964,-0.10000000000000142,4.881506,5.686687,5.920672,4.503928,0.08211099999999938,0.2145810000000008,0.008547999999999334,0.06443200000000004
2007-06-01,0.0,0.1865800000000064,0.6530499999999932,0.1865800000000064,-0.028999999999999915,0.12139999999999995,0.1734,0.12090000000000023,-0.09999999999999964,-0.1999999999999993,-0.1999999999999993,-0.09999999999999964,4.852733,5.281464,6.009226,4.532281,-0.1630749999999992,0.6144780000000001,0.4027379999999994,-0.5035819999999998
2007-07-01,0.0,0.4664599999999979,0.0,0.3731700000000018,0.1652,0.12860000000000005,0.062100000000000044,0.11609999999999987,-0.09999999999999964,-0.20000000000000107,-0.20000000000000107,-0.09999999999999964,4.824142,4.881506,6.097281,4.560469,0.6254739999999988,0.08211099999999938,0.4609690000000004,-0.6414239999999989
2007-08-01,0.46647000000000105,0.0,0.3731599999999986,-0.1865800000000064,0.10749999999999993,-0.028999999999999915,0.006299999999999972,0.15450000000000008,0.0,-0.09999999999999964,-0.09999999999999964,-0.09999999999999964,4.795733,4.852733,5.686687,4.986126,0.5420510000000007,-0.1630749999999992,0.2145810000000008,-0.01040100000000077
2007-09-01,-0.09329999999999927,0.0,0.1865800000000064,-0.2798800000000057,-0.01580000000000048,0.1652,0.12139999999999995,0.07269999999999976,-0.09999999999999964,-0.09999999999999964,-0.1999999999999993,-0.09999999999999964,4.46817,4.824142,5.281464,5.409836,0.16474799999999945,0.6254739999999988,0.6144780000000001,0.6417100000000007
2007-10-01,0.18658999999999537,0.46647000000000105,0.4664599999999979,0.09329000000001031,-0.018799999999999706,0.10749999999999993,0.12860000000000005,0.23720000000000008,0.0,0.0,-0.20000000000000107,-0.10000000000000142,4.144733,4.795733,4.881506,5.831614,-0.3011210000000002,0.5420510000000007,0.08211099999999938,0.141845
2007-11-01,0.1865800000000064,-0.09329999999999927,0.0,0.0,-0.08720000000000017,-0.01580000000000048,-0.028999999999999915,0.0495000000000001,-0.09999999999999964,-0.09999999999999964,-0.09999999999999964,-0.09999999999999964,3.825342,4.46817,4.852733,5.920672,0.356853000000001,0.16474799999999945,-0.1630749999999992,0.008547999999999334
2007-12-01,0.4664599999999979,0.18658999999999537,0.0,0.6530499999999932,0.08070000000000022,-0.018799999999999706,0.1652,0.1734,-0.10000000000000142,0.0,-0.09999999999999964,-0.1999999999999993,3.73229,4.144733,4.824142,6.009226,0.6885289999999991,-0.3011210000000002,0.6254739999999988,0.4027379999999994
2008-01-01,0.5597599999999971,0.1865800000000064,0.46647000000000105,0.0,-0.1429999999999998,-0.08720000000000017,0.10749999999999993,0.062100000000000044,-0.09999999999999964,-0.09999999999999964,0.0,-0.20000000000000107,3.639919,3.825342,4.795733,6.097281,-0.46008099999999885,0.356853000000001,0.5420510000000007,0.4609690000000004
2008-02-01,-0.27987999999999147,0.4664599999999979,-0.09329999999999927,0.3731599999999986,0.1426999999999996,0.08070000000000022,-0.01580000000000048,0.006299999999999972,-0.09999999999999964,-0.10000000000000142,-0.09999999999999964,-0.09999999999999964,3.548222,3.73229,4.46817,5.686687,-0.17338500000000145,0.6885289999999991,0.16474799999999945,0.2145810000000008
2008-03-01,0.37316999999998757,0.5597599999999971,0.18658999999999537,0.1865800000000064,0.006099999999999994,-0.1429999999999998,-0.018799999999999706,0.12139999999999995,-0.09999999999999964,-0.09999999999999964,0.0,-0.1999999999999993,3.177876,3.639919,4.144733,5.281464,0.3408810000000013,-0.46008099999999885,-0.3011210000000002,0.6144780000000001
2008-04-01,0.4664600000000121,-0.27987999999999147,0.1865800000000064,0.4664599999999979,0.06310000000000038,0.1426999999999996,-0.08720000000000017,0.12860000000000005,-0.10000000000000053,-0.09999999999999964,-0.09999999999999964,-0.20000000000000107,2.809541,3.548222,3.825342,4.881506,-0.764558000000001,-0.17338500000000145,0.356853000000001,0.08211099999999938
2008-05-01,-0.1865800000000064,0.37316999999998757,0.4664599999999979,0.0,-0.10420000000000007,0.006099999999999994,0.08070000000000022,-0.028999999999999915,-0.09999999999999964,-0.09999999999999964,-0.10000000000000142,-0.09999999999999964,2.443203,3.177876,3.73229,4.852733,-0.49024999999999963,0.3408810000000013,0.6885289999999991,-0.1630749999999992
2008-06-01,0.559749999999994,0.4664600000000121,0.5597599999999971,0.0,0.022899999999999476,0.06310000000000038,-0.1429999999999998,0.1652,-0.20000000000000018,-0.10000000000000053,-0.09999999999999964,-0.09999999999999964,2.056042,2.809541,3.639919,4.824142,0.09075200000000017,-0.764558000000001,-0.46008099999999885,0.6254739999999988
2008-07-01,0.1865800000000064,-0.1865800000000064,-0.27987999999999147,0.46647000000000105,-0.0029999999999992255,-0.10420000000000007,0.1426999999999996,0.10749999999999993,-0.09999999999999964,-0.09999999999999964,-0.09999999999999964,0.0,1.671133,2.443203,3.548222,4.795733,-0.4844380000000008,-0.49024999999999963,-0.17338500000000145,0.5420510000000007
2008-08-01,0.5597599999999971,0.559749999999994,0.37316999999998757,-0.09329999999999927,0.18409999999999993,0.022899999999999476,0.006099999999999994,-0.01580000000000048,-0.10000000000000053,-0.20000000000000018,-0.09999999999999964,-0.09999999999999964,1.288454,2.056042,3.177876,4.46817,-0.5869339999999994,0.09075200000000017,0.3408810000000013,0.16474799999999945
2008-09-01,-0.27987999999999147,0.1865800000000064,0.4664600000000121,0.18658999999999537,0.10809999999999942,-0.0029999999999992255,0.06310000000000038,-0.018799999999999706,-0.20000000000000018,-0.09999999999999964,-0.10000000000000053,0.0,0.566226,1.671133,2.809541,4.144733,-0.07042599999999943,-0.4844380000000008,-0.764558000000001,-0.3011210000000002
2008-10-01,-0.09329000000001031,0.5597599999999971,-0.1865800000000064,0.1865800000000064,-0.025599999999999845,0.18409999999999993,-0.10420000000000007,-0.08720000000000017,-0.09999999999999964,-0.10000000000000053,-0.09999999999999964,-0.09999999999999964,-0.151366,1.288454,2.443203,3.825342,-0.10045600000000121,-0.5869339999999994,-0.49024999999999963,0.356853000000001
2008-11-01,-0.18658999999999537,-0.27987999999999147,0.559749999999994,0.4664599999999979,-0.4535,0.10809999999999942,0.022899999999999476,0.08070000000000022,0.0,-0.20000000000000018,-0.20000000000000018,-0.10000000000000142,-0.864365,0.566226,2.056042,3.73229,-0.13074299999999894,-0.07042599999999943,0.09075200000000017,0.6885289999999991
2008-12-01,-0.4664599999999979,-0.09329000000001031,0.1865800000000064,0.5597599999999971,-0.6696,-0.025599999999999845,-0.0029999999999992255,-0.1429999999999998,0.0,-0.09999999999999964,-0.09999999999999964,-0.09999999999999964,-2.374055,-0.151366,1.671133,3.639919,-0.285794000000001,-0.10045600000000121,-0.4844380000000008,-0.46008099999999885
2009-01-01,0.3731700000000018,-0.18658999999999537,0.5597599999999971,-0.27987999999999147,-0.6637999999999997,-0.4535,0.18409999999999993,0.1426999999999996,0.09999999999999964,0.0,-0.10000000000000053,-0.09999999999999964,-3.875376,-0.864365,1.288454,3.548222,-0.6469799999999992,-0.13074299999999894,-0.5869339999999994,-0.17338500000000145
2009-02-01,-0.4664599999999979,-0.4664599999999979,-0.27987999999999147,0.37316999999998757,-0.6742000000000001,-0.6696,0.10809999999999942,0.006099999999999994,0.0,0.0,-0.20000000000000018,-0.09999999999999964,-5.368398,-2.374055,0.566226,3.177876,-1.009208,-0.285794000000001,-0.07042599999999943,0.3408810000000013
2009-03-01,0.559749999999994,0.3731700000000018,-0.09329000000001031,0.4664600000000121,-0.5550999999999999,-0.6637999999999997,-0.025599999999999845,0.06310000000000038,0.10000000000000053,0.09999999999999964,-0.09999999999999964,-0.10000000000000053,-5.133021,-3.875376,-0.151366,2.809541,-0.7544279999999999,-0.6469799999999992,-0.10045600000000121,-0.764558000000001
2009-04-01,-0.1865800000000064,-0.4664599999999979,-0.18658999999999537,-0.1865800000000064,-0.19510000000000005,-0.6742000000000001,-0.4535,-0.10420000000000007,0.09999999999999964,0.0,0.0,-0.09999999999999964,-4.89724,-5.368398,-0.864365,2.443203,-0.5145080000000002,-1.009208,-0.13074299999999894,-0.49024999999999963
2009-05-01,0.09329000000001031,0.559749999999994,-0.4664599999999979,0.559749999999994,-0.22010000000000007,-0.5550999999999999,-0.6696,0.022899999999999476,0.10000000000000053,0.10000000000000053,0.0,-0.20000000000000018,-4.661055,-5.133021,-2.374055,2.056042,-0.56717,-0.7544279999999999,-0.285794000000001,0.09075200000000017
2009-06-01,-0.09329000000001031,-0.1865800000000064,0.3731700000000018,0.1865800000000064,-0.059799999999999964,-0.19510000000000005,-0.6637999999999997,-0.0029999999999992255,0.09999999999999964,0.09999999999999964,0.09999999999999964,-0.09999999999999964,-4.250603,-4.89724,-3.875376,1.671133,-0.7658820000000004,-0.5145080000000002,-0.6469799999999992,-0.4844380000000008
2009-07-01,0.2798800000000057,0.09329000000001031,-0.4664599999999979,0.5597599999999971,-0.08410000000000006,-0.22010000000000007,-0.6742000000000001,0.18409999999999993,0.0,0.10000000000000053,0.0,-0.10000000000000053,-3.839438,-4.661055,-5.368398,1.288454,-0.7867719999999991,-0.56717,-1.009208,-0.5869339999999994
2009-08-01,0.0,-0.09329000000001031,0.559749999999994,-0.27987999999999147,-0.3404,-0.059799999999999964,-0.5550999999999999,0.10809999999999942,0.09999999999999964,0.09999999999999964,0.10000000000000053,-0.20000000000000018,-3.427559,-4.250603,-5.133021,0.566226,-0.5077580000000004,-0.7658820000000004,-0.7544279999999999,-0.07042599999999943
2009-09-01,0.1865800000000064,0.2798800000000057,-0.1865800000000064,-0.09329000000001031,-0.010099999999999998,-0.08410000000000006,-0.19510000000000005,-0.025599999999999845,-0.09999999999999964,0.0,0.09999999999999964,-0.09999999999999964,-2.6358,-3.839438,-4.89724,-0.151366,-0.7439879999999999,-0.7867719999999991,-0.5145080000000002,-0.10045600000000121
2009-10-01,-0.2798800000000057,0.0,0.09329000000001031,-0.18658999999999537,0.015700000000000047,-0.3404,-0.22010000000000007,-0.4535,0.0,0.09999999999999964,0.10000000000000053,0.0,-1.837782,-3.427559,-4.661055,-0.864365,-0.7389540000000001,-0.5077580000000004,-0.56717,-0.13074299999999894
2009-11-01,0.0,0.1865800000000064,-0.09329000000001031,-0.4664599999999979,-0.004500000000000004,-0.010099999999999998,-0.059799999999999964,-0.6696,-0.09999999999999964,-0.09999999999999964,0.09999999999999964,0.0,-1.033428,-2.6358,-4.250603,-2.374055,-1.164395,-0.7439879999999999,-0.7658820000000004,-0.285794000000001
2009-12-01,-0.0932899999999961,-0.2798800000000057,0.2798800000000057,0.3731700000000018,0.003699999999999981,0.015700000000000047,-0.08410000000000006,-0.6637999999999997,-0.20000000000000018,0.0,0.0,0.09999999999999964,0.418977,-1.837782,-3.839438,-3.875376,-1.111368,-0.7389540000000001,-0.7867719999999991,-0.6469799999999992
2010-01-01,0.7463300000000004,0.0,0.0,-0.4664599999999979,-0.007799999999999974,-0.004500000000000004,-0.3404,-0.6742000000000001,0.0,-0.09999999999999964,0.09999999999999964,0.0,1.908574,-1.033428,-3.427559,-5.368398,-0.411597,-1.164395,-0.5077580000000004,-1.009208
2010-02-01,-0.559740000000005,-0.0932899999999961,0.1865800000000064,0.559749999999994,-0.010600000000000054,0.003699999999999981,-0.010099999999999998,-0.5550999999999999,-0.10000000000000053,-0.20000000000000018,-0.09999999999999964,0.10000000000000053,3.436809,0.418977,-2.6358,-5.133021,-0.25119899999999995,-1.111368,-0.7439879999999999,-0.7544279999999999
2010-03-01,0.3731700000000018,0.7463300000000004,-0.2798800000000057,-0.1865800000000064,-0.0033999999999999586,-0.007799999999999974,0.015700000000000047,-0.19510000000000005,-0.09999999999999964,0.0,0.0,0.09999999999999964,3.877716,1.908574,-1.837782,-4.89724,-0.3695050000000001,-0.411597,-0.7389540000000001,-0.5145080000000002
2010-04-01,0.4664499999999947,-0.559740000000005,0.0,0.09329000000001031,0.007099999999999995,-0.010600000000000054,-0.004500000000000004,-0.22010000000000007,-0.09999999999999964,-0.10000000000000053,-0.09999999999999964,0.10000000000000053,4.31719,3.436809,-1.033428,-4.661055,-0.10444900000000001,-0.25119899999999995,-1.164395,-0.56717
2010-05-01,0.09329000000001031,0.3731700000000018,-0.0932899999999961,-0.09329000000001031,0.005599999999999994,-0.0033999999999999586,0.003699999999999981,-0.059799999999999964,-0.10000000000000053,-0.09999999999999964,-0.20000000000000018,0.09999999999999964,4.755238,3.877716,0.418977,-4.250603,0.11401100000000008,-0.3695050000000001,-1.111368,-0.7658820000000004
2010-06-01,-0.09329000000001031,0.4664499999999947,0.7463300000000004,0.2798800000000057,-0.00940000000000002,0.007099999999999995,-0.007799999999999974,-0.08410000000000006,-0.09999999999999964,-0.09999999999999964,0.0,0.0,4.98948,4.31719,1.908574,-3.839438,0.307721,-0.10444900000000001,-0.411597,-0.7867719999999991
2010-07-01,0.0,0.09329000000001031,-0.559740000000005,0.0,0.01040000000000002,0.005599999999999994,-0.010600000000000054,-0.3404,-0.10000000000000053,-0.10000000000000053,-0.10000000000000053,0.09999999999999964,5.222123,4.755238,3.436809,-3.427559,-0.586251,0.11401100000000008,-0.25119899999999995,-0.5077580000000004
2010-08-01,0.1865800000000064,-0.09329000000001031,0.3731700000000018,0.1865800000000064,0.12680000000000002,-0.00940000000000002,-0.0033999999999999586,-0.010099999999999998,-0.09999999999999964,-0.09999999999999964,-0.09999999999999964,-0.09999999999999964,5.453184,4.98948,3.877716,-2.6358,-0.7566830000000002,0.307721,-0.3695050000000001,-0.7439879999999999
2010-09-01,0.09329999999999927,0.0,0.4664499999999947,-0.2798800000000057,-0.05550000000000005,0.01040000000000002,0.007099999999999995,0.015700000000000047,-0.09999999999999964,-0.10000000000000053,-0.09999999999999964,0.0,5.380266,5.222123,4.31719,-1.837782,0.3778910000000002,-0.586251,-0.10444900000000001,-0.7389540000000001
2010-10-01,-0.09329999999999927,0.1865800000000064,0.09329000000001031,0.0,0.028000000000000025,0.12680000000000002,0.005599999999999994,-0.004500000000000004,0.0,-0.09999999999999964,-0.10000000000000053,-0.09999999999999964,5.307963,5.453184,4.755238,-1.033428,0.25183599999999995,-0.7566830000000002,0.11401100000000008,-1.164395
2010-11-01,0.09329999999999927,0.09329999999999927,-0.09329000000001031,-0.0932899999999961,0.24770000000000003,-0.05550000000000005,-0.00940000000000002,0.003699999999999981,-0.10000000000000053,-0.09999999999999964,-0.09999999999999964,-0.20000000000000018,5.236265,5.380266,4.98948,0.418977,0.12455599999999989,0.3778910000000002,0.307721,-1.111368
2010-12-01,0.0932899999999961,-0.09329999999999927,0.0,0.7463300000000004,-0.10870000000000002,0.028000000000000025,0.01040000000000002,-0.007799999999999974,-0.09999999999999964,0.0,-0.10000000000000053,0.0,5.690722,5.307963,5.222123,1.908574,0.31434300000000015,0.25183599999999995,-0.586251,-0.411597
2011-01-01,0.5597500000000082,0.09329999999999927,0.1865800000000064,-0.559740000000005,-0.09450000000000003,0.24770000000000003,0.12680000000000002,-0.010600000000000054,-0.10000000000000053,-0.10000000000000053,-0.09999999999999964,-0.10000000000000053,6.143361,5.236265,5.453184,3.436809,0.232317,0.12455599999999989,-0.7566830000000002,-0.25119899999999995
2011-02-01,-0.1865800000000064,0.0932899999999961,0.09329999999999927,0.3731700000000018,0.16090000000000004,-0.10870000000000002,-0.05550000000000005,-0.0033999999999999586,-0.09999999999999964,-0.09999999999999964,-0.09999999999999964,-0.09999999999999964,6.594192,5.690722,5.380266,3.877716,0.28779299999999997,0.31434300000000015,0.3778910000000002,-0.3695050000000001
2011-03-01,0.559749999999994,0.5597500000000082,-0.09329999999999927,0.4664499999999947,0.04809999999999992,-0.09450000000000003,0.028000000000000025,0.007099999999999995,-0.09999999999999964,-0.10000000000000053,0.0,-0.09999999999999964,6.164719,6.143361,5.307963,4.31719,0.302707,0.232317,0.25183599999999995,-0.10444900000000001
2011-04-01,0.5597500000000082,-0.1865800000000064,0.09329999999999927,0.09329000000001031,-0.0484,0.16090000000000004,0.24770000000000003,0.005599999999999994,-0.20000000000000018,-0.09999999999999964,-0.10000000000000053,-0.10000000000000053,5.740255,6.594192,5.236265,4.755238,0.175213,0.28779299999999997,0.12455599999999989,0.11401100000000008
2011-05-01,0.0,0.559749999999994,0.0932899999999961,-0.09329000000001031,0.3074,0.04809999999999992,-0.10870000000000002,-0.00940000000000002,-0.10000000000000053,-0.09999999999999964,-0.09999999999999964,-0.09999999999999964,5.320712,6.164719,5.690722,4.98948,-0.019681000000000004,0.302707,0.31434300000000015,0.307721
2011-06-01,0.0,0.5597500000000082,0.5597500000000082,0.0,0.06730000000000014,-0.0484,-0.09450000000000003,0.01040000000000002,0.0,-0.20000000000000018,-0.10000000000000053,-0.10000000000000053,5.085503,5.740255,6.143361,5.222123,-0.269882,0.175213,0.232317,-0.586251
2011-07-01,0.09329999999999927,0.0,-0.1865800000000064,0.1865800000000064,0.09060000000000001,0.3074,0.16090000000000004,0.12680000000000002,-0.09999999999999964,-0.10000000000000053,-0.09999999999999964,-0.09999999999999964,4.852935,5.320712,6.594192,5.453184,0.834489,-0.019681000000000004,0.28779299999999997,-0.7566830000000002
2011-08-01,0.1865799999999922,0.0,0.559749999999994,0.09329999999999927,-0.11220000000000008,0.06730000000000014,0.04809999999999992,-0.05550000000000005,0.0,0.0,-0.09999999999999964,-0.09999999999999964,4.622964,5.085503,6.164719,5.380266,1.077324,-0.269882,0.302707,0.3778910000000002
2011-09-01,0.09329000000001031,0.09329999999999927,0.5597500000000082,-0.09329999999999927,-0.10599999999999998,0.09060000000000001,-0.0484,0.028000000000000025,-0.09999999999999964,-0.09999999999999964,-0.20000000000000018,0.0,4.401787,4.852935,5.740255,5.307963,0.2526959999999998,0.834489,0.175213,0.25183599999999995
2011-10-01,0.18658999999999537,0.1865799999999922,0.0,0.09329999999999927,0.09970000000000001,-0.11220000000000008,0.3074,0.24770000000000003,0.0,0.0,-0.10000000000000053,-0.10000000000000053,4.182169,4.622964,5.320712,5.236265,0.295903,1.077324,-0.019681000000000004,0.12455599999999989
2011-11-01,0.0,0.09329000000001031,0.0,0.0932899999999961,-0.04590000000000005,-0.10599999999999998,0.06730000000000014,-0.10870000000000002,-0.10000000000000053,-0.09999999999999964,0.0,-0.09999999999999964,3.964093,4.401787,5.085503,5.690722,-0.0813489999999999,0.2526959999999998,-0.269882,0.31434300000000015
2011-12-01,0.1865800000000064,0.18658999999999537,0.09329999999999927,0.5597500000000082,-0.16959999999999997,0.09970000000000001,0.09060000000000001,-0.09450000000000003,-0.09999999999999964,0.0,-0.09999999999999964,-0.10000000000000053,3.426609,4.182169,4.852935,6.143361,-0.21663699999999997,0.295903,0.834489,0.232317
2012-01-01,0.18658999999999537,0.0,0.1865799999999922,-0.1865800000000064,-0.16300000000000003,-0.04590000000000005,-0.11220000000000008,0.16090000000000004,0.0,-0.10000000000000053,0.0,-0.09999999999999964,2.89585,3.964093,4.622964,6.594192,0.17997499999999977,-0.0813489999999999,1.077324,0.28779299999999997
2012-02-01,-0.09329999999999927,0.1865800000000064,0.09329000000001031,0.559749999999994,-0.247,-0.16959999999999997,-0.10599999999999998,0.04809999999999992,-0.10000000000000053,-0.09999999999999964,-0.09999999999999964,-0.09999999999999964,2.371691,3.426609,4.401787,6.164719,0.03753800000000007,-0.21663699999999997,0.2526959999999998,0.302707
2012-03-01,0.6530499999999932,0.18658999999999537,0.18658999999999537,0.5597500000000082,-0.014400000000000024,-0.16300000000000003,0.09970000000000001,-0.0484,0.0,0.0,0.0,-0.20000000000000018,2.323249,2.89585,4.182169,5.740255,-0.03714499999999976,0.17997499999999977,0.295903,0.175213
2012-04-01,0.559740000000005,-0.09329999999999927,0.0,0.0,-0.008899999999999963,-0.247,-0.04590000000000005,0.3074,0.0,-0.10000000000000053,-0.10000000000000053,-0.10000000000000053,2.274985,2.371691,3.964093,5.320712,0.485897,0.03753800000000007,-0.0813489999999999,-0.019681000000000004
2012-05-01,-0.18657000000000323,0.6530499999999932,0.1865800000000064,0.0,-0.0116,-0.014400000000000024,-0.16959999999999997,0.06730000000000014,0.0,0.0,-0.09999999999999964,0.0,2.226898,2.323249,3.426609,5.085503,0.04040199999999983,-0.03714499999999976,-0.21663699999999997,-0.269882
2012-06-01,0.0,0.559740000000005,0.18658999999999537,0.09329999999999927,-0.008099999999999996,-0.008899999999999963,-0.16300000000000003,0.09060000000000001,0.0,0.0,0.0,-0.09999999999999964,2.169241,2.274985,2.89585,4.852935,-0.1289039999999999,0.485897,0.17997499999999977,0.834489
2012-07-01,-0.18658999999999537,-0.18657000000000323,-0.09329999999999927,0.1865799999999922,-0.0050000000000000044,-0.0116,-0.247,-0.11220000000000008,0.0,0.0,-0.10000000000000053,0.0,2.111978,2.226898,2.371691,4.622964,0.32748199999999983,0.04040199999999983,0.03753800000000007,1.077324
2012-08-01,0.3731599999999986,0.0,0.6530499999999932,0.09329000000001031,-0.14780000000000001,-0.008099999999999996,-0.014400000000000024,-0.10599999999999998,0.0,0.0,0.0,-0.09999999999999964,2.055103,2.169241,2.323249,4.401787,0.27410000000000023,-0.1289039999999999,-0.03714499999999976,0.2526959999999998
2012-09-01,0.3731700000000018,-0.18658999999999537,0.559740000000005,0.18658999999999537,-0.0741,-0.0050000000000000044,-0.008899999999999963,0.09970000000000001,-0.09999999999999964,0.0,0.0,0.0,1.94703,2.111978,2.274985,4.182169,-0.20438400000000012,0.32748199999999983,0.485897,0.295903
2012-10-01,0.09329999999999927,0.3731599999999986,-0.18657000000000323,0.0,-0.010800000000000004,-0.14780000000000001,-0.0116,-0.04590000000000005,0.0,0.0,0.0,-0.10000000000000053,1.839264,2.055103,2.226898,3.964093,-0.39096600000000015,0.27410000000000023,0.04040199999999983,-0.0813489999999999
2012-11-01,0.0,0.3731700000000018,0.0,0.1865800000000064,-0.008599999999999997,-0.0741,-0.008099999999999996,-0.16959999999999997,0.0,-0.09999999999999964,0.0,-0.09999999999999964,1.731804,1.94703,2.169241,3.426609,0.405033,-0.20438400000000012,-0.1289039999999999,-0.21663699999999997
2012-12-01,0.0932899999999961,0.09329999999999927,-0.18658999999999537,0.18658999999999537,-0.012200000000000003,-0.010800000000000004,-0.0050000000000000044,-0.16300000000000003,0.0,0.0,0.0,0.0,1.70436,1.839264,2.111978,2.89585,0.4098280000000001,-0.39096600000000015,0.32748199999999983,0.17997499999999977
2013-01-01,0.2798800000000057,0.0,0.3731599999999986,-0.09329999999999927,-0.005099999999999993,-0.008599999999999997,-0.14780000000000001,-0.247,0.0,0.0,0.0,-0.10000000000000053,1.676978,1.731804,2.055103,2.371691,-0.25383999999999984,0.405033,0.27410000000000023,0.03753800000000007
2013-02-01,-0.46647000000000105,0.0932899999999961,0.3731700000000018,0.6530499999999932,-0.004400000000000001,-0.012200000000000003,-0.0741,-0.014400000000000024,0.09999999999999964,0.0,-0.09999999999999964,0.0,1.649657,1.70436,1.94703,2.323249,-0.31753300000000007,0.4098280000000001,-0.20438400000000012,-0.03714499999999976
2013-03-01,0.5597599999999971,0.2798800000000057,0.09329999999999927,0.559740000000005,-0.0013000000000000095,-0.005099999999999993,-0.010800000000000004,-0.008899999999999963,0.0,0.0,0.0,0.0,1.955738,1.676978,1.839264,2.274985,-0.12217499999999992,-0.25383999999999984,-0.39096600000000015,0.485897
2013-04-01,0.4664599999999979,-0.46647000000000105,0.0,-0.18657000000000323,-0.0006999999999999923,-0.004400000000000001,-0.008599999999999997,-0.0116,-0.09999999999999964,0.09999999999999964,0.0,0.0,2.260981,1.649657,1.731804,2.226898,-0.30132400000000015,-0.31753300000000007,0.405033,0.04040199999999983
2013-05-01,-0.4664599999999979,0.5597599999999971,0.0932899999999961,0.0,0.013999999999999999,-0.0013000000000000095,-0.012200000000000003,-0.008099999999999996,0.0,0.0,0.0,0.0,2.565389,1.955738,1.70436,2.169241,-0.03670399999999985,-0.12217499999999992,0.4098280000000001,-0.1289039999999999
2013-06-01,0.3731700000000018,0.4664599999999979,0.2798800000000057,-0.18658999999999537,-0.0022999999999999965,-0.0006999999999999923,-0.005099999999999993,-0.0050000000000000044,0.0,-0.09999999999999964,0.0,0.0,2.61227,2.260981,1.676978,2.111978,0.05036599999999991,-0.30132400000000015,-0.25383999999999984,0.32748199999999983
2013-07-01,0.0932899999999961,-0.4664599999999979,-0.46647000000000105,0.3731599999999986,0.007499999999999993,0.013999999999999999,-0.004400000000000001,-0.14780000000000001,-0.09999999999999964,0.0,0.09999999999999964,0.0,2.658885,2.565389,1.649657,2.055103,-0.42671000000000014,-0.03670399999999985,-0.31753300000000007,0.27410000000000023
2013-08-01,0.4664599999999979,0.3731700000000018,0.5597599999999971,0.3731700000000018,0.006900000000000003,-0.0022999999999999965,-0.0013000000000000095,-0.0741,0.0,0.0,0.0,-0.09999999999999964,2.705234,2.61227,1.955738,1.94703,-0.42933299999999996,0.05036599999999991,-0.12217499999999992,-0.20438400000000012
2013-09-01,0.0,0.0932899999999961,0.4664599999999979,0.09329999999999927,-0.011099999999999999,0.007499999999999993,-0.0006999999999999923,-0.010800000000000004,0.0,-0.09999999999999964,-0.09999999999999964,0.0,2.855485,2.658885,2.260981,1.839264,0.15955200000000014,-0.42671000000000014,-0.30132400000000015,-0.39096600000000015
2013-10-01,0.0,0.4664599999999979,-0.4664599999999979,0.0,-0.001700000000000007,0.006900000000000003,0.013999999999999999,-0.008599999999999997,0.0,0.0,0.0,0.0,3.005627,2.705234,2.565389,1.731804,0.09252599999999989,-0.42933299999999996,-0.03670399999999985,0.405033
2013-11-01,-0.1865799999999922,0.0,0.3731700000000018,0.0932899999999961,0.012999999999999998,-0.011099999999999999,-0.0022999999999999965,-0.012200000000000003,-0.10000000000000053,0.0,0.0,0.0,3.155658,2.855485,2.61227,1.70436,-0.478005,0.15955200000000014,0.05036599999999991,0.4098280000000001
2013-12-01,0.1865799999999922,0.0,0.0932899999999961,0.2798800000000057,0.009800000000000003,-0.001700000000000007,0.007499999999999993,-0.005099999999999993,0.0,0.0,-0.09999999999999964,0.0,3.66968,3.005627,2.658885,1.676978,-0.09522900000000001,0.09252599999999989,-0.42671000000000014,-0.25383999999999984
2014-01-01,0.3731700000000018,-0.1865799999999922,0.4664599999999979,-0.46647000000000105,0.0655,0.012999999999999998,0.006900000000000003,-0.004400000000000001,0.0,-0.10000000000000053,0.0,0.09999999999999964,4.182816,3.155658,2.705234,1.649657,-0.3159899999999999,-0.478005,-0.42933299999999996,-0.31753300000000007
2014-02-01,-0.559749999999994,0.1865799999999922,0.0,0.5597599999999971,0.027499999999999997,0.009800000000000003,-0.011099999999999999,-0.0013000000000000095,0.0,0.0,0.0,0.0,4.695068,3.66968,2.855485,1.955738,-0.10686000000000007,-0.09522900000000001,0.15955200000000014,-0.12217499999999992
2014-03-01,0.4664599999999979,0.3731700000000018,0.0,0.4664599999999979,-0.03939999999999999,0.0655,-0.001700000000000007,-0.0006999999999999923,0.0,0.0,0.0,-0.09999999999999964,4.416958,4.182816,3.005627,2.260981,0.35494500000000007,-0.3159899999999999,0.09252599999999989,-0.30132400000000015
2014-04-01,0.2798700000000025,-0.559749999999994,-0.1865799999999922,-0.4664599999999979,0.03519999999999998,0.027499999999999997,0.012999999999999998,0.013999999999999999,0.0,0.0,-0.10000000000000053,0.0,4.141268,4.695068,3.155658,2.565389,-0.1545930000000001,-0.10686000000000007,-0.478005,-0.03670399999999985
2014-05-01,-0.1865800000000064,0.4664599999999979,0.1865799999999922,0.3731700000000018,0.06200000000000003,-0.03939999999999999,0.009800000000000003,-0.0022999999999999965,0.0,0.0,0.0,0.0,3.867965,4.416958,3.66968,2.61227,-0.32348999999999994,0.35494500000000007,-0.09522900000000001,0.05036599999999991
2014-06-01,-0.0932899999999961,0.2798700000000025,0.3731700000000018,0.0932899999999961,-0.005900000000000016,0.03519999999999998,0.0655,0.007499999999999993,-0.09999999999999964,0.0,0.0,-0.09999999999999964,3.783506,4.141268,4.182816,2.658885,0.20631299999999997,-0.1545930000000001,-0.3159899999999999,-0.42671000000000014
2014-07-01,0.2798700000000025,-0.1865800000000064,-0.559749999999994,0.4664599999999979,-0.1722,0.06200000000000003,0.027499999999999997,0.006900000000000003,0.0,0.0,0.0,0.0,3.699604,3.867965,4.695068,2.705234,0.4699660000000001,-0.32348999999999994,-0.10686000000000007,-0.42933299999999996
2014-08-01,0.27987999999999147,-0.0932899999999961,0.4664599999999979,0.0,-0.03250000000000001,-0.005900000000000016,-0.03939999999999999,-0.011099999999999999,0.0,-0.09999999999999964,0.0,0.0,3.616255,3.783506,4.416958,2.855485,0.3223369999999999,0.20631299999999997,0.35494500000000007,0.15955200000000014
2014-09-01,0.0,0.2798700000000025,0.2798700000000025,0.0,-0.0254,-0.1722,0.03519999999999998,-0.001700000000000007,0.0,0.0,0.0,0.0,3.830446,3.699604,4.141268,3.005627,0.22924900000000004,0.4699660000000001,-0.1545930000000001,0.09252599999999989
2014-10-01,0.0,0.27987999999999147,-0.1865800000000064,-0.1865799999999922,-0.0113,-0.03250000000000001,0.06200000000000003,0.012999999999999998,0.0,0.0,0.0,-0.10000000000000053,4.043855,3.616255,3.867965,3.155658,0.2705949999999999,0.3223369999999999,-0.32348999999999994,-0.478005
2014-11-01,-0.27987999999999147,0.0,-0.0932899999999961,0.1865799999999922,-0.011099999999999999,-0.0254,-0.005900000000000016,0.009800000000000003,0.0,0.0,-0.09999999999999964,0.0,4.256487,3.830446,3.783506,3.66968,0.3050040000000003,0.22924900000000004,0.20631299999999997,-0.09522900000000001
2014-12-01,0.0,0.0,0.2798700000000025,0.3731700000000018,-0.0070999999999999995,-0.0113,-0.1722,0.0655,-0.10000000000000053,0.0,0.0,0.0,3.761508,4.043855,3.699604,4.182816,0.3886729999999998,0.2705949999999999,0.4699660000000001,-0.3159899999999999
2015-01-01,0.0,-0.27987999999999147,0.27987999999999147,-0.559749999999994,-0.0185,-0.011099999999999999,-0.03250000000000001,0.027499999999999997,0.0,0.0,0.0,0.0,3.272252,4.256487,3.616255,4.695068,1.182302,0.3050040000000003,0.3223369999999999,-0.10686000000000007
2015-02-01,-1.026210000000006,0.0,0.0,0.4664599999999979,-0.0205,-0.0070999999999999995,-0.0254,-0.03939999999999999,-0.09999999999999964,-0.10000000000000053,0.0,0.0,2.788623,3.761508,3.830446,4.416958,1.1873839999999998,0.3886729999999998,0.22924900000000004,0.35494500000000007
2015-03-01,0.7001199999999983,0.0,0.0,0.2798700000000025,0.014600000000000002,-0.0185,-0.0113,0.03519999999999998,0.0,0.0,0.0,0.0,2.998901,3.272252,4.043855,4.141268,0.37077000000000027,1.182302,0.2705949999999999,-0.1545930000000001
2015-04-01,0.5000800000000112,-1.026210000000006,-0.27987999999999147,-0.1865800000000064,-0.014400000000000003,-0.0205,-0.011099999999999999,0.06200000000000003,0.0,-0.09999999999999964,0.0,0.0,3.208458,2.788623,4.256487,3.867965,0.18883399999999995,1.1873839999999998,0.3050040000000003,-0.32348999999999994
2015-05-01,0.500079999999997,0.7001199999999983,0.0,-0.0932899999999961,-0.024099999999999996,0.014600000000000002,-0.0070999999999999995,-0.005900000000000016,-0.09999999999999964,0.0,-0.10000000000000053,-0.09999999999999964,3.417298,2.998901,3.761508,3.783506,0.540864,0.37077000000000027,0.3886729999999998,0.20631299999999997
2015-06-01,0.20000000000000284,0.5000800000000112,0.0,0.2798700000000025,-0.03130000000000001,-0.014400000000000003,-0.0185,-0.1722,0.0,0.0,0.0,0.0,3.442742,3.208458,3.272252,3.699604,0.19834700000000005,0.18883399999999995,1.182302,0.4699660000000001
2015-07-01,0.0,0.500079999999997,-1.026210000000006,0.27987999999999147,-0.012699999999999989,-0.024099999999999996,-0.0205,-0.03250000000000001,0.0,-0.09999999999999964,-0.09999999999999964,0.0,3.46806,3.417298,2.788623,3.616255,-0.2779790000000002,0.540864,1.1873839999999998,0.3223369999999999
2015-08-01,0.20009999999999195,0.20000000000000284,0.7001199999999983,0.0,0.0007999999999999952,-0.03130000000000001,0.014600000000000002,-0.0254,-0.10000000000000053,0.0,0.0,0.0,3.493251,3.442742,2.998901,3.830446,0.12646800000000002,0.19834700000000005,0.37077000000000027,0.22924900000000004
2015-09-01,0.0,0.0,0.5000800000000112,0.0,-0.003600000000000006,-0.012699999999999989,-0.014400000000000003,-0.0113,0.0,0.0,0.0,0.0,3.341598,3.46806,3.208458,4.043855,-0.06929599999999958,-0.2779790000000002,0.18883399999999995,0.2705949999999999
2015-10-01,-0.20009999999999195,0.20009999999999195,0.500079999999997,-0.27987999999999147,-0.014399999999999982,0.0007999999999999952,-0.024099999999999996,-0.011099999999999999,0.0,-0.10000000000000053,-0.09999999999999964,0.0,3.19112,3.493251,3.417298,4.256487,-0.3467190000000002,0.12646800000000002,0.540864,0.3050040000000003
2015-11-01,0.0,0.0,0.20000000000000284,0.0,-0.0032000000000000084,-0.003600000000000006,-0.03130000000000001,-0.0070999999999999995,-0.09999999999999964,0.0,0.0,-0.10000000000000053,3.041803,3.341598,3.442742,3.761508,0.32657199999999964,-0.06929599999999958,0.19834700000000005,0.3886729999999998
2015-12-01,-0.7000799999999998,-0.20009999999999195,0.0,0.0,0.004200000000000009,-0.014399999999999982,-0.012699999999999989,-0.0185,0.0,0.0,0.0,0.0,3.353532,3.19112,3.46806,3.272252,0.22474500000000042,-0.3467190000000002,-0.2779790000000002,1.182302
2016-01-01,0.0,0.0,0.20009999999999195,-1.026210000000006,-0.06430000000000002,-0.0032000000000000084,0.0007999999999999952,-0.0205,0.0,-0.09999999999999964,-0.10000000000000053,-0.09999999999999964,3.664592,3.041803,3.493251,2.788623,-0.8572120000000005,0.32657199999999964,0.12646800000000002,1.1873839999999998
2016-02-01,-0.7001200000000125,-0.7000799999999998,0.0,0.7001199999999983,-0.039699999999999985,0.004200000000000009,-0.003600000000000006,0.014600000000000002,-0.10000000000000053,0.0,0.0,0.0,3.974986,3.353532,3.341598,2.998901,-0.6992919999999998,0.22474500000000042,-0.06929599999999958,0.37077000000000027
2016-03-01,0.30005000000001303,0.0,-0.20009999999999195,0.5000800000000112,-0.001700000000000007,-0.06430000000000002,-0.014399999999999982,-0.014400000000000003,0.0,0.0,0.0,0.0,3.783064,3.664592,3.19112,3.208458,0.03775200000000023,-0.8572120000000005,-0.3467190000000002,0.18883399999999995
2016-04-01,0.7001499999999936,-0.7001200000000125,0.0,0.500079999999997,-0.04730000000000001,-0.039699999999999985,-0.0032000000000000084,-0.024099999999999996,-0.09999999999999964,-0.10000000000000053,-0.09999999999999964,-0.09999999999999964,3.592579,3.974986,3.041803,3.417298,-0.0363749999999996,-0.6992919999999998,0.32657199999999964,0.540864
2016-05-01,0.09999999999999432,0.30005000000001303,-0.7000799999999998,0.20000000000000284,-0.05009999999999998,-0.001700000000000007,0.004200000000000009,-0.03130000000000001,0.0,0.0,0.0,0.0,3.403513,3.783064,3.353532,3.442742,-0.11616900000000019,0.03775200000000023,0.22474500000000042,0.19834700000000005
2016-06-01,0.5001000000000033,0.7001499999999936,0.0,0.0,-0.00020000000000003348,-0.04730000000000001,-0.06430000000000002,-0.012699999999999989,0.0,-0.09999999999999964,0.0,0.0,3.306755,3.592579,3.664592,3.46806,-0.015906000000000198,-0.0363749999999996,-0.8572120000000005,-0.2779790000000002
2016-07-01,0.10000000000000853,0.09999999999999432,-0.7001200000000125,0.20009999999999195,0.005500000000000005,-0.05009999999999998,-0.039699999999999985,0.0007999999999999952,0.0,0.0,-0.10000000000000053,-0.10000000000000053,3.210528,3.403513,3.974986,3.493251,0.10979799999999962,-0.11616900000000019,-0.6992919999999998,0.12646800000000002
2016-08-01,0.4000999999999948,0.5001000000000033,0.30005000000001303,0.0,0.0037000000000000366,-0.00020000000000003348,-0.001700000000000007,-0.003600000000000006,-0.10000000000000009,0.0,0.0,0.0,3.114827,3.306755,3.783064,3.341598,0.16974300000000042,-0.015906000000000198,0.03775200000000023,-0.06929599999999958
2016-09-01,-0.10009999999999764,0.10000000000000853,0.7001499999999936,-0.20009999999999195,-0.010000000000000009,0.005500000000000005,-0.04730000000000001,-0.014399999999999982,0.0,0.0,-0.09999999999999964,0.0,3.149064,3.210528,3.592579,3.19112,0.027032000000000167,0.10979799999999962,-0.0363749999999996,-0.3467190000000002
2016-10-01,0.0,0.4000999999999948,0.09999999999999432,0.0,-0.004200000000000037,0.0037000000000000366,-0.05009999999999998,-0.0032000000000000084,-0.10000000000000009,-0.10000000000000009,0.0,-0.09999999999999964,3.183135,3.114827,3.403513,3.041803,-0.0008620000000005845,0.16974300000000042,-0.11616900000000019,0.32657199999999964
2016-11-01,0.20009999999999195,-0.10009999999999764,0.5001000000000033,-0.7000799999999998,-0.003599999999999992,-0.010000000000000009,-0.00020000000000003348,0.004200000000000009,-0.09999999999999964,0.0,0.0,0.0,3.217042,3.149064,3.306755,3.353532,-0.3415169999999996,0.027032000000000167,-0.015906000000000198,0.22474500000000042
2016-12-01,-0.700099999999992,0.0,0.10000000000000853,0.0,-0.0020999999999999908,-0.004200000000000037,0.005500000000000005,-0.06430000000000002,0.0,-0.10000000000000009,0.0,0.0,3.344652,3.183135,3.210528,3.664592,-0.24673799999999968,-0.0008620000000005845,0.10979799999999962,-0.8572120000000005
2017-01-01,0.700099999999992,0.20009999999999195,0.4000999999999948,-0.7001200000000125,-0.0016999999999999793,-0.003599999999999992,0.0037000000000000366,-0.039699999999999985,0.0,-0.09999999999999964,-0.10000000000000009,-0.10000000000000053,3.471223,3.217042,3.114827,3.974986,0.3741659999999998,-0.3415169999999996,0.16974300000000042,-0.6992919999999998
2017-02-01,-0.6000999999999976,-0.700099999999992,-0.10009999999999764,0.30005000000001303,-0.0010999999999999899,-0.0020999999999999908,-0.010000000000000009,-0.001700000000000007,0.0,0.0,0.0,0.0,3.596768,3.344652,3.149064,3.783064,0.03731099999999987,-0.24673799999999968,0.027032000000000167,0.03775200000000023
2017-03-01,0.6000999999999976,0.700099999999992,0.0,0.7001499999999936,-0.0013000000000000234,-0.0016999999999999793,-0.004200000000000037,-0.04730000000000001,-0.10000000000000009,0.0,-0.10000000000000009,-0.09999999999999964,3.804637,3.471223,3.183135,3.592579,-0.2117469999999999,0.3741659999999998,-0.0008620000000005845,-0.0363749999999996
2017-04-01,0.20000000000000284,-0.6000999999999976,0.20009999999999195,0.09999999999999432,-0.0006999999999999784,-0.0010999999999999899,-0.003599999999999992,-0.05009999999999998,0.0,0.0,-0.09999999999999964,0.0,4.011713,3.596768,3.217042,3.403513,0.34327099999999966,0.03731099999999987,-0.3415169999999996,-0.11616900000000019
2017-05-01,0.4000999999999948,0.6000999999999976,-0.700099999999992,0.5001000000000033,-0.003400000000000014,-0.0013000000000000234,-0.0020999999999999908,-0.00020000000000003348,0.0,-0.10000000000000009,0.0,0.0,4.218,3.804637,3.344652,3.306755,0.08338000000000001,-0.2117469999999999,-0.24673799999999968,-0.015906000000000198
2017-06-01,0.0,0.20000000000000284,0.700099999999992,0.10000000000000853,-0.0020000000000000018,-0.0006999999999999784,-0.0016999999999999793,0.005500000000000005,0.0,0.0,0.0,0.0,4.494551,4.011713,3.471223,3.210528,-0.3716469999999994,0.34327099999999966,0.3741659999999998,0.10979799999999962
2017-07-01,0.30000000000001137,0.4000999999999948,-0.6000999999999976,0.4000999999999948,0.00019999999999997797,-0.003400000000000014,-0.0010999999999999899,0.0037000000000000366,-0.10000000000000009,0.0,0.0,-0.10000000000000009,4.770101,4.218,3.596768,3.114827,-0.04198100000000071,0.08338000000000001,0.03731099999999987,0.16974300000000042
2017-08-01,0.4000999999999948,0.0,0.6000999999999976,-0.10009999999999764,-0.0007999999999999674,-0.0020000000000000018,-0.0013000000000000234,-0.010000000000000009,0.0,0.0,-0.10000000000000009,0.0,5.044654,4.494551,3.804637,3.149064,-0.20366699999999938,-0.3716469999999994,-0.2117469999999999,0.027032000000000167
2017-09-01,0.09999999999999432,0.30000000000001137,0.20000000000000284,0.0,0.003699999999999981,0.00019999999999997797,-0.0006999999999999784,-0.004200000000000037,0.0,-0.10000000000000009,0.0,-0.10000000000000009,5.226628,4.770101,4.011713,3.183135,0.028218999999999994,-0.04198100000000071,0.34327099999999966,-0.0008620000000005845
2017-10-01,0.10000000000000853,0.4000999999999948,0.4000999999999948,0.20009999999999195,-0.0022999999999999687,-0.0007999999999999674,-0.003400000000000014,-0.003599999999999992,-0.10000000000000009,0.0,0.0,-0.09999999999999964,5.407601,5.044654,4.218,3.217042,0.3443069999999997,-0.20366699999999938,0.08338000000000001,-0.3415169999999996
2017-11-01,-0.20000000000000284,0.09999999999999432,0.0,-0.700099999999992,-0.0009000000000000119,0.003699999999999981,-0.0020000000000000018,-0.0020999999999999908,0.0,0.0,0.0,0.0,5.587582,5.226628,4.494551,3.344652,-0.000496000000000052,0.028218999999999994,-0.3716469999999994,-0.24673799999999968
2017-12-01,-0.4000999999999948,0.10000000000000853,0.30000000000001137,0.700099999999992,0.009799999999999975,-0.0022999999999999687,0.00019999999999997797,-0.0016999999999999793,0.0,-0.10000000000000009,-0.10000000000000009,0.0,4.967561,5.407601,4.770101,3.471223,-0.1859099999999998,0.3443069999999997,-0.04198100000000071,0.3741659999999998
2018-01-01,0.5000999999999891,-0.20000000000000284,0.4000999999999948,-0.6000999999999976,0.006900000000000017,-0.0009000000000000119,-0.0007999999999999674,-0.0010999999999999899,0.0,0.0,0.0,0.0,4.354097,5.587582,5.044654,3.596768,-0.29009600000000013,-0.000496000000000052,-0.20366699999999938,0.03731099999999987
2018-02-01,-0.6000999999999976,-0.4000999999999948,0.09999999999999432,0.6000999999999976,-0.020100000000000007,0.009799999999999975,0.003699999999999981,-0.0013000000000000234,-0.10000000000000009,0.0,0.0,-0.10000000000000009,3.747088,4.967561,5.226628,3.804637,-0.2885439999999999,-0.1859099999999998,0.028218999999999994,-0.2117469999999999
2018-03-01,0.3001000000000005,0.5000999999999891,0.10000000000000853,0.20000000000000284,-0.0023000000000000242,0.006900000000000017,-0.0022999999999999687,-0.0006999999999999784,0.0,0.0,-0.10000000000000009,0.0,3.743626,4.354097,5.407601,4.011713,-0.309075,-0.29009600000000013,0.3443069999999997,0.34327099999999966
2018-04-01,0.6000999999999976,-0.6000999999999976,-0.20000000000000284,0.4000999999999948,0.0008000000000000229,-0.020100000000000007,-0.0009000000000000119,-0.003400000000000014,0.0,-0.10000000000000009,0.0,0.0,3.740191,3.747088,5.587582,4.218,-0.35248800000000013,-0.2885439999999999,-0.000496000000000052,0.08338000000000001
2018-05-01,0.20000000000000284,0.3001000000000005,-0.4000999999999948,0.0,-0.0018000000000000238,-0.0023000000000000242,0.009799999999999975,-0.0020000000000000018,-0.09999999999999964,0.0,0.0,0.0,3.736782,3.743626,4.967561,4.494551,-0.13760499999999976,-0.309075,-0.1859099999999998,-0.3716469999999994
2018-06-01,0.8001000000000005,0.6000999999999976,0.5000999999999891,0.30000000000001137,0.003200000000000036,0.0008000000000000229,0.006900000000000017,0.00019999999999997797,0.0,0.0,0.0,-0.10000000000000009,3.277403,3.740191,4.354097,4.770101,0.32548699999999986,-0.35248800000000013,-0.29009600000000013,-0.04198100000000071
2018-07-01,0.10000000000000853,0.20000000000000284,-0.6000999999999976,0.4000999999999948,0.0006999999999999784,-0.0018000000000000238,-0.020100000000000007,-0.0007999999999999674,0.0,-0.09999999999999964,-0.10000000000000009,0.0,2.822099,3.736782,3.747088,5.044654,0.5361789999999997,-0.13760499999999976,-0.2885439999999999,-0.20366699999999938
2018-08-01,0.4000999999999948,0.8001000000000005,0.3001000000000005,0.09999999999999432,-0.0017999999999999683,0.003200000000000036,-0.0023000000000000242,0.003699999999999981,0.0,0.0,0.0,0.0,2.370818,3.277403,3.743626,5.226628,0.05181500000000039,0.32548699999999986,-0.309075,0.028218999999999994
2018-09-01,0.09999999999999432,0.10000000000000853,0.6000999999999976,0.10000000000000853,0.004500000000000004,0.0006999999999999784,0.0008000000000000229,-0.0022999999999999687,0.0,0.0,0.0,-0.10000000000000009,2.364188,2.822099,3.740191,5.407601,-0.41160600000000036,0.5361789999999997,-0.35248800000000013,0.3443069999999997
2018-10-01,0.20010000000000616,0.4000999999999948,0.20000000000000284,-0.20000000000000284,-0.0036000000000000476,-0.0017999999999999683,-0.0018000000000000238,-0.0009000000000000119,-0.10000000000000009,0.0,-0.09999999999999964,0.0,2.357616,2.370818,3.736782,5.587582,-0.188253,0.05181500000000039,-0.13760499999999976,-0.000496000000000052
2018-11-01,0.20000000000000284,0.09999999999999432,0.8001000000000005,-0.4000999999999948,-0.0032999999999999696,0.004500000000000004,0.003200000000000036,0.009799999999999975,0.0,0.0,0.0,0.0,2.351103,2.364188,3.277403,4.967561,0.09082900000000027,-0.41160600000000036,0.32548699999999986,-0.1859099999999998
2018-12-01,-0.7001000000000062,0.20010000000000616,0.10000000000000853,0.5000999999999891,0.004699999999999982,-0.0036000000000000476,0.0006999999999999784,0.006900000000000017,0.0,-0.10000000000000009,0.0,0.0,2.666497,2.357616,2.822099,4.354097,0.12925299999999984,-0.188253,0.5361789999999997,-0.29009600000000013
2019-01-01,0.0,0.20000000000000284,0.4000999999999948,-0.6000999999999976,0.0008000000000000229,-0.0032999999999999696,-0.0017999999999999683,-0.020100000000000007,0.0,0.0,0.0,-0.10000000000000009,2.982243,2.351103,2.370818,3.747088,0.19345100000000004,0.09082900000000027,0.05181500000000039,-0.2885439999999999
2019-02-01,-0.8002000000000038,-0.7001000000000062,0.09999999999999432,0.3001000000000005,-0.006500000000000006,0.004699999999999982,0.004500000000000004,-0.0023000000000000242,-0.10000000000000009,0.0,0.0,0.0,3.298343,2.666497,2.364188,3.743626,0.11283699999999985,0.12925299999999984,-0.41160600000000036,-0.309075
2019-03-01,0.400100000000009,0.0,0.20010000000000616,0.6000999999999976,0.0,0.0008000000000000229,-0.0036000000000000476,0.0008000000000000229,0.0,0.0,-0.10000000000000009,0.0,3.061863,2.982243,2.357616,3.740191,0.16032500000000027,0.19345100000000004,-0.188253,-0.35248800000000013
2019-04-01,0.4000999999999948,-0.8002000000000038,0.20000000000000284,0.20000000000000284,-0.0009000000000000119,-0.006500000000000006,-0.0032999999999999696,-0.0018000000000000238,0.0,-0.10000000000000009,0.0,-0.09999999999999964,2.82721,3.298343,2.351103,3.736782,0.43659800000000004,0.11283699999999985,0.09082900000000027,-0.13760499999999976
2019-05-01,1.0001000000000033,0.400100000000009,-0.7001000000000062,0.8001000000000005,0.0009000000000000119,0.0,0.004699999999999982,0.003200000000000036,-0.10000000000000009,0.0,0.0,0.0,2.594363,3.061863,2.666497,3.277403,0.2975519999999996,0.16032500000000027,0.12925299999999984,0.32548699999999986
2019-06-01,0.20009999999999195,0.4000999999999948,0.0,0.10000000000000853,0.00040000000000001146,-0.0009000000000000119,0.0008000000000000229,0.0006999999999999784,0.0,0.0,0.0,0.0,2.941972,2.82721,2.982243,2.822099,0.009083000000000396,0.43659800000000004,0.19345100000000004,0.5361789999999997
2019-07-01,0.30000000000001137,1.0001000000000033,-0.8002000000000038,0.4000999999999948,0.0050000000000000044,0.0009000000000000119,-0.006500000000000006,-0.0017999999999999683,0.0,-0.10000000000000009,-0.10000000000000009,0.0,3.28956,2.594363,3.298343,2.370818,-0.1760609999999998,0.2975519999999996,0.11283699999999985,0.05181500000000039
2019-08-01,0.5000999999999891,0.20009999999999195,0.400100000000009,0.09999999999999432,-0.005200000000000038,0.00040000000000001146,0.0,0.004500000000000004,0.0,0.0,0.0,0.0,3.63713,2.941972,3.061863,2.364188,0.12468399999999935,0.009083000000000396,0.16032500000000027,-0.41160600000000036
2019-09-01,-0.19999999999998863,0.30000000000001137,0.4000999999999948,0.20010000000000616,0.005599999999999994,0.0050000000000000044,-0.0009000000000000119,-0.0036000000000000476,0.0,0.0,0.0,-0.10000000000000009,3.306684,3.28956,2.82721,2.357616,0.7006589999999999,-0.1760609999999998,0.43659800000000004,-0.188253
2019-10-01,0.0,0.5000999999999891,1.0001000000000033,0.20000000000000284,-0.04199999999999998,-0.005200000000000038,0.0009000000000000119,-0.0032999999999999696,0.0,0.0,-0.10000000000000009,0.0,2.979143,3.63713,2.594363,2.351103,0.2228950000000003,0.12468399999999935,0.2975519999999996,0.09082900000000027
2019-11-01,0.09999999999999432,-0.19999999999998863,0.20009999999999195,-0.7001000000000062,-0.14639800000000003,0.005599999999999994,0.00040000000000001146,0.004699999999999982,0.0,0.0,0.0,0.0,2.654471,3.306684,2.941972,2.666497,-0.16039099999999973,0.7006589999999999,0.009083000000000396,0.12925299999999984
2019-12-01,-0.8001000000000005,0.0,0.30000000000001137,0.0,0.010448000000000013,-0.04199999999999998,0.0050000000000000044,0.0008000000000000229,0.10000000000000009,0.0,0.0,0.0,1.924649,2.979143,3.28956,2.982243,0.08943799999999946,0.2228950000000003,-0.1760609999999998,0.19345100000000004
2020-01-01,0.5,0.09999999999999432,0.5000999999999891,-0.8002000000000038,-0.0010510000000000241,-0.14639800000000003,-0.005200000000000038,-0.006500000000000006,0.10000000000000009,0.0,0.0,-0.10000000000000009,1.198489,2.654471,3.63713,3.298343,-0.370768,-0.16039099999999973,0.12468399999999935,0.11283699999999985
2020-02-01,-0.6000999999999976,-0.8001000000000005,-0.19999999999998863,0.400100000000009,0.0027800000000000047,0.010448000000000013,0.005599999999999994,0.0,0.10000000000000009,0.10000000000000009,0.0,0.0,0.475962,1.924649,3.306684,3.061863,-0.31003899999999973,0.08943799999999946,0.7006589999999999,0.16032500000000027
2020-03-01,0.31629999999999825,0.5,0.0,0.4000999999999948,-0.0008019999999999694,-0.0010510000000000241,-0.04199999999999998,-0.0009000000000000119,0.09999999999999964,0.10000000000000009,0.0,0.0,-2.400524,1.198489,2.979143,2.82721,0.3011600000000003,-0.370768,0.2228950000000003,0.43659800000000004
2020-04-01,0.2108999999999952,-0.6000999999999976,0.09999999999999432,1.0001000000000033,0.002593999999999985,0.0027800000000000047,-0.14639800000000003,0.0009000000000000119,0.10000000000000009,0.10000000000000009,0.0,-0.10000000000000009,-5.267864,0.475962,2.654471,2.594363,1.0499869999999998,-0.31003899999999973,-0.16039099999999973,0.2975519999999996
2020-05-01,0.10540000000000305,0.31629999999999825,-0.8001000000000005,0.20009999999999195,0.000160000000000049,-0.0008019999999999694,0.010448000000000013,0.00040000000000001146,0.10000000000000009,0.09999999999999964,0.10000000000000009,0.0,-8.126101,-2.400524,1.924649,2.941972,1.223445,0.3011600000000003,0.08943799999999946,0.009083000000000396
2020-06-01,0.0,0.2108999999999952,0.5,0.30000000000001137,-0.004723000000000033,0.002593999999999985,-0.0010510000000000241,0.0050000000000000044,0.20000000000000018,0.10000000000000009,0.10000000000000009,0.0,-6.217563,-5.267864,1.198489,3.28956,0.8705719999999992,1.0499869999999998,-0.370768,-0.1760609999999998
2020-07-01,0.10540000000000305,0.10540000000000305,-0.6000999999999976,0.5000999999999891,-0.004272999999999971,0.000160000000000049,0.0027800000000000047,-0.005200000000000038,0.09999999999999964,0.10000000000000009,0.10000000000000009,0.0,-4.321977,-8.126101,0.475962,3.63713,0.5180620000000005,1.223445,-0.31003899999999973,0.12468399999999935
2020-08-01,-0.8434000000000026,0.0,0.31629999999999825,-0.19999999999998863,-0.005091000000000068,-0.004723000000000033,-0.0008019999999999694,0.005599999999999994,0.0,0.20000000000000018,0.09999999999999964,0.0,-2.439213,-6.217563,-2.400524,3.306684,0.1808569999999996,0.8705719999999992,0.3011600000000003,0.7006589999999999
2020-09-01,0.0,0.10540000000000305,0.2108999999999952,0.0,-0.0025319999999999787,-0.004272999999999971,0.002593999999999985,-0.04199999999999998,0.10000000000000009,0.09999999999999964,0.10000000000000009,0.0,-2.015446,-4.321977,-5.267864,2.979143,-0.2703299999999995,0.5180620000000005,1.0499869999999998,0.2228950000000003
2020-10-01,0.0,-0.8434000000000026,0.10540000000000305,0.09999999999999432,-0.0008449999999999847,-0.005091000000000068,0.000160000000000049,-0.14639800000000003,-0.10000000000000009,0.0,0.10000000000000009,0.0,-1.592721,-2.439213,-8.126101,2.654471,0.04052900000000115,0.1808569999999996,1.223445,-0.16039099999999973
2020-11-01,0.2108999999999952,0.0,0.0,-0.8001000000000005,-0.0017080000000000428,-0.0025319999999999787,-0.004723000000000033,0.010448000000000013,0.0,0.10000000000000009,0.20000000000000018,0.10000000000000009,-1.171035,-2.015446,-6.217563,1.924649,0.7004969999999986,-0.2703299999999995,0.8705719999999992,0.08943799999999946
2020-12-01,-0.2108999999999952,0.0,0.10540000000000305,0.5,-0.001574999999999993,-0.0008449999999999847,-0.004272999999999971,-0.0010510000000000241,0.0,-0.10000000000000009,0.09999999999999964,0.10000000000000009,-0.512442,-1.592721,-4.321977,1.198489,0.28785799999999995,0.04052900000000115,0.5180620000000005,-0.370768
2021-01-01,0.10540000000000305,0.2108999999999952,-0.8434000000000026,-0.6000999999999976,-0.00013299999999993872,-0.0017080000000000428,-0.005091000000000068,0.0027800000000000047,0.0,0.0,0.0,0.10000000000000009,0.152276,-1.171035,-2.439213,0.475962,0.7533060000000003,0.7004969999999986,0.1808569999999996,-0.31003899999999973
2021-02-01,1.265199999999993,-0.2108999999999952,0.0,0.31629999999999825,-0.00941599999999998,-0.001574999999999993,-0.0025319999999999787,-0.0008019999999999694,0.10000000000000009,0.0,0.10000000000000009,0.09999999999999964,0.823203,-0.512442,-2.015446,-2.400524,0.92225,0.28785799999999995,-0.2703299999999995,0.3011600000000003
2021-03-01,0.6325000000000074,0.10540000000000305,0.0,0.2108999999999952,0.0022439999999999127,-0.00013299999999993872,-0.0008449999999999847,0.002593999999999985,0.0,0.0,-0.10000000000000009,0.10000000000000009,4.421864,0.152276,-1.592721,-5.267864,0.04811100000000046,0.7533060000000003,0.04052900000000115,1.0499869999999998
2021-04-01,0.5271999999999935,1.265199999999993,0.2108999999999952,0.10540000000000305,-0.00024599999999996847,-0.00941599999999998,-0.0017080000000000428,0.000160000000000049,0.0,0.10000000000000009,0.0,0.10000000000000009,8.226585,0.823203,-1.171035,-8.126101,-1.3218940000000003,0.92225,0.7004969999999986,1.223445
2021-05-01,0.31629999999999825,0.6325000000000074,-0.2108999999999952,0.0,-0.0022889999999999855,0.0022439999999999127,-0.001574999999999993,-0.004723000000000033,-0.10000000000000009,0.0,0.0,0.20000000000000018,12.255584,4.421864,-0.512442,-6.217563,-1.5276589999999999,0.04811100000000046,0.28785799999999995,0.8705719999999992
2021-06-01,0.2108000000000061,0.5271999999999935,0.10540000000000305,0.10540000000000305,0.0013499999999999623,-0.00024599999999996847,-0.00013299999999993872,-0.004272999999999971,-0.09999999999999964,0.0,0.0,0.09999999999999964,10.446393,8.226585,0.152276,-4.321977,-0.8261959999999995,-1.3218940000000003,0.7533060000000003,0.5180620000000005
2021-07-01,0.31629999999999825,0.31629999999999825,1.265199999999993,-0.8434000000000026,0.0005800000000000249,-0.0022889999999999855,-0.00941599999999998,-0.005091000000000068,-0.10000000000000009,-0.10000000000000009,0.10000000000000009,0.0,8.720925,12.255584,0.823203,-2.439213,-0.42664400000000047,-1.5276589999999999,0.92225,0.1808569999999996
2021-08-01,0.5272000000000077,0.2108000000000061,0.6325000000000074,0.0,-0.0023959999999999537,0.0013499999999999623,0.0022439999999999127,-0.0025319999999999787,-0.10000000000000009,-0.09999999999999964,0.0,0.10000000000000009,7.073499,10.446393,4.421864,-2.015446,0.2253160000000003,-0.8261959999999995,0.04811100000000046,-0.2703299999999995
2021-09-01,0.10539999999998884,0.31629999999999825,0.5271999999999935,0.0,-0.0015780000000000793,0.0005800000000000249,-0.00024599999999996847,-0.0008449999999999847,-0.10000000000000009,-0.10000000000000009,0.0,-0.10000000000000009,7.031257,8.720925,8.226585,-1.592721,0.3049300000000006,-0.42664400000000047,-1.3218940000000003,0.04052900000000115
2021-10-01,0.31630000000001246,0.5272000000000077,0.31629999999999825,0.2108999999999952,-0.0012599999999999278,-0.0023959999999999537,-0.0022889999999999855,-0.0017080000000000428,0.0,-0.10000000000000009,-0.10000000000000009,0.0,6.989481,7.073499,12.255584,-1.171035,-0.15681400000000068,0.2253160000000003,-1.5276589999999999,0.7004969999999986
2021-11-01,0.5270999999999901,0.10539999999998884,0.2108000000000061,-0.2108999999999952,-0.0010529999999999706,-0.0015780000000000793,0.0013499999999999623,-0.001574999999999993,0.0,-0.10000000000000009,-0.09999999999999964,0.0,6.948164,7.031257,10.446393,-0.512442,-0.23071600000000014,0.3049300000000006,-0.8261959999999995,0.28785799999999995
2021-12-01,0.2109000000000094,0.31630000000001246,0.31629999999999825,0.10540000000000305,-0.0028240000000000487,-0.0012599999999999278,0.0005800000000000249,-0.00013299999999993872,0.0,0.0,-0.10000000000000009,0.0,7.746325,6.989481,8.720925,0.152276,-0.16803399999999957,-0.15681400000000068,-0.42664400000000047,0.7533060000000003
2022-01-01,0.21079999999999188,0.5270999999999901,0.5272000000000077,1.265199999999993,-0.003134999999999999,-0.0010529999999999706,-0.0023959999999999537,-0.00941599999999998,0.0,0.0,-0.10000000000000009,0.10000000000000009,8.541263,6.948164,7.073499,0.823203,-0.3571370000000007,-0.23071600000000014,0.2253160000000003,0.92225
2022-02-01,0.5272000000000077,0.2109000000000094,0.10539999999998884,0.6325000000000074,-0.003094000000000041,-0.0028240000000000487,-0.0015780000000000793,0.0022439999999999127,-0.10000000000000009,0.0,-0.10000000000000009,0.0,9.332999,7.746325,7.031257,4.421864,-0.42067999999999994,-0.16803399999999957,0.3049300000000006,0.04811100000000046
2022-03-01,0.8433999999999884,0.21079999999999188,0.31630000000001246,0.5271999999999935,0.0031330000000000524,-0.003134999999999999,-0.0012599999999999278,-0.00024599999999996847,-0.09999999999999964,0.0,0.0,0.0,9.154834,8.541263,6.989481,8.226585,-0.3231409999999997,-0.3571370000000007,-0.15681400000000068,-1.3218940000000003
2022-04-01,2.214000000000013,0.5272000000000077,0.5270999999999901,0.31629999999999825,-0.0013699999999999823,-0.003094000000000041,-0.0010529999999999706,-0.0022889999999999855,0.0,-0.10000000000000009,0.0,-0.10000000000000009,8.979352,9.332999,6.948164,12.255584,-0.045395000000000074,-0.42067999999999994,-0.23071600000000014,-1.5276589999999999
2022-05-01,0.7379999999999995,0.8433999999999884,0.2109000000000094,0.2108000000000061,-0.006004000000000009,0.0031330000000000524,-0.0028240000000000487,0.0013499999999999623,-0.10000000000000009,-0.09999999999999964,0.0,-0.09999999999999964,8.806494,9.154834,7.746325,10.446393,0.1756890000000002,-0.3231409999999997,-0.16803399999999957,-0.8261959999999995
2022-06-01,1.0542999999999978,2.214000000000013,0.21079999999999188,0.31629999999999825,-0.0010339999999999794,-0.0013699999999999823,-0.003134999999999999,0.0005800000000000249,0.0,0.0,0.0,-0.10000000000000009,8.421143,8.979352,8.541263,8.720925,-0.10614599999999985,-0.045395000000000074,-0.3571370000000007,-0.42664400000000047
2022-07-01,0.0,0.7379999999999995,0.5272000000000077,0.5272000000000077,0.0021169999999999245,-0.006004000000000009,-0.003094000000000041,-0.0023959999999999537,0.0,-0.10000000000000009,-0.10000000000000009,-0.10000000000000009,8.041675,8.806494,9.332999,7.073499,-0.26331300000000013,0.1756890000000002,-0.42067999999999994,0.2253160000000003
2022-08-01,0.5270999999999901,1.0542999999999978,0.8433999999999884,0.10539999999998884,0.011560000000000015,-0.0010339999999999794,0.0031330000000000524,-0.0015780000000000793,0.0,0.0,-0.09999999999999964,-0.10000000000000009,7.667958,8.421143,9.154834,7.031257,-0.22005600000000047,-0.10614599999999985,-0.3231409999999997,0.3049300000000006
2022-09-01,0.4217000000000013,0.0,2.214000000000013,0.31630000000001246,0.476412,0.0021169999999999245,-0.0013699999999999823,-0.0012599999999999278,0.0,0.0,0.0,0.0,7.766949,8.041675,8.979352,6.989481,-0.10429200000000005,-0.26331300000000013,-0.045395000000000074,-0.15681400000000068
2022-10-01,2.10860000000001,0.5270999999999901,0.7379999999999995,0.5270999999999901,0.349236,0.011560000000000015,-0.006004000000000009,-0.0010529999999999706,0.10000000000000009,0.0,-0.10000000000000009,0.0,7.864924,7.667958,8.806494,6.948164,0.1499630000000005,-0.22005600000000047,0.1756890000000002,-0.23071600000000014
2022-11-01,0.8433999999999884,0.4217000000000013,1.0542999999999978,0.2109000000000094,0.40079500000000007,0.476412,-0.0010339999999999794,-0.0028240000000000487,-0.10000000000000009,0.0,0.0,0.0,7.961898,7.766949,8.421143,7.746325,-0.6583459999999999,-0.10429200000000005,-0.10614599999999985,-0.16803399999999957
2022-12-01,0.2109000000000094,2.10860000000001,0.0,0.21079999999999188,0.611241,0.349236,0.0021169999999999245,-0.003134999999999999,0.0,0.10000000000000009,0.0,0.0,7.606231,7.864924,8.041675,8.541263,-0.8265770000000003,0.1499630000000005,-0.26331300000000013,-0.3571370000000007
2023-01-01,-0.5272000000000077,0.8433999999999884,0.5270999999999901,0.5272000000000077,0.23734499999999992,0.40079500000000007,0.011560000000000015,-0.003094000000000041,0.0,-0.10000000000000009,0.0,-0.10000000000000009,7.2572,7.961898,7.667958,9.332999,-0.4813400000000003,-0.6583459999999999,-0.22005600000000047,-0.42067999999999994
2023-02-01,1.1598000000000042,0.2109000000000094,0.4217000000000013,0.8433999999999884,0.3973469999999999,0.611241,0.476412,0.0031330000000000524,-0.10000000000000009,0.0,0.0,-0.09999999999999964,6.91462,7.606231,7.766949,9.154834,-0.7149939999999995,-0.8265770000000003,-0.10429200000000005,-0.3231409999999997
2023-03-01,0.9488000000000056,-0.5272000000000077,2.10860000000001,2.214000000000013,0.2993300000000003,0.23734499999999992,0.349236,-0.0013699999999999823,0.0,0.0,0.10000000000000009,0.0,6.662627,7.2572,7.864924,8.979352,-0.5883520000000004,-0.4813400000000003,0.1499630000000005,-0.045395000000000074
2023-04-01,0.9488999999999947,1.1598000000000042,0.8433999999999884,0.7379999999999995,0.3077219999999996,0.3973469999999999,0.40079500000000007,-0.006004000000000009,0.0,-0.10000000000000009,-0.10000000000000009,-0.10000000000000009,6.413625,6.91462,7.961898,8.806494,-0.5486219999999999,-0.7149939999999995,-0.6583459999999999,0.1756890000000002
2023-05-01,0.5271000000000043,0.9488000000000056,0.2109000000000094,1.0542999999999978,0.390717,0.2993300000000003,0.611241,-0.0010339999999999794,0.0,0.0,0.0,0.0,6.167559,6.662627,7.606231,8.421143,-0.7157889999999998,-0.5883520000000004,-0.8265770000000003,-0.10614599999999985
2023-06-01,-0.10540000000000305,0.9488999999999947,-0.5272000000000077,0.0,0.14722800000000014,0.3077219999999996,0.23734499999999992,0.0021169999999999245,0.0,0.0,0.0,0.0,6.058344,6.413625,7.2572,8.041675,-0.600776,-0.5486219999999999,-0.4813400000000003,-0.26331300000000013
2023-07-01,0.31629999999999825,0.5271000000000043,1.1598000000000042,0.5270999999999901,0.15828100000000012,0.390717,0.3973469999999999,0.011560000000000015,0.0,0.0,-0.10000000000000009,0.0,5.950034,6.167559,6.91462,7.667958,-0.4783830000000001,-0.7157889999999998,-0.7149939999999995,-0.22005600000000047
2023-08-01,0.31619999999999493,-0.10540000000000305,0.9488000000000056,0.4217000000000013,0.19867299999999988,0.14722800000000014,0.2993300000000003,0.476412,0.0,0.0,0.0,0.0,5.84262,6.058344,6.662627,7.766949,-0.673935,-0.600776,-0.5883520000000004,-0.10429200000000005
2023-09-01,0.4218000000000046,0.31629999999999825,0.9488999999999947,2.10860000000001,0.20710400000000018,0.15828100000000012,0.3077219999999996,0.349236,0.10000000000000009,0.0,0.0,0.10000000000000009,5.567049,5.950034,6.413625,7.864924,-0.727892,-0.4783830000000001,-0.5486219999999999,0.1499630000000005
2023-10-01,0.31619999999999493,0.31619999999999493,0.5271000000000043,0.8433999999999884,0.10215499999999977,0.19867299999999988,0.390717,0.40079500000000007,0.0,0.0,0.0,-0.10000000000000009,5.294805,5.84262,6.167559,7.961898,-0.30179100000000003,-0.673935,-0.7157889999999998,-0.6583459999999999
2023-11-01,0.0,0.4218000000000046,-0.10540000000000305,0.2109000000000094,0.18853800000000032,0.20710400000000018,0.14722800000000014,0.611241,0.0,0.10000000000000009,0.0,0.0,5.025827,5.567049,6.058344,7.606231,0.13548099999999996,-0.727892,-0.600776,-0.8265770000000003
2023-12-01,-0.5270999999999901,0.31619999999999493,0.31629999999999825,-0.5272000000000077,0.0016840000000000188,0.10215499999999977,0.15828100000000012,0.23734499999999992,0.10000000000000009,0.0,0.0,0.0,4.485098,5.294805,5.950034,7.2572,0.14356800000000003,-0.30179100000000003,-0.4783830000000001,-0.4813400000000003
2024-01-01,0.10540000000000305,0.0,0.31619999999999493,1.1598000000000042,0.0006979999999998654,0.18853800000000032,0.19867299999999988,0.3973469999999999,0.0,0.0,0.0,-0.10000000000000009,3.950971,5.025827,5.84262,6.91462,0.6361220000000001,0.13548099999999996,-0.673935,-0.7149939999999995
2024-02-01,0.2108999999999952,-0.5270999999999901,0.4218000000000046,0.9488000000000056,-0.0007920000000001259,0.0016840000000000188,0.20710400000000018,0.2993300000000003,0.0,0.10000000000000009,0.10000000000000009,0.0,3.423324,4.485098,5.567049,6.662627,0.484215,0.14356800000000003,-0.727892,-0.5883520000000004
2024-03-01,0.5271000000000043,0.10540000000000305,0.31619999999999493,0.9488999999999947,0.006025999999999865,0.0006979999999998654,0.10215499999999977,0.3077219999999996,0.0,0.0,0.0,0.0,3.1667,3.950971,5.294805,6.413625,-0.015452000000000021,0.6361220000000001,-0.30179100000000003,-0.5486219999999999
2024-04-01,0.5271999999999935,0.2108999999999952,0.0,0.5271000000000043,-0.0013649999999998386,-0.0007920000000001259,0.18853800000000032,0.390717,0.09999999999999964,0.0,0.0,0.0,2.911928,3.423324,5.025827,6.167559,0.48434299999999997,0.484215,0.13548099999999996,-0.7157889999999998
2024-05-01,0.6324999999999932,0.5271000000000043,-0.5270999999999901,-0.10540000000000305,0.0009679999999998579,0.006025999999999865,0.0016840000000000188,0.14722800000000014,0.10000000000000009,0.0,0.10000000000000009,0.0,2.658987,3.1667,4.485098,6.058344,0.45428500000000005,-0.015452000000000021,0.14356800000000003,-0.600776
2024-06-01,0.10550000000000637,0.5271999999999935,0.10540000000000305,0.31629999999999825,-0.0013159999999996508,-0.0013649999999998386,0.0006979999999998654,0.15828100000000012,0.0,0.09999999999999964,0.0,0.0,2.516301,2.911928,3.950971,5.950034,0.2078629999999999,0.48434299999999997,0.6361220000000001,-0.4783830000000001
2024-07-01,0.10540000000000305,0.6324999999999932,0.2108999999999952,0.31619999999999493,-0.12093100000000012,0.0009679999999998579,-0.0007920000000001259,0.19867299999999988,0.0,0.10000000000000009,0.0,0.0,2.374509,2.658987,3.423324,5.84262,0.6582070000000002,0.45428500000000005,0.484215,-0.673935
2024-08-01,0.4217000000000013,0.10550000000000637,0.5271000000000043,0.4218000000000046,-0.12294300000000025,-0.0013159999999996508,0.006025999999999865,0.20710400000000018,0.0,0.0,0.0,0.10000000000000009,2.233601,2.516301,3.1667,5.567049,0.49594499999999986,0.2078629999999999,-0.015452000000000021,-0.727892
2024-09-01,-0.10540000000000305,0.10540000000000305,0.5271999999999935,0.31619999999999493,0.0012670000000003512,-0.12093100000000012,-0.0013649999999998386,0.10215499999999977,0.0,0.0,0.09999999999999964,0.0,2.219003,2.374509,2.911928,5.294805,0.398987,0.6582070000000002,0.48434299999999997,-0.30179100000000003
2024-10-01,0.0,0.4217000000000013,0.6324999999999932,0.0,-0.0722640000000001,-0.12294300000000025,0.0009679999999998579,0.18853800000000032,0.0,0.0,0.10000000000000009,0.0,2.204505,2.233601,2.658987,5.025827,0.377885,0.49594499999999986,0.45428500000000005,0.13548099999999996
2024-11-01,0.5271000000000043,-0.10540000000000305,0.10550000000000637,-0.5270999999999901,-0.22069800000000006,0.0012670000000003512,-0.0013159999999996508,0.0016840000000000188,0.0,0.0,0.0,0.10000000000000009,2.190108,2.219003,2.516301,4.485098,0.1783990000000002,0.398987,0.2078629999999999,0.14356800000000003
2024-12-01,-0.31629999999999825,0.0,0.10540000000000305,0.10540000000000305,-0.20642700000000014,-0.0722640000000001,-0.12093100000000012,0.0006979999999998654,0.0,0.0,0.0,0.0,2.481753,2.204505,2.374509,3.950971,0.6113940000000002,0.377885,0.6582070000000002,0.6361220000000001
2025-01-01,0.6325999999999965,0.5271000000000043,0.4217000000000013,0.2108999999999952,-0.06228100000000003,-0.22069800000000006,-0.12294300000000025,-0.0007920000000001259,0.10000000000000009,0.0,0.0,0.0,2.772815,2.190108,2.233601,3.423324,0.11496999999999957,0.1783990000000002,0.49594499999999986,0.484215
2025-02-01,-0.2108000000000061,-0.31629999999999825,-0.10540000000000305,0.5271000000000043,-0.18384699999999965,-0.20642700000000014,0.0012670000000003512,0.006025999999999865,0.0,0.0,0.0,0.0,3.063298,2.481753,2.219003,3.1667,-0.11553400000000025,0.6113940000000002,0.398987,-0.015452000000000021
2025-03-01,0.5271000000000043,0.6325999999999965,0.0,0.5271999999999935,-0.18979400000000002,-0.06228100000000003,-0.0722640000000001,-0.0013649999999998386,0.10000000000000009,0.10000000000000009,0.0,0.09999999999999964,3.160752,2.772815,2.204505,2.911928,0.2527040000000005,0.11496999999999957,0.377885,0.48434299999999997
