country,horizon,response,shock,share
USA,0,GDP,GDP,1.0000000000000002
USA,0,GDP,UNEMPLOYMENT,0.0
USA,0,GDP,CPI,0.0
USA,0,GDP,POLICY_RATE,0.0
USA,0,GDP,M2,0.0
USA,0,UNEMPLOYMENT,GDP,0.9777917823189289
USA,0,UNEMPLOYMENT,UNEMPLOYMENT,0.008433385694895563
USA,0,UNEMPLOYMENT,CPI,0.0036491921243609862
USA,0,UNEMPLOYMENT,POLICY_RATE,0.00033902885845413884
USA,0,UNEMPLOYMENT,M2,0.009786611003360443
USA,0,CPI,GDP,0.9659486300422854
USA,0,CPI,UNEMPLOYMENT,0.00758413511584574
USA,0,CPI,CPI,0.008801249970149447
USA,0,CPI,POLICY_RATE,0.001348709614624631
USA,0,CPI,M2,0.016317275257094924
USA,0,POLICY_RATE,GDP,0.954167674702683
USA,0,POLICY_RATE,UNEMPLOYMENT,0.008752907090708252
USA,0,POLICY_RATE,CPI,0.018939949763761746
USA,0,POLICY_RATE,POLICY_RATE,0.0022580310281617388
USA,0,POLICY_RATE,M2,0.01588143741468528
USA,0,M2,GDP,0.9437737253417523
USA,0,M2,UNEMPLOYMENT,0.00909123376285995
USA,0,M2,CPI,0.02394779454082337
USA,0,M2,POLICY_RATE,0.009771405066202289
USA,0,M2,M2,0.01341584128836216
USA,1,GDP,GDP,0.015557529981213656
USA,1,GDP,UNEMPLOYMENT,0.9844424700187864
USA,1,GDP,CPI,0.0
USA,1,GDP,POLICY_RATE,0.0
USA,1,GDP,M2,0.0
USA,1,UNEMPLOYMENT,GDP,0.013487620451300423
USA,1,UNEMPLOYMENT,UNEMPLOYMENT,0.8916591065762995
USA,1,UNEMPLOYMENT,CPI,0.002125884974145663
USA,1,UNEMPLOYMENT,POLICY_RATE,0.09212148598167293
USA,1,UNEMPLOYMENT,M2,0.000605902016581391
USA,1,CPI,GDP,0.1143156577988967
USA,1,CPI,UNEMPLOYMENT,0.7506777445892437
USA,1,CPI,CPI,0.0017100529251564728
USA,1,CPI,POLICY_RATE,0.12936012715844844
USA,1,CPI,M2,0.003936417528254476
USA,1,POLICY_RATE,GDP,0.15953624651802498
USA,1,POLICY_RATE,UNEMPLOYMENT,0.7106560835403671
USA,1,POLICY_RATE,CPI,0.003603664899291095
USA,1,POLICY_RATE,POLICY_RATE,0.12247746990620986
USA,1,POLICY_RATE,M2,0.003726535136106888
USA,1,M2,GDP,0.1605271309014975
USA,1,M2,UNEMPLOYMENT,0.702344806028508
USA,1,M2,CPI,0.0058998262500902145
USA,1,M2,POLICY_RATE,0.1269513538782126
USA,1,M2,M2,0.004276882941691664
USA,2,GDP,GDP,0.00040148336920660567
USA,2,GDP,UNEMPLOYMENT,0.0010143822432229876
USA,2,GDP,CPI,0.9985841343875704
USA,2,GDP,POLICY_RATE,0.0
USA,2,GDP,M2,0.0
USA,2,UNEMPLOYMENT,GDP,0.0008761957383630188
USA,2,UNEMPLOYMENT,UNEMPLOYMENT,0.0677680993940664
USA,2,UNEMPLOYMENT,CPI,0.9308748771877275
USA,2,UNEMPLOYMENT,POLICY_RATE,0.00031307170201965405
USA,2,UNEMPLOYMENT,M2,0.0001677559778232352
USA,2,CPI,GDP,0.005593219461931708
USA,2,CPI,UNEMPLOYMENT,0.14868392141636474
USA,2,CPI,CPI,0.8417474630350229
USA,2,CPI,POLICY_RATE,0.0029353687006119455
USA,2,CPI,M2,0.001040027386068722
USA,2,POLICY_RATE,GDP,0.01631894540452867
USA,2,POLICY_RATE,UNEMPLOYMENT,0.19877790866084422
USA,2,POLICY_RATE,CPI,0.7634036864923088
USA,2,POLICY_RATE,POLICY_RATE,0.020127958884897896
USA,2,POLICY_RATE,M2,0.0013715005574204309
USA,2,M2,GDP,0.021243410191282546
USA,2,M2,UNEMPLOYMENT,0.22976394768711222
USA,2,M2,CPI,0.6999819142944886
USA,2,M2,POLICY_RATE,0.042236130466072
USA,2,M2,M2,0.006774597361044678
USA,3,GDP,GDP,0.001190355223409383
USA,3,GDP,UNEMPLOYMENT,0.0693573601589782
USA,3,GDP,CPI,3.4945409556347446e-05
USA,3,GDP,POLICY_RATE,0.9294173392080559
USA,3,GDP,M2,0.0
USA,3,UNEMPLOYMENT,GDP,0.005236257097920947
USA,3,UNEMPLOYMENT,UNEMPLOYMENT,0.10630267458576258
USA,3,UNEMPLOYMENT,CPI,0.0020776494406570356
USA,3,UNEMPLOYMENT,POLICY_RATE,0.8858514466355911
USA,3,UNEMPLOYMENT,M2,0.0005319722400683802
USA,3,CPI,GDP,0.009451323196507983
USA,3,CPI,UNEMPLOYMENT,0.11109652915865974
USA,3,CPI,CPI,0.00252355838649258
USA,3,CPI,POLICY_RATE,0.8724851999170723
USA,3,CPI,M2,0.004443389341267416
USA,3,POLICY_RATE,GDP,0.009436584298778672
USA,3,POLICY_RATE,UNEMPLOYMENT,0.10567889464793294
USA,3,POLICY_RATE,CPI,0.019039002238009126
USA,3,POLICY_RATE,POLICY_RATE,0.8567172234140382
USA,3,POLICY_RATE,M2,0.009128295401240962
USA,3,M2,GDP,0.01519180654695806
USA,3,M2,UNEMPLOYMENT,0.10301125545835511
USA,3,M2,CPI,0.039530271524621484
USA,3,M2,POLICY_RATE,0.8331046273054614
USA,3,M2,M2,0.00916203916460389
USA,4,GDP,GDP,0.040865592427409565
USA,4,GDP,UNEMPLOYMENT,0.0024413248959772606
USA,4,GDP,CPI,0.0034233780641575143
USA,4,GDP,POLICY_RATE,0.05991345546639164
USA,4,GDP,M2,0.8933562491460642
USA,4,UNEMPLOYMENT,GDP,0.02342416644856796
USA,4,UNEMPLOYMENT,UNEMPLOYMENT,0.009168858986843501
USA,4,UNEMPLOYMENT,CPI,0.0019524157800282656
USA,4,UNEMPLOYMENT,POLICY_RATE,0.1076083025762932
USA,4,UNEMPLOYMENT,M2,0.857846256208267
USA,4,CPI,GDP,0.049355676019484936
USA,4,CPI,UNEMPLOYMENT,0.08776170958289661
USA,4,CPI,CPI,0.010781463647999378
USA,4,CPI,POLICY_RATE,0.10659806566945669
USA,4,CPI,M2,0.7455030850801624
USA,4,POLICY_RATE,GDP,0.07208938536834399
USA,4,POLICY_RATE,UNEMPLOYMENT,0.14871397251415766
USA,4,POLICY_RATE,CPI,0.009439781753385246
USA,4,POLICY_RATE,POLICY_RATE,0.09611884220897592
USA,4,POLICY_RATE,M2,0.6736380181551372
USA,4,M2,GDP,0.08248270685738697
USA,4,M2,UNEMPLOYMENT,0.1771887790798323
USA,4,M2,CPI,0.01061674872619638
USA,4,M2,POLICY_RATE,0.09117004247636304
USA,4,M2,M2,0.6385417228602215
JAPAN,0,GDP,GDP,1.0
JAPAN,0,GDP,UNEMPLOYMENT,0.0
JAPAN,0,GDP,CPI,0.0
JAPAN,0,GDP,POLICY_RATE,0.0
JAPAN,0,GDP,M2,0.0
JAPAN,0,UNEMPLOYMENT,GDP,0.9956838786880126
JAPAN,0,UNEMPLOYMENT,UNEMPLOYMENT,0.0023154467394210427
JAPAN,0,UNEMPLOYMENT,CPI,0.0011703214091139903
JAPAN,0,UNEMPLOYMENT,POLICY_RATE,0.00012025749255338919
JAPAN,0,UNEMPLOYMENT,M2,0.0007100956708990474
JAPAN,0,CPI,GDP,0.9929194153828901
JAPAN,0,CPI,UNEMPLOYMENT,0.002050985238492593
JAPAN,0,CPI,CPI,0.0012418647315660277
JAPAN,0,CPI,POLICY_RATE,0.0007905740023178129
JAPAN,0,CPI,M2,0.0029971606447335613
JAPAN,0,POLICY_RATE,GDP,0.9856721462696815
JAPAN,0,POLICY_RATE,UNEMPLOYMENT,0.002900205076505636
JAPAN,0,POLICY_RATE,CPI,0.0008834996885010285
JAPAN,0,POLICY_RATE,POLICY_RATE,0.0008405019179050558
JAPAN,0,POLICY_RATE,M2,0.0097036470474069
JAPAN,0,M2,GDP,0.9730605711590206
JAPAN,0,M2,UNEMPLOYMENT,0.0032731435088384944
JAPAN,0,M2,CPI,0.0018862854582465062
JAPAN,0,M2,POLICY_RATE,0.0009691737014827856
JAPAN,0,M2,M2,0.020810826172411683
JAPAN,1,GDP,GDP,0.006869165389358313
JAPAN,1,GDP,UNEMPLOYMENT,0.9931308346106417
JAPAN,1,GDP,CPI,0.0
JAPAN,1,GDP,POLICY_RATE,0.0
JAPAN,1,GDP,M2,0.0
JAPAN,1,UNEMPLOYMENT,GDP,0.023103416892541834
JAPAN,1,UNEMPLOYMENT,UNEMPLOYMENT,0.967519645580269
JAPAN,1,UNEMPLOYMENT,CPI,0.00032567160917706825
JAPAN,1,UNEMPLOYMENT,POLICY_RATE,0.007118077571171088
JAPAN,1,UNEMPLOYMENT,M2,0.0019331883468409578
JAPAN,1,CPI,GDP,0.02379828849266073
JAPAN,1,CPI,UNEMPLOYMENT,0.9668234557277934
JAPAN,1,CPI,CPI,0.00040797885854163587
JAPAN,1,CPI,POLICY_RATE,0.006894801997571734
JAPAN,1,CPI,M2,0.0020754749234325456
JAPAN,1,POLICY_RATE,GDP,0.02597851705170325
JAPAN,1,POLICY_RATE,UNEMPLOYMENT,0.9587727413672937
JAPAN,1,POLICY_RATE,CPI,0.0011075778648458859
JAPAN,1,POLICY_RATE,POLICY_RATE,0.01189923722986216
JAPAN,1,POLICY_RATE,M2,0.0022419264862949327
JAPAN,1,M2,GDP,0.02590663519211011
JAPAN,1,M2,UNEMPLOYMENT,0.9546823379803834
JAPAN,1,M2,CPI,0.001140990014843287
JAPAN,1,M2,POLICY_RATE,0.012327201015055472
JAPAN,1,M2,M2,0.005942835797607733
JAPAN,2,GDP,GDP,0.00027084340868234436
JAPAN,2,GDP,UNEMPLOYMENT,0.000372021912900368
JAPAN,2,GDP,CPI,0.9993571346784172
JAPAN,2,GDP,POLICY_RATE,0.0
JAPAN,2,GDP,M2,0.0
JAPAN,2,UNEMPLOYMENT,GDP,0.0003193335266243043
JAPAN,2,UNEMPLOYMENT,UNEMPLOYMENT,0.004419964416959167
JAPAN,2,UNEMPLOYMENT,CPI,0.9877362118923277
JAPAN,2,UNEMPLOYMENT,POLICY_RATE,9.670948472188536e-05
JAPAN,2,UNEMPLOYMENT,M2,0.007427780679366827
JAPAN,2,CPI,GDP,0.007054318096569033
JAPAN,2,CPI,UNEMPLOYMENT,0.006121006604423799
JAPAN,2,CPI,CPI,0.9740500793694749
JAPAN,2,CPI,POLICY_RATE,0.0055163193498614415
JAPAN,2,CPI,M2,0.007258276579670877
JAPAN,2,POLICY_RATE,GDP,0.00880954114408192
JAPAN,2,POLICY_RATE,UNEMPLOYMENT,0.005978100593244753
JAPAN,2,POLICY_RATE,CPI,0.9610668241885764
JAPAN,2,POLICY_RATE,POLICY_RATE,0.013391179605541072
JAPAN,2,POLICY_RATE,M2,0.010754354468555962
JAPAN,2,M2,GDP,0.008905997915798295
JAPAN,2,M2,UNEMPLOYMENT,0.010527818517028682
JAPAN,2,M2,CPI,0.945900628323813
JAPAN,2,M2,POLICY_RATE,0.022571645810617127
JAPAN,2,M2,M2,0.012093909432742925
JAPAN,3,GDP,GDP,0.001827559206082441
JAPAN,3,GDP,UNEMPLOYMENT,0.0019937230600430124
JAPAN,3,GDP,CPI,0.005619042386414083
JAPAN,3,GDP,POLICY_RATE,0.9905596753474605
JAPAN,3,GDP,M2,0.0
JAPAN,3,UNEMPLOYMENT,GDP,0.004884904653922734
JAPAN,3,UNEMPLOYMENT,UNEMPLOYMENT,0.015364626654331796
JAPAN,3,UNEMPLOYMENT,CPI,0.0055869656892311124
JAPAN,3,UNEMPLOYMENT,POLICY_RATE,0.9636710124802015
JAPAN,3,UNEMPLOYMENT,M2,0.010492490522312901
JAPAN,3,CPI,GDP,0.004826958259602332
JAPAN,3,CPI,UNEMPLOYMENT,0.02380995923765522
JAPAN,3,CPI,CPI,0.006580508536025673
JAPAN,3,CPI,POLICY_RATE,0.9543437708351239
JAPAN,3,CPI,M2,0.010438803131592959
JAPAN,3,POLICY_RATE,GDP,0.006144732798375805
JAPAN,3,POLICY_RATE,UNEMPLOYMENT,0.024589272526685423
JAPAN,3,POLICY_RATE,CPI,0.008287014359442752
JAPAN,3,POLICY_RATE,POLICY_RATE,0.9506121692387581
JAPAN,3,POLICY_RATE,M2,0.010366811076737793
JAPAN,3,M2,GDP,0.008841203290486748
JAPAN,3,M2,UNEMPLOYMENT,0.024558641301410295
JAPAN,3,M2,CPI,0.008277034510835442
JAPAN,3,M2,POLICY_RATE,0.948015451380394
JAPAN,3,M2,M2,0.010307669516873464
JAPAN,4,GDP,GDP,0.022032427067438454
JAPAN,4,GDP,UNEMPLOYMENT,0.004766801241832774
JAPAN,4,GDP,CPI,0.0007916386168297949
JAPAN,4,GDP,POLICY_RATE,0.011350170521010698
JAPAN,4,GDP,M2,0.9610589625528884
JAPAN,4,UNEMPLOYMENT,GDP,0.05147725416702888
JAPAN,4,UNEMPLOYMENT,UNEMPLOYMENT,0.016248783488105774
JAPAN,4,UNEMPLOYMENT,CPI,0.014032577772104513
JAPAN,4,UNEMPLOYMENT,POLICY_RATE,0.010613110175949804
JAPAN,4,UNEMPLOYMENT,M2,0.907628274396811
JAPAN,4,CPI,GDP,0.07610948584154442
JAPAN,4,CPI,UNEMPLOYMENT,0.01566679384491325
JAPAN,4,CPI,CPI,0.013692956525347482
JAPAN,4,CPI,POLICY_RATE,0.012310626882989773
JAPAN,4,CPI,M2,0.8822201369052051
JAPAN,4,POLICY_RATE,GDP,0.16700624118592414
JAPAN,4,POLICY_RATE,UNEMPLOYMENT,0.013858457412170379
JAPAN,4,POLICY_RATE,CPI,0.018797370653442155
JAPAN,4,POLICY_RATE,POLICY_RATE,0.01105581815162938
JAPAN,4,POLICY_RATE,M2,0.789282112596834
JAPAN,4,M2,GDP,0.23045882890462968
JAPAN,4,M2,UNEMPLOYMENT,0.01675607127624878
JAPAN,4,M2,CPI,0.019786286274977645
JAPAN,4,M2,POLICY_RATE,0.01673435938749886
JAPAN,4,M2,M2,0.7162644541566451
UK,0,GDP,GDP,1.0
UK,0,GDP,UNEMPLOYMENT,0.0
UK,0,GDP,CPI,0.0
UK,0,GDP,POLICY_RATE,0.0
UK,0,GDP,M2,0.0
UK,0,UNEMPLOYMENT,GDP,0.9832153031919891
UK,0,UNEMPLOYMENT,UNEMPLOYMENT,0.007918473759887835
UK,0,UNEMPLOYMENT,CPI,0.00028545540332104903
UK,0,UNEMPLOYMENT,POLICY_RATE,0.005955598661575817
UK,0,UNEMPLOYMENT,M2,0.0026251689832259024
UK,0,CPI,GDP,0.9511047559506685
UK,0,CPI,UNEMPLOYMENT,0.03470719986975503
UK,0,CPI,CPI,0.000241445166546341
UK,0,CPI,POLICY_RATE,0.012416245657106651
UK,0,CPI,M2,0.0015303533559231813
UK,0,POLICY_RATE,GDP,0.9018621118972354
UK,0,POLICY_RATE,UNEMPLOYMENT,0.0705191516008275
UK,0,POLICY_RATE,CPI,0.0009291547657798375
UK,0,POLICY_RATE,POLICY_RATE,0.025062433177880657
UK,0,POLICY_RATE,M2,0.0016271485582764083
UK,0,M2,GDP,0.8565760048648181
UK,0,M2,UNEMPLOYMENT,0.10246238839369784
UK,0,M2,CPI,0.0010864479157324729
UK,0,M2,POLICY_RATE,0.035241383066540864
UK,0,M2,M2,0.004633775759210425
UK,1,GDP,GDP,0.00012491689179527728
UK,1,GDP,UNEMPLOYMENT,0.9998750831082045
UK,1,GDP,CPI,0.0
UK,1,GDP,POLICY_RATE,0.0
UK,1,GDP,M2,0.0
UK,1,UNEMPLOYMENT,GDP,0.00041822419158412343
UK,1,UNEMPLOYMENT,UNEMPLOYMENT,0.9751112444707294
UK,1,UNEMPLOYMENT,CPI,0.009333276383725882
UK,1,UNEMPLOYMENT,POLICY_RATE,0.005275902800579686
UK,1,UNEMPLOYMENT,M2,0.009861352153380614
UK,1,CPI,GDP,0.0025887525966550346
UK,1,CPI,UNEMPLOYMENT,0.9565762813813431
UK,1,CPI,CPI,0.010199244009135525
UK,1,CPI,POLICY_RATE,0.012529515279241154
UK,1,CPI,M2,0.018106206733624845
UK,1,POLICY_RATE,GDP,0.008666618579568325
UK,1,POLICY_RATE,UNEMPLOYMENT,0.9189116782407699
UK,1,POLICY_RATE,CPI,0.014846527058328281
UK,1,POLICY_RATE,POLICY_RATE,0.03505500256985996
UK,1,POLICY_RATE,M2,0.022520173551473247
UK,1,M2,GDP,0.015263482309331914
UK,1,M2,UNEMPLOYMENT,0.9024396433118382
UK,1,M2,CPI,0.014695057312496757
UK,1,M2,POLICY_RATE,0.045406004596785926
UK,1,M2,M2,0.022195812469546855
UK,2,GDP,GDP,5.7648097613630606e-05
UK,2,GDP,UNEMPLOYMENT,0.0024737313722846305
UK,2,GDP,CPI,0.9974686205301019
UK,2,GDP,POLICY_RATE,0.0
UK,2,GDP,M2,0.0
UK,2,UNEMPLOYMENT,GDP,0.046498406318455775
UK,2,UNEMPLOYMENT,UNEMPLOYMENT,0.03580761883766631
UK,2,UNEMPLOYMENT,CPI,0.8963487818816214
UK,2,UNEMPLOYMENT,POLICY_RATE,0.00048275143996741137
UK,2,UNEMPLOYMENT,M2,0.0208624415222893
UK,2,CPI,GDP,0.06442782170183682
UK,2,CPI,UNEMPLOYMENT,0.039228579319619476
UK,2,CPI,CPI,0.864086172059738
UK,2,CPI,POLICY_RATE,0.006872474046238609
UK,2,CPI,M2,0.025384952872567264
UK,2,POLICY_RATE,GDP,0.0786337314193667
UK,2,POLICY_RATE,UNEMPLOYMENT,0.039041793130832475
UK,2,POLICY_RATE,CPI,0.8470250625985909
UK,2,POLICY_RATE,POLICY_RATE,0.009669781666930971
UK,2,POLICY_RATE,M2,0.02562963118427906
UK,2,M2,GDP,0.08529446030898931
UK,2,M2,UNEMPLOYMENT,0.04139370012828109
UK,2,M2,CPI,0.837758551767666
UK,2,M2,POLICY_RATE,0.009972240326782653
UK,2,M2,M2,0.02558104746828103
UK,3,GDP,GDP,0.0039056480652124668
UK,3,GDP,UNEMPLOYMENT,0.0032231490983835264
UK,3,GDP,CPI,0.010021322434156996
UK,3,GDP,POLICY_RATE,0.9828498804022472
UK,3,GDP,M2,0.0
UK,3,UNEMPLOYMENT,GDP,0.013102532639874544
UK,3,UNEMPLOYMENT,UNEMPLOYMENT,0.021228220618782892
UK,3,UNEMPLOYMENT,CPI,0.012433906146067712
UK,3,UNEMPLOYMENT,POLICY_RATE,0.9393631577899331
UK,3,UNEMPLOYMENT,M2,0.013872182805342118
UK,3,CPI,GDP,0.013777350458323005
UK,3,CPI,UNEMPLOYMENT,0.02090781057519309
UK,3,CPI,CPI,0.016780725893229074
UK,3,CPI,POLICY_RATE,0.9330543941434496
UK,3,CPI,M2,0.015479718929805408
UK,3,POLICY_RATE,GDP,0.016832653361369142
UK,3,POLICY_RATE,UNEMPLOYMENT,0.020665748864484888
UK,3,POLICY_RATE,CPI,0.017913909602127593
UK,3,POLICY_RATE,POLICY_RATE,0.9283138544976189
UK,3,POLICY_RATE,M2,0.0162738336743996
UK,3,M2,GDP,0.019106718163813218
UK,3,M2,UNEMPLOYMENT,0.024110611154938906
UK,3,M2,CPI,0.02081526813019807
UK,3,M2,POLICY_RATE,0.920034192696635
UK,3,M2,M2,0.015933209854415004
UK,4,GDP,GDP,0.01441082712208449
UK,4,GDP,UNEMPLOYMENT,0.02029558267454869
UK,4,GDP,CPI,0.004304042912571309
UK,4,GDP,POLICY_RATE,0.024122987673480735
UK,4,GDP,M2,0.9368665596173149
UK,4,UNEMPLOYMENT,GDP,0.040550054572275465
UK,4,UNEMPLOYMENT,UNEMPLOYMENT,0.022961831957139352
UK,4,UNEMPLOYMENT,CPI,0.013200534056368087
UK,4,UNEMPLOYMENT,POLICY_RATE,0.022835283753683083
UK,4,UNEMPLOYMENT,M2,0.9004522956605341
UK,4,CPI,GDP,0.04913752490177849
UK,4,CPI,UNEMPLOYMENT,0.023261313706914692
UK,4,CPI,CPI,0.013028686773084903
UK,4,CPI,POLICY_RATE,0.02232983383645525
UK,4,CPI,M2,0.8922426407817668
UK,4,POLICY_RATE,GDP,0.04885742764830363
UK,4,POLICY_RATE,UNEMPLOYMENT,0.025245532486812047
UK,4,POLICY_RATE,CPI,0.017857965349688407
UK,4,POLICY_RATE,POLICY_RATE,0.02198688262693515
UK,4,POLICY_RATE,M2,0.8860521918882609
UK,4,M2,GDP,0.04970588241208935
UK,4,M2,UNEMPLOYMENT,0.027891212331317763
UK,4,M2,CPI,0.01776096149238897
UK,4,M2,POLICY_RATE,0.023725526541111812
UK,4,M2,M2,0.8809164172230922
GERMANY,0,GDP,GDP,1.0000000000000002
GERMANY,0,GDP,UNEMPLOYMENT,0.0
GERMANY,0,GDP,CPI,0.0
GERMANY,0,GDP,POLICY_RATE,0.0
GERMANY,0,GDP,M2,0.0
GERMANY,0,UNEMPLOYMENT,GDP,0.9961961121807468
GERMANY,0,UNEMPLOYMENT,UNEMPLOYMENT,0.0010178608076609526
GERMANY,0,UNEMPLOYMENT,CPI,0.00040032126899927677
GERMANY,0,UNEMPLOYMENT,POLICY_RATE,0.0014798420766241071
GERMANY,0,UNEMPLOYMENT,M2,0.0009058636659690222
GERMANY,0,CPI,GDP,0.9735784714248
GERMANY,0,CPI,UNEMPLOYMENT,0.009325837682718184
GERMANY,0,CPI,CPI,0.0024495446367183487
GERMANY,0,CPI,POLICY_RATE,0.009855523373128425
GERMANY,0,CPI,M2,0.004790622882635047
GERMANY,0,POLICY_RATE,GDP,0.9275444160838553
GERMANY,0,POLICY_RATE,UNEMPLOYMENT,0.0303988433065109
GERMANY,0,POLICY_RATE,CPI,0.004587540342077071
GERMANY,0,POLICY_RATE,POLICY_RATE,0.026380976318517258
GERMANY,0,POLICY_RATE,M2,0.011088223949039704
GERMANY,0,M2,GDP,0.8668892302443763
GERMANY,0,M2,UNEMPLOYMENT,0.05837553947119247
GERMANY,0,M2,CPI,0.01278753947108586
GERMANY,0,M2,POLICY_RATE,0.042382227724394275
GERMANY,0,M2,M2,0.019565463088951237
GERMANY,1,GDP,GDP,0.0006023941933755888
GERMANY,1,GDP,UNEMPLOYMENT,0.9993976058066244
GERMANY,1,GDP,CPI,0.0
GERMANY,1,GDP,POLICY_RATE,0.0
GERMANY,1,GDP,M2,0.0
GERMANY,1,UNEMPLOYMENT,GDP,0.028093770321127563
GERMANY,1,UNEMPLOYMENT,UNEMPLOYMENT,0.9636280577204408
GERMANY,1,UNEMPLOYMENT,CPI,0.00789144277086946
GERMANY,1,UNEMPLOYMENT,POLICY_RATE,7.59043572690549e-05
GERMANY,1,UNEMPLOYMENT,M2,0.0003108248302931664
GERMANY,1,CPI,GDP,0.04041427790183385
GERMANY,1,CPI,UNEMPLOYMENT,0.926792156765815
GERMANY,1,CPI,CPI,0.009535668350613846
GERMANY,1,CPI,POLICY_RATE,0.02294398106517838
GERMANY,1,CPI,M2,0.00031391591655899554
GERMANY,1,POLICY_RATE,GDP,0.05444894856476498
GERMANY,1,POLICY_RATE,UNEMPLOYMENT,0.9105145575067235
GERMANY,1,POLICY_RATE,CPI,0.010059984686715937
GERMANY,1,POLICY_RATE,POLICY_RATE,0.020890218175835418
GERMANY,1,POLICY_RATE,M2,0.004086291065960282
GERMANY,1,M2,GDP,0.08897534734178297
GERMANY,1,M2,UNEMPLOYMENT,0.874909091739328
GERMANY,1,M2,CPI,0.010677777109682174
GERMANY,1,M2,POLICY_RATE,0.01951118747978379
GERMANY,1,M2,M2,0.00592659632942308
GERMANY,2,GDP,GDP,0.0006433950541458741
GERMANY,2,GDP,UNEMPLOYMENT,0.0001314602311318237
GERMANY,2,GDP,CPI,0.9992251447147223
GERMANY,2,GDP,POLICY_RATE,0.0
GERMANY,2,GDP,M2,0.0
GERMANY,2,UNEMPLOYMENT,GDP,0.0006387227827544866
GERMANY,2,UNEMPLOYMENT,UNEMPLOYMENT,0.00040811594810543343
GERMANY,2,UNEMPLOYMENT,CPI,0.9936030491810173
GERMANY,2,UNEMPLOYMENT,POLICY_RATE,0.004216849570847141
GERMANY,2,UNEMPLOYMENT,M2,0.0011332625172756504
GERMANY,2,CPI,GDP,0.027000819278057055
GERMANY,2,CPI,UNEMPLOYMENT,0.0013327647644465867
GERMANY,2,CPI,CPI,0.9624678859667578
GERMANY,2,CPI,POLICY_RATE,0.004904720212322453
GERMANY,2,CPI,M2,0.004293809778416112
GERMANY,2,POLICY_RATE,GDP,0.03332030356692987
GERMANY,2,POLICY_RATE,UNEMPLOYMENT,0.002263971485173083
GERMANY,2,POLICY_RATE,CPI,0.9510975627762636
GERMANY,2,POLICY_RATE,POLICY_RATE,0.007559847528744433
GERMANY,2,POLICY_RATE,M2,0.005758314642889216
GERMANY,2,M2,GDP,0.033006242622232715
GERMANY,2,M2,UNEMPLOYMENT,0.0026764457576933165
GERMANY,2,M2,CPI,0.9462663527264621
GERMANY,2,M2,POLICY_RATE,0.009265575736951942
GERMANY,2,M2,M2,0.008785383156660057
GERMANY,3,GDP,GDP,0.03515866136243266
GERMANY,3,GDP,UNEMPLOYMENT,0.007547920342780047
GERMANY,3,GDP,CPI,0.012897226861196846
GERMANY,3,GDP,POLICY_RATE,0.9443961914335904
GERMANY,3,GDP,M2,0.0
GERMANY,3,UNEMPLOYMENT,GDP,0.07822000694218073
GERMANY,3,UNEMPLOYMENT,UNEMPLOYMENT,0.006691421690392036
GERMANY,3,UNEMPLOYMENT,CPI,0.020217987089949624
GERMANY,3,UNEMPLOYMENT,POLICY_RATE,0.8929007460308638
GERMANY,3,UNEMPLOYMENT,M2,0.0019698382466138923
GERMANY,3,CPI,GDP,0.09934290843590057
GERMANY,3,CPI,UNEMPLOYMENT,0.008177701960948051
GERMANY,3,CPI,CPI,0.04822877136975894
GERMANY,3,CPI,POLICY_RATE,0.8413739853404452
GERMANY,3,CPI,M2,0.0028766328929472366
GERMANY,3,POLICY_RATE,GDP,0.11414770148963191
GERMANY,3,POLICY_RATE,UNEMPLOYMENT,0.03257008416068467
GERMANY,3,POLICY_RATE,CPI,0.04904071124405969
GERMANY,3,POLICY_RATE,POLICY_RATE,0.8015878238615303
GERMANY,3,POLICY_RATE,M2,0.002653679244093648
GERMANY,3,M2,GDP,0.11530955198631807
GERMANY,3,M2,UNEMPLOYMENT,0.03315507250382633
GERMANY,3,M2,CPI,0.04973891214663851
GERMANY,3,M2,POLICY_RATE,0.7965293968001786
GERMANY,3,M2,M2,0.005267066563038563
GERMANY,4,GDP,GDP,0.002615815835617451
GERMANY,4,GDP,UNEMPLOYMENT,0.00046535958777875366
GERMANY,4,GDP,CPI,0.007851988262112874
GERMANY,4,GDP,POLICY_RATE,4.1200897522143566e-05
GERMANY,4,GDP,M2,0.9890256354169688
GERMANY,4,UNEMPLOYMENT,GDP,0.013539278959194767
GERMANY,4,UNEMPLOYMENT,UNEMPLOYMENT,0.00029552482317602135
GERMANY,4,UNEMPLOYMENT,CPI,0.01187942359601036
GERMANY,4,UNEMPLOYMENT,POLICY_RATE,0.0003926169482073294
GERMANY,4,UNEMPLOYMENT,M2,0.9738931556734116
GERMANY,4,CPI,GDP,0.013559508288330057
GERMANY,4,CPI,UNEMPLOYMENT,0.002718746874315139
GERMANY,4,CPI,CPI,0.015896402367235208
GERMANY,4,CPI,POLICY_RATE,0.00038108036574190324
GERMANY,4,CPI,M2,0.9674442621043776
GERMANY,4,POLICY_RATE,GDP,0.027089774291804564
GERMANY,4,POLICY_RATE,UNEMPLOYMENT,0.004142367292581617
GERMANY,4,POLICY_RATE,CPI,0.019568453017809333
GERMANY,4,POLICY_RATE,POLICY_RATE,0.0027216986181084527
GERMANY,4,POLICY_RATE,M2,0.9464777067796961
GERMANY,4,M2,GDP,0.04393496734492494
GERMANY,4,M2,UNEMPLOYMENT,0.010381474760705623
GERMANY,4,M2,CPI,0.02097416506571885
GERMANY,4,M2,POLICY_RATE,0.0030311854692009602
GERMANY,4,M2,M2,0.9216782073594497
