country,window_end,slope,se_slope,r_squared,p_value,n
USA,2006-12,-0.95955,0.19096,0.3033,1e-05,60
USA,2007-01,-0.87502,0.18873,0.27039,2e-05,60
USA,2007-02,-0.80093,0.18343,0.24739,5e-05,60
USA,2007-03,-0.74688,0.17747,0.23393,9e-05,60
USA,2007-04,-0.69458,0.17592,0.21184,0.00022,60
USA,2007-05,-0.63448,0.1707,0.19237,0.00046,60
USA,2007-06,-0.58083,0.1654,0.17534,0.00087,60
USA,2007-07,-0.53042,0.16409,0.15266,0.00203,60
USA,2007-08,-0.47141,0.16535,0.12292,0.00603,60
USA,2007-09,-0.4406,0.16218,0.11289,0.00867,60
USA,2007-10,-0.4415,0.16208,0.11342,0.00851,60
USA,2007-11,-0.46513,0.16757,0.11726,0.0074,60
USA,2007-12,-0.47566,0.17403,0.1141,0.0083,60
USA,2008-01,-0.49303,0.18038,0.11411,0.0083,60
USA,2008-02,-0.53374,0.18512,0.12536,0.00551,60
USA,2008-03,-0.558,0.19036,0.12903,0.00482,60
USA,2008-04,-0.54858,0.19662,0.11833,0.00712,60
USA,2008-05,-0.48884,0.20567,0.08876,0.02078,60
USA,2008-06,-0.37008,0.22566,0.04432,0.10642,60
USA,2008-07,-0.17679,0.24835,0.00866,0.47942,60
USA,2008-08,0.05683,0.25893,0.00083,0.82705,60
USA,2008-09,0.25139,0.26294,0.01552,0.34301,60
USA,2008-10,0.35412,0.24727,0.03416,0.15747,60
USA,2008-11,0.14533,0.23851,0.00636,0.54468,60
USA,2008-12,-0.18045,0.22842,0.01065,0.43275,60
USA,2009-01,-0.42361,0.20705,0.06731,0.04531,60
USA,2009-02,-0.55918,0.1803,0.14224,0.00297,60
USA,2009-03,-0.6605,0.15866,0.23005,0.00011,60
USA,2009-04,-0.72771,0.1412,0.31409,0.0,60
USA,2009-05,-0.78283,0.12662,0.39723,0.0,60
USA,2009-06,-0.82478,0.11561,0.46738,0.0,60
USA,2009-07,-0.87866,0.10834,0.53143,0.0,60
USA,2009-08,-0.90144,0.10139,0.57677,0.0,60
USA,2009-09,-0.91146,0.09512,0.61286,0.0,60
USA,2009-10,-0.88382,0.0901,0.62393,0.0,60
USA,2009-11,-0.81538,0.08978,0.58713,0.0,60
USA,2009-12,-0.74233,0.09151,0.53153,0.0,60
USA,2010-01,-0.68981,0.09181,0.49321,0.0,60
USA,2010-02,-0.65281,0.0908,0.47121,0.0,60
USA,2010-03,-0.61723,0.08999,0.44786,0.0,60
USA,2010-04,-0.58724,0.089,0.42875,0.0,60
USA,2010-05,-0.57006,0.08799,0.41983,0.0,60
USA,2010-06,-0.56918,0.08656,0.42709,0.0,60
USA,2010-07,-0.56393,0.08552,0.42847,0.0,60
USA,2010-08,-0.55774,0.0845,0.42896,0.0,60
USA,2010-09,-0.54619,0.0828,0.42868,0.0,60
USA,2010-10,-0.53684,0.08163,0.42714,0.0,60
USA,2010-11,-0.53134,0.08076,0.42739,0.0,60
USA,2010-12,-0.52645,0.08044,0.42479,0.0,60
USA,2011-01,-0.51693,0.08034,0.41651,0.0,60
USA,2011-02,-0.50761,0.08063,0.40594,0.0,60
USA,2011-03,-0.49724,0.08149,0.39097,0.0,60
USA,2011-04,-0.4821,0.08287,0.36848,0.0,60
USA,2011-05,-0.46337,0.08473,0.34024,0.0,60
USA,2011-06,-0.44199,0.08654,0.31023,0.0,60
USA,2011-07,-0.42191,0.08839,0.28206,1e-05,60
USA,2011-08,-0.40258,0.09058,0.25406,4e-05,60
USA,2011-09,-0.40292,0.09267,0.24581,6e-05,60
USA,2011-10,-0.41616,0.09374,0.25363,4e-05,60
USA,2011-11,-0.42657,0.0953,0.25674,4e-05,60
USA,2011-12,-0.43566,0.09712,0.25758,3e-05,60
USA,2012-01,-0.45142,0.09841,0.26621,2e-05,60
USA,2012-02,-0.46664,0.10012,0.27246,2e-05,60
USA,2012-03,-0.48112,0.10224,0.27629,2e-05,60
USA,2012-04,-0.50036,0.10419,0.28452,1e-05,60
USA,2012-05,-0.52281,0.1066,0.29314,1e-05,60
USA,2012-06,-0.54577,0.10902,0.30171,1e-05,60
USA,2012-07,-0.57736,0.11117,0.31742,0.0,60
USA,2012-08,-0.62445,0.11264,0.34637,0.0,60
USA,2012-09,-0.65599,0.11567,0.35671,0.0,60
USA,2012-10,-0.67557,0.11996,0.35352,0.0,60
USA,2012-11,-0.67706,0.12552,0.33405,0.0,60
USA,2012-12,-0.68109,0.13097,0.31798,0.0,60
USA,2013-01,-0.68061,0.13742,0.29723,1e-05,60
USA,2013-02,-0.68621,0.1452,0.27804,2e-05,60
USA,2013-03,-0.68573,0.15379,0.25527,4e-05,60
USA,2013-04,-0.68855,0.16543,0.22999,0.00011,60
USA,2013-05,-0.66939,0.17614,0.19937,0.00035,60
USA,2013-06,-0.60455,0.18572,0.15447,0.00189,60
USA,2013-07,-0.49267,0.1919,0.10205,0.01285,60
USA,2013-08,-0.36049,0.19484,0.05573,0.06938,60
USA,2013-09,-0.20796,0.19833,0.0186,0.29872,60
USA,2013-10,-0.09982,0.20145,0.00422,0.62209,60
USA,2013-11,-0.10659,0.20207,0.00477,0.59984,60
USA,2013-12,-0.14386,0.19517,0.00928,0.46403,60
USA,2014-01,-0.15984,0.1857,0.01261,0.39291,60
USA,2014-02,-0.14109,0.1778,0.01074,0.43069,60
USA,2014-03,-0.12699,0.16875,0.00967,0.45477,60
USA,2014-04,-0.11191,0.15756,0.00862,0.48038,60
USA,2014-05,-0.08235,0.14692,0.00539,0.57729,60
USA,2014-06,-0.04174,0.13497,0.00165,0.75826,60
USA,2014-07,0.01249,0.11881,0.00019,0.91662,60
USA,2014-08,0.07178,0.10461,0.00805,0.49535,60
USA,2014-09,0.13884,0.0892,0.0401,0.12502,60
USA,2014-10,0.19248,0.07993,0.09089,0.01924,60
USA,2014-11,0.21071,0.07874,0.10989,0.00967,60
USA,2014-12,0.2247,0.07818,0.12466,0.00566,60
USA,2015-01,0.26102,0.08042,0.1537,0.00195,60
USA,2015-02,0.30092,0.08131,0.19104,0.00048,60
USA,2015-03,0.33475,0.08187,0.22374,0.00014,60
USA,2015-04,0.37005,0.08257,0.25724,4e-05,60
USA,2015-05,0.40078,0.0829,0.28725,1e-05,60
USA,2015-06,0.43986,0.08028,0.34105,0.0,60
USA,2015-07,0.47298,0.07796,0.38825,0.0,60
USA,2015-08,0.51086,0.07474,0.44613,0.0,60
USA,2015-09,0.55437,0.07113,0.51153,0.0,60
USA,2015-10,0.59248,0.06735,0.57162,0.0,60
USA,2015-11,0.6421,0.06199,0.64909,0.0,60
USA,2015-12,0.6662,0.05854,0.69071,0.0,60
USA,2016-01,0.66612,0.05751,0.69818,0.0,60
USA,2016-02,0.66885,0.05684,0.70478,0.0,60
USA,2016-03,0.66511,0.05714,0.70021,0.0,60
USA,2016-04,0.65177,0.05832,0.68291,0.0,60
USA,2016-05,0.62612,0.05897,0.66026,0.0,60
USA,2016-06,0.602,0.05975,0.63641,0.0,60
USA,2016-07,0.57677,0.0598,0.616,0.0,60
USA,2016-08,0.54433,0.05964,0.58951,0.0,60
USA,2016-09,0.50156,0.06014,0.54529,0.0,60
USA,2016-10,0.45877,0.06109,0.49303,0.0,60
USA,2016-11,0.41195,0.06137,0.43721,0.0,60
USA,2016-12,0.36614,0.06352,0.36419,0.0,60
USA,2017-01,0.31302,0.06689,0.27409,2e-05,60
USA,2017-02,0.25379,0.0714,0.17886,0.00076,60
USA,2017-03,0.20411,0.07403,0.11589,0.00778,60
USA,2017-04,0.1667,0.07599,0.07663,0.03227,60
USA,2017-05,0.14833,0.07762,0.05922,0.06098,60
USA,2017-06,0.13546,0.07895,0.0483,0.09154,60
USA,2017-07,0.1277,0.08061,0.04147,0.11859,60
USA,2017-08,0.10977,0.08284,0.02938,0.19035,60
USA,2017-09,0.07851,0.0848,0.01456,0.35837,60
USA,2017-10,0.04276,0.08595,0.00425,0.62074,60
USA,2017-11,0.01313,0.08782,0.00039,0.88168,60
USA,2017-12,-0.01804,0.09013,0.00069,0.84203,60
USA,2018-01,-0.05112,0.09294,0.00519,0.58439,60
USA,2018-02,-0.09694,0.0949,0.01768,0.31123,60
USA,2018-03,-0.12903,0.09721,0.02948,0.18961,60
USA,2018-04,-0.15327,0.10079,0.03834,0.13377,60
USA,2018-05,-0.19745,0.10451,0.05798,0.06384,60
USA,2018-06,-0.25595,0.10858,0.08742,0.02181,60
USA,2018-07,-0.32602,0.1109,0.12968,0.00471,60
USA,2018-08,-0.3792,0.1133,0.16186,0.00144,60
USA,2018-09,-0.40934,0.11609,0.17652,0.00083,60
USA,2018-10,-0.4378,0.12043,0.18556,0.00059,60
USA,2018-11,-0.46806,0.12311,0.1995,0.00035,60
USA,2018-12,-0.50547,0.12498,0.21998,0.00016,60
USA,2019-01,-0.53584,0.12738,0.23378,9e-05,60
USA,2019-02,-0.55097,0.13152,0.2323,0.0001,60
USA,2019-03,-0.61263,0.13406,0.26473,3e-05,60
USA,2019-04,-0.6711,0.13211,0.30791,0.0,60
USA,2019-05,-0.74519,0.12866,0.36643,0.0,60
USA,2019-06,-0.8019,0.12538,0.41358,0.0,60
USA,2019-07,-0.88756,0.1215,0.47916,0.0,60
USA,2019-08,-0.95431,0.11884,0.52647,0.0,60
USA,2019-09,-1.00008,0.11616,0.56103,0.0,60
USA,2019-10,-1.03834,0.11381,0.58935,0.0,60
USA,2019-11,-1.0885,0.11257,0.61718,0.0,60
USA,2019-12,-1.10357,0.11376,0.61868,0.0,60
USA,2020-01,-1.08657,0.11608,0.6017,0.0,60
USA,2020-02,-1.05227,0.11687,0.58295,0.0,60
USA,2020-03,-1.02299,0.11894,0.56053,0.0,60
USA,2020-04,-0.25886,0.06128,0.23529,9e-05,60
USA,2020-05,-0.21889,0.0473,0.26963,2e-05,60
USA,2020-06,-0.20414,0.04176,0.29179,1e-05,60
USA,2020-07,-0.19343,0.03797,0.30911,0.0,60
USA,2020-08,-0.18866,0.03549,0.32765,0.0,60
USA,2020-09,-0.18573,0.03248,0.36052,0.0,60
USA,2020-10,-0.18624,0.02987,0.40136,0.0,60
USA,2020-11,-0.18707,0.0281,0.43321,0.0,60
USA,2020-12,-0.18769,0.02663,0.46127,0.0,60
USA,2021-01,-0.18874,0.02621,0.47207,0.0,60
USA,2021-02,-0.18871,0.02513,0.49293,0.0,60
USA,2021-03,-0.18516,0.02537,0.47879,0.0,60
USA,2021-04,-0.17663,0.03096,0.35942,0.0,60
USA,2021-05,-0.16997,0.03829,0.25364,4e-05,60
USA,2021-06,-0.16143,0.04564,0.17745,0.0008,60
USA,2021-07,-0.15949,0.05087,0.14489,0.0027,60
USA,2021-08,-0.16031,0.0551,0.12735,0.00513,60
USA,2021-09,-0.16464,0.05957,0.11636,0.00765,60
USA,2021-10,-0.1726,0.06608,0.10525,0.01144,60
USA,2021-11,-0.18763,0.07348,0.10106,0.01332,60
USA,2021-12,-0.20542,0.08063,0.10064,0.01352,60
USA,2022-01,-0.22209,0.08814,0.09867,0.01452,60
USA,2022-02,-0.24076,0.09572,0.09835,0.01469,60
USA,2022-03,-0.26542,0.10393,0.10108,0.01331,60
USA,2022-04,-0.28852,0.11013,0.1058,0.01122,60
USA,2022-05,-0.31437,0.11604,0.11232,0.00885,60
USA,2022-06,-0.34236,0.12209,0.11939,0.00685,60
USA,2022-07,-0.36847,0.12618,0.12818,0.00498,60
USA,2022-08,-0.39047,0.12956,0.1354,0.00382,60
USA,2022-09,-0.41285,0.1325,0.14338,0.00285,60
USA,2022-10,-0.43261,0.13444,0.15148,0.00212,60
USA,2022-11,-0.44892,0.1354,0.15933,0.00158,60
USA,2022-12,-0.46313,0.13535,0.16797,0.00115,60
USA,2023-01,-0.47731,0.13512,0.17704,0.00082,60
USA,2023-02,-0.48832,0.13471,0.18471,0.00061,60
USA,2023-03,-0.49544,0.13381,0.19119,0.00048,60
USA,2023-04,-0.50205,0.1329,0.19745,0.00038,60
USA,2023-05,-0.50593,0.13231,0.20133,0.00032,60
USA,2023-06,-0.50435,0.13211,0.20083,0.00033,60
USA,2023-07,-0.5041,0.1318,0.20142,0.00032,60
USA,2023-08,-0.5072,0.13124,0.20478,0.00028,60
USA,2023-09,-0.51199,0.13043,0.20989,0.00023,60
USA,2023-10,-0.51496,0.12996,0.21303,0.00021,60
USA,2023-11,-0.51756,0.12922,0.21667,0.00018,60
USA,2023-12,-0.52089,0.12825,0.22144,0.00015,60
USA,2024-01,-0.52332,0.12683,0.22693,0.00012,60
USA,2024-02,-0.52915,0.12533,0.23507,9e-05,60
USA,2024-03,-0.5348,0.12407,0.24262,6e-05,60
USA,2024-04,-0.54071,0.12294,0.25008,5e-05,60
USA,2024-05,-0.54814,0.12158,0.25951,3e-05,60
USA,2024-06,-0.55661,0.12017,0.27001,2e-05,60
USA,2024-07,-0.56402,0.11896,0.27932,1e-05,60
USA,2024-08,-0.57233,0.11782,0.28919,1e-05,60
USA,2024-09,-0.58102,0.11672,0.29934,1e-05,60
USA,2024-10,-0.58878,0.11555,0.30923,0.0,60
USA,2024-11,-0.59628,0.11469,0.31789,0.0,60
USA,2024-12,-0.6026,0.11399,0.32515,0.0,60
USA,2025-01,-0.60744,0.11353,0.33046,0.0,60
USA,2025-02,-0.6155,0.11283,0.33908,0.0,60
USA,2025-03,-0.61541,0.11181,0.34311,0.0,60
USA,2025-04,-0.70366,0.13361,0.32349,0.0,60
USA,2025-05,-0.80147,0.16174,0.29743,1e-05,60
USA,2025-06,-0.88017,0.1892,0.27174,2e-05,60
USA,2025-07,-0.99625,0.22408,0.25417,4e-05,60
USA,2025-08,-1.04973,0.25124,0.23135,0.0001,60
USA,2025-09,-1.09305,0.27942,0.20876,0.00024,60
USA,2025-10,-1.07848,0.30085,0.18138,0.00069,60
JAPAN,2006-12,-0.60326,0.10842,0.34803,0.0,60
JAPAN,2007-01,-0.56627,0.10316,0.34191,0.0,60
JAPAN,2007-02,-0.50716,0.09697,0.32049,0.0,60
JAPAN,2007-03,-0.46466,0.09321,0.29993,1e-05,60
JAPAN,2007-04,-0.42782,0.09004,0.28016,1e-05,60
JAPAN,2007-05,-0.39908,0.0888,0.2583,3e-05,60
JAPAN,2007-06,-0.36001,0.08905,0.21986,0.00016,60
JAPAN,2007-07,-0.3256,0.08709,0.19418,0.00043,60
JAPAN,2007-08,-0.28225,0.08689,0.15391,0.00193,60
JAPAN,2007-09,-0.25085,0.08716,0.12496,0.00559,60
JAPAN,2007-10,-0.22235,0.08613,0.10306,0.01238,60
JAPAN,2007-11,-0.23891,0.0877,0.11343,0.00851,60
JAPAN,2007-12,-0.26227,0.08984,0.1281,0.00499,60
JAPAN,2008-01,-0.27776,0.09392,0.13103,0.00448,60
JAPAN,2008-02,-0.30774,0.10067,0.13876,0.00338,60
JAPAN,2008-03,-0.36466,0.10787,0.1646,0.0013,60
JAPAN,2008-04,-0.40967,0.1131,0.18448,0.00062,60
JAPAN,2008-05,-0.45782,0.12402,0.19025,0.00049,60
JAPAN,2008-06,-0.51251,0.1473,0.17267,0.00096,60
JAPAN,2008-07,-0.6039,0.17149,0.17614,0.00084,60
JAPAN,2008-08,-0.64237,0.19264,0.16087,0.00149,60
JAPAN,2008-09,-0.71585,0.2142,0.16147,0.00146,60
JAPAN,2008-10,-0.82008,0.22627,0.18466,0.00061,60
JAPAN,2008-11,-0.82803,0.23729,0.17351,0.00093,60
JAPAN,2008-12,-0.80919,0.24446,0.15889,0.00161,60
JAPAN,2009-01,-0.80806,0.25282,0.14975,0.00225,60
JAPAN,2009-02,-0.85731,0.26136,0.15648,0.00176,60
JAPAN,2009-03,-0.86701,0.26128,0.15956,0.00157,60
JAPAN,2009-04,-0.80162,0.25628,0.14434,0.00275,60
JAPAN,2009-05,-0.84793,0.2471,0.16877,0.00111,60
JAPAN,2009-06,-1.00266,0.24072,0.23026,0.0001,60
JAPAN,2009-07,-1.19711,0.22888,0.3205,0.0,60
JAPAN,2009-08,-1.3328,0.22012,0.3873,0.0,60
JAPAN,2009-09,-1.43103,0.2101,0.44439,0.0,60
JAPAN,2009-10,-1.55932,0.20594,0.49711,0.0,60
JAPAN,2009-11,-1.61369,0.19564,0.53979,0.0,60
JAPAN,2009-12,-1.63593,0.18905,0.56353,0.0,60
JAPAN,2010-01,-1.63827,0.18501,0.57481,0.0,60
JAPAN,2010-02,-1.62587,0.18252,0.57772,0.0,60
JAPAN,2010-03,-1.60504,0.17927,0.58018,0.0,60
JAPAN,2010-04,-1.59221,0.17574,0.58597,0.0,60
JAPAN,2010-05,-1.57044,0.173,0.58692,0.0,60
JAPAN,2010-06,-1.53706,0.16975,0.58569,0.0,60
JAPAN,2010-07,-1.53196,0.16767,0.59005,0.0,60
JAPAN,2010-08,-1.53053,0.16485,0.59778,0.0,60
JAPAN,2010-09,-1.525,0.16216,0.60393,0.0,60
JAPAN,2010-10,-1.48853,0.16112,0.59541,0.0,60
JAPAN,2010-11,-1.46391,0.15903,0.59366,0.0,60
JAPAN,2010-12,-1.45203,0.15834,0.59183,0.0,60
JAPAN,2011-01,-1.4499,0.15778,0.59283,0.0,60
JAPAN,2011-02,-1.45848,0.15724,0.59733,0.0,60
JAPAN,2011-03,-1.46935,0.15639,0.60349,0.0,60
JAPAN,2011-04,-1.47763,0.15587,0.60775,0.0,60
JAPAN,2011-05,-1.48401,0.15604,0.60929,0.0,60
JAPAN,2011-06,-1.47869,0.15597,0.60779,0.0,60
JAPAN,2011-07,-1.47279,0.15757,0.60099,0.0,60
JAPAN,2011-08,-1.46215,0.15779,0.59686,0.0,60
JAPAN,2011-09,-1.45391,0.15814,0.59307,0.0,60
JAPAN,2011-10,-1.45284,0.15882,0.59063,0.0,60
JAPAN,2011-11,-1.4591,0.16004,0.589,0.0,60
JAPAN,2011-12,-1.46555,0.16096,0.58836,0.0,60
JAPAN,2012-01,-1.4815,0.16138,0.59235,0.0,60
JAPAN,2012-02,-1.50508,0.16129,0.60022,0.0,60
JAPAN,2012-03,-1.52781,0.1622,0.6047,0.0,60
JAPAN,2012-04,-1.57065,0.16298,0.61558,0.0,60
JAPAN,2012-05,-1.6177,0.16222,0.63162,0.0,60
JAPAN,2012-06,-1.68753,0.15913,0.65974,0.0,60
JAPAN,2012-07,-1.76755,0.15794,0.68347,0.0,60
JAPAN,2012-08,-1.84017,0.15467,0.70935,0.0,60
JAPAN,2012-09,-1.87983,0.15254,0.72365,0.0,60
JAPAN,2012-10,-1.86964,0.15644,0.7112,0.0,60
JAPAN,2012-11,-1.87804,0.15967,0.70461,0.0,60
JAPAN,2012-12,-1.92471,0.16223,0.70817,0.0,60
JAPAN,2013-01,-1.91927,0.16692,0.69507,0.0,60
JAPAN,2013-02,-1.88572,0.17364,0.67033,0.0,60
JAPAN,2013-03,-1.82219,0.18713,0.62046,0.0,60
JAPAN,2013-04,-1.77787,0.19609,0.58633,0.0,60
JAPAN,2013-05,-1.71095,0.19926,0.5597,0.0,60
JAPAN,2013-06,-1.60152,0.19323,0.5422,0.0,60
JAPAN,2013-07,-1.49517,0.18257,0.53626,0.0,60
JAPAN,2013-08,-1.44085,0.17138,0.54927,0.0,60
JAPAN,2013-09,-1.38403,0.15982,0.5639,0.0,60
JAPAN,2013-10,-1.34847,0.15899,0.55363,0.0,60
JAPAN,2013-11,-1.37815,0.16083,0.5587,0.0,60
JAPAN,2013-12,-1.42325,0.1568,0.58686,0.0,60
JAPAN,2014-01,-1.45715,0.15343,0.60862,0.0,60
JAPAN,2014-02,-1.49335,0.14881,0.63456,0.0,60
JAPAN,2014-03,-1.53688,0.14582,0.65698,0.0,60
JAPAN,2014-04,-1.69868,0.15549,0.67297,0.0,60
JAPAN,2014-05,-1.83837,0.16987,0.66879,0.0,60
JAPAN,2014-06,-1.93517,0.18346,0.65734,0.0,60
JAPAN,2014-07,-2.01946,0.19711,0.6441,0.0,60
JAPAN,2014-08,-2.08142,0.20209,0.64652,0.0,60
JAPAN,2014-09,-2.13085,0.20647,0.64744,0.0,60
JAPAN,2014-10,-2.12333,0.20619,0.64643,0.0,60
JAPAN,2014-11,-2.11439,0.2046,0.64806,0.0,60
JAPAN,2014-12,-2.10844,0.20391,0.64831,0.0,60
JAPAN,2015-01,-2.12978,0.20453,0.6515,0.0,60
JAPAN,2015-02,-2.14678,0.20377,0.65678,0.0,60
JAPAN,2015-03,-2.16711,0.20325,0.66217,0.0,60
JAPAN,2015-04,-2.10468,0.21028,0.63332,0.0,60
JAPAN,2015-05,-2.03363,0.21818,0.59966,0.0,60
JAPAN,2015-06,-1.99755,0.22786,0.56991,0.0,60
JAPAN,2015-07,-1.89293,0.23836,0.52093,0.0,60
JAPAN,2015-08,-1.80883,0.25035,0.4737,0.0,60
JAPAN,2015-09,-1.73592,0.26347,0.42806,0.0,60
JAPAN,2015-10,-1.69348,0.27299,0.39885,0.0,60
JAPAN,2015-11,-1.65022,0.28315,0.36934,0.0,60
JAPAN,2015-12,-1.59753,0.29242,0.33975,0.0,60
JAPAN,2016-01,-1.48508,0.30256,0.29348,1e-05,60
JAPAN,2016-02,-1.40552,0.3091,0.2628,3e-05,60
JAPAN,2016-03,-1.29907,0.31659,0.22499,0.00013,60
JAPAN,2016-04,-1.18631,0.32654,0.18538,0.00059,60
JAPAN,2016-05,-1.06131,0.3359,0.14685,0.00251,60
JAPAN,2016-06,-0.94142,0.34503,0.11376,0.00841,60
JAPAN,2016-07,-0.83707,0.3538,0.08802,0.02135,60
JAPAN,2016-08,-0.73995,0.36066,0.06766,0.04473,60
JAPAN,2016-09,-0.61739,0.36048,0.04814,0.09211,60
JAPAN,2016-10,-0.52754,0.36029,0.03565,0.14854,60
JAPAN,2016-11,-0.44102,0.36083,0.02511,0.22656,60
JAPAN,2016-12,-0.36083,0.36355,0.0167,0.32506,60
JAPAN,2017-01,-0.31112,0.36738,0.01221,0.40056,60
JAPAN,2017-02,-0.25721,0.371,0.00822,0.4909,60
JAPAN,2017-03,-0.20586,0.37395,0.0052,0.58409,60
JAPAN,2017-04,-0.16974,0.3779,0.00347,0.65498,60
JAPAN,2017-05,-0.11876,0.38443,0.00164,0.75848,60
JAPAN,2017-06,-0.0307,0.38383,0.00011,0.93652,60
JAPAN,2017-07,0.08408,0.38259,0.00083,0.82682,60
JAPAN,2017-08,0.17273,0.37981,0.00355,0.65096,60
JAPAN,2017-09,0.24864,0.37828,0.00739,0.5136,60
JAPAN,2017-10,0.36097,0.37236,0.01594,0.33637,60
JAPAN,2017-11,0.43737,0.36854,0.02371,0.24015,60
JAPAN,2017-12,0.52914,0.37019,0.03403,0.15826,60
JAPAN,2018-01,0.56802,0.36263,0.04059,0.1227,60
JAPAN,2018-02,0.68674,0.35798,0.05967,0.05999,60
JAPAN,2018-03,0.81032,0.34519,0.08677,0.02234,60
JAPAN,2018-04,0.97145,0.33259,0.12823,0.00497,60
JAPAN,2018-05,1.06365,0.31711,0.16246,0.00141,60
JAPAN,2018-06,1.1112,0.30936,0.18197,0.00068,60
JAPAN,2018-07,1.11772,0.30676,0.18626,0.00058,60
JAPAN,2018-08,1.1527,0.31162,0.19088,0.00048,60
JAPAN,2018-09,1.12588,0.31076,0.18455,0.00061,60
JAPAN,2018-10,1.11306,0.31634,0.17591,0.00085,60
JAPAN,2018-11,1.11315,0.32105,0.17168,0.001,60
JAPAN,2018-12,1.12175,0.32201,0.17303,0.00095,60
JAPAN,2019-01,1.14942,0.32351,0.17874,0.00076,60
JAPAN,2019-02,1.15107,0.32228,0.18029,0.00072,60
JAPAN,2019-03,1.1514,0.32555,0.17741,0.0008,60
JAPAN,2019-04,1.00608,0.31816,0.14705,0.00249,60
JAPAN,2019-05,0.8375,0.30406,0.11567,0.00784,60
JAPAN,2019-06,0.65668,0.29235,0.08003,0.02851,60
JAPAN,2019-07,0.46883,0.27974,0.04619,0.09913,60
JAPAN,2019-08,0.34071,0.26115,0.02851,0.19716,60
JAPAN,2019-09,0.20637,0.24302,0.01228,0.39927,60
JAPAN,2019-10,0.0626,0.23048,0.00127,0.78689,60
JAPAN,2019-11,-0.0461,0.2153,0.00079,0.83119,60
JAPAN,2019-12,-0.17422,0.1985,0.01311,0.38376,60
JAPAN,2020-01,-0.36015,0.18186,0.06333,0.05242,60
JAPAN,2020-02,-0.5184,0.16236,0.14949,0.00228,60
JAPAN,2020-03,-0.67896,0.13175,0.31409,0.0,60
JAPAN,2020-04,-0.72881,0.13158,0.34596,0.0,60
JAPAN,2020-05,-0.77224,0.13185,0.37164,0.0,60
JAPAN,2020-06,-0.81919,0.13406,0.39164,0.0,60
JAPAN,2020-07,-0.84136,0.13631,0.39644,0.0,60
JAPAN,2020-08,-0.8704,0.13959,0.40132,0.0,60
JAPAN,2020-09,-0.90629,0.14476,0.40326,0.0,60
JAPAN,2020-10,-0.97383,0.1485,0.42578,0.0,60
JAPAN,2020-11,-1.06647,0.1612,0.43007,0.0,60
JAPAN,2020-12,-1.19372,0.17283,0.45131,0.0,60
JAPAN,2021-01,-1.24323,0.17919,0.45353,0.0,60
JAPAN,2021-02,-1.33624,0.18395,0.47638,0.0,60
JAPAN,2021-03,-1.37347,0.1922,0.46822,0.0,60
JAPAN,2021-04,-1.4335,0.20763,0.4511,0.0,60
JAPAN,2021-05,-1.45912,0.21686,0.43836,0.0,60
JAPAN,2021-06,-1.47918,0.22132,0.43507,0.0,60
JAPAN,2021-07,-1.47413,0.22476,0.42584,0.0,60
JAPAN,2021-08,-1.47169,0.23142,0.41082,0.0,60
JAPAN,2021-09,-1.44462,0.23366,0.39724,0.0,60
JAPAN,2021-10,-1.47019,0.23664,0.39957,0.0,60
JAPAN,2021-11,-1.51417,0.23738,0.41229,0.0,60
JAPAN,2021-12,-1.55446,0.24164,0.4164,0.0,60
JAPAN,2022-01,-1.60885,0.24136,0.43378,0.0,60
JAPAN,2022-02,-1.62583,0.24634,0.4289,0.0,60
JAPAN,2022-03,-1.63933,0.25314,0.41963,0.0,60
JAPAN,2022-04,-1.67264,0.28914,0.36588,0.0,60
JAPAN,2022-05,-1.7573,0.32338,0.33738,0.0,60
JAPAN,2022-06,-1.78454,0.34986,0.30966,0.0,60
JAPAN,2022-07,-1.86729,0.37652,0.29778,1e-05,60
JAPAN,2022-08,-1.97143,0.41075,0.28427,1e-05,60
JAPAN,2022-09,-2.01596,0.44668,0.25991,3e-05,60
JAPAN,2022-10,-2.01715,0.50375,0.21658,0.00018,60
JAPAN,2022-11,-2.11289,0.54668,0.2048,0.00028,60
JAPAN,2022-12,-2.22453,0.58926,0.19725,0.00038,60
JAPAN,2023-01,-2.32427,0.64205,0.1843,0.00062,60
JAPAN,2023-02,-2.31395,0.66748,0.17164,0.001,60
JAPAN,2023-03,-2.23413,0.69526,0.15112,0.00214,60
JAPAN,2023-04,-2.25768,0.72225,0.14418,0.00277,60
JAPAN,2023-05,-2.48852,0.75129,0.15907,0.0016,60
JAPAN,2023-06,-2.62464,0.76922,0.16717,0.00118,60
JAPAN,2023-07,-2.65226,0.78938,0.16293,0.00138,60
JAPAN,2023-08,-2.66574,0.80602,0.15867,0.00162,60
JAPAN,2023-09,-2.77115,0.83051,0.16104,0.00148,60
JAPAN,2023-10,-2.876,0.84717,0.16576,0.00124,60
JAPAN,2023-11,-2.91793,0.85817,0.1662,0.00122,60
JAPAN,2023-12,-3.02097,0.85644,0.17663,0.00083,60
JAPAN,2024-01,-3.1064,0.85032,0.18706,0.00056,60
JAPAN,2024-02,-3.26639,0.85432,0.2013,0.00032,60
JAPAN,2024-03,-3.33858,0.8575,0.2072,0.00026,60
JAPAN,2024-04,-3.45456,0.86457,0.21585,0.00018,60
JAPAN,2024-05,-3.71124,0.87724,0.23582,8e-05,60
JAPAN,2024-06,-4.04644,0.88002,0.26715,2e-05,60
JAPAN,2024-07,-4.33704,0.89023,0.29038,1e-05,60
JAPAN,2024-08,-4.82954,0.87774,0.34296,0.0,60
JAPAN,2024-09,-5.09101,0.849,0.3827,0.0,60
JAPAN,2024-10,-5.38591,0.8238,0.42428,0.0,60
JAPAN,2024-11,-5.92476,0.7969,0.48797,0.0,60
JAPAN,2024-12,-6.8583,0.76092,0.58344,0.0,60
JAPAN,2025-01,-7.33805,0.73214,0.63397,0.0,60
JAPAN,2025-02,-7.76374,0.66866,0.69919,0.0,60
JAPAN,2025-03,-8.0279,0.62766,0.73826,0.0,60
JAPAN,2025-04,-8.132,0.59068,0.76569,0.0,60
JAPAN,2025-05,-8.10345,0.58678,0.7668,0.0,60
JAPAN,2025-06,-8.0555,0.58275,0.76715,0.0,60
JAPAN,2025-07,-7.96118,0.58938,0.75879,0.0,60
JAPAN,2025-08,-8.15194,0.60377,0.75863,0.0,60
JAPAN,2025-09,-8.31283,0.62476,0.75323,0.0,60
JAPAN,2025-10,-8.7134,0.66004,0.7503,0.0,60
UK,2006-12,0.93074,0.2081,0.25644,4e-05,60
UK,2007-01,0.97654,0.20472,0.28178,1e-05,60
UK,2007-02,1.03385,0.20262,0.30981,0.0,60
UK,2007-03,1.10844,0.20281,0.33994,0.0,60
UK,2007-04,1.15635,0.20174,0.36161,0.0,60
UK,2007-05,1.19485,0.19429,0.39469,0.0,60
UK,2007-06,1.23643,0.1857,0.43322,0.0,60
UK,2007-07,1.24209,0.18229,0.4446,0.0,60
UK,2007-08,1.27145,0.17577,0.47428,0.0,60
UK,2007-09,1.28834,0.17038,0.49644,0.0,60
UK,2007-10,1.30449,0.16806,0.5095,0.0,60
UK,2007-11,1.31273,0.16685,0.51628,0.0,60
UK,2007-12,1.31628,0.16689,0.5175,0.0,60
UK,2008-01,1.32751,0.16491,0.52769,0.0,60
UK,2008-02,1.35838,0.16314,0.54448,0.0,60
UK,2008-03,1.37159,0.16105,0.55568,0.0,60
UK,2008-04,1.38725,0.16714,0.54292,0.0,60
UK,2008-05,1.42591,0.17171,0.54315,0.0,60
UK,2008-06,1.50946,0.17161,0.57152,0.0,60
UK,2008-07,1.63602,0.17224,0.60869,0.0,60
UK,2008-08,1.74761,0.1673,0.65295,0.0,60
UK,2008-09,1.8652,0.16218,0.69517,0.0,60
UK,2008-10,1.84174,0.14946,0.7236,0.0,60
UK,2008-11,1.72646,0.13913,0.7264,0.0,60
UK,2008-12,1.53333,0.13946,0.67577,0.0,60
UK,2009-01,1.33571,0.13922,0.61346,0.0,60
UK,2009-02,1.12284,0.13451,0.54576,0.0,60
UK,2009-03,0.91994,0.12859,0.46878,0.0,60
UK,2009-04,0.68909,0.12474,0.34476,0.0,60
UK,2009-05,0.51397,0.11991,0.24057,7e-05,60
UK,2009-06,0.36559,0.11629,0.14558,0.00263,60
UK,2009-07,0.24848,0.11239,0.07772,0.031,60
UK,2009-08,0.14995,0.10972,0.0312,0.17702,60
UK,2009-09,0.04032,0.10741,0.00242,0.70872,60
UK,2009-10,-0.03249,0.10381,0.00169,0.75542,60
UK,2009-11,-0.08331,0.10036,0.01174,0.40987,60
UK,2009-12,-0.10731,0.09697,0.02068,0.27302,60
UK,2010-01,-0.11279,0.09323,0.02461,0.23128,60
UK,2010-02,-0.13578,0.08963,0.03806,0.13523,60
UK,2010-03,-0.14326,0.08702,0.04464,0.10512,60
UK,2010-04,-0.14206,0.08512,0.04582,0.10051,60
UK,2010-05,-0.14889,0.08315,0.05238,0.07858,60
UK,2010-06,-0.1616,0.08159,0.06336,0.05237,60
UK,2010-07,-0.17022,0.08086,0.07098,0.03963,60
UK,2010-08,-0.17724,0.0803,0.0775,0.03126,60
UK,2010-09,-0.17796,0.07971,0.07913,0.02946,60
UK,2010-10,-0.17779,0.079,0.08031,0.02823,60
UK,2010-11,-0.1803,0.07817,0.08402,0.02468,60
UK,2010-12,-0.1735,0.07831,0.07802,0.03067,60
UK,2011-01,-0.16473,0.07906,0.06964,0.04161,60
UK,2011-02,-0.15247,0.08077,0.05789,0.06406,60
UK,2011-03,-0.147,0.08168,0.0529,0.07709,60
UK,2011-04,-0.13401,0.08338,0.04264,0.11344,60
UK,2011-05,-0.11887,0.08489,0.0327,0.16678,60
UK,2011-06,-0.1023,0.08606,0.02378,0.23939,60
UK,2011-07,-0.08202,0.08751,0.01492,0.35251,60
UK,2011-08,-0.06086,0.08873,0.00805,0.49551,60
UK,2011-09,-0.02963,0.09187,0.00179,0.74826,60
UK,2011-10,-0.00437,0.09385,4e-05,0.96303,60
UK,2011-11,0.0188,0.09547,0.00067,0.84459,60
UK,2011-12,0.03148,0.09602,0.00185,0.74423,60
UK,2012-01,0.03266,0.09622,0.00198,0.73553,60
UK,2012-02,0.03498,0.09672,0.00225,0.71894,60
UK,2012-03,0.03991,0.09728,0.00289,0.68315,60
UK,2012-04,0.03697,0.09835,0.00243,0.7084,60
UK,2012-05,0.02612,0.09969,0.00118,0.79424,60
UK,2012-06,0.01066,0.10178,0.00019,0.91697,60
UK,2012-07,-0.01679,0.10333,0.00045,0.8715,60
UK,2012-08,-0.04695,0.10509,0.00343,0.6567,60
UK,2012-09,-0.08537,0.10781,0.01069,0.4317,60
UK,2012-10,-0.11812,0.11075,0.01923,0.2906,60
UK,2012-11,-0.15239,0.11434,0.02972,0.18782,60
UK,2012-12,-0.1942,0.11842,0.04431,0.10643,60
UK,2013-01,-0.24035,0.12324,0.06154,0.05598,60
UK,2013-02,-0.28493,0.12992,0.07658,0.03232,60
UK,2013-03,-0.3465,0.13673,0.09969,0.01399,60
UK,2013-04,-0.40136,0.14841,0.11198,0.00896,60
UK,2013-05,-0.43572,0.16187,0.11105,0.00927,60
UK,2013-06,-0.44368,0.1789,0.09587,0.01606,60
UK,2013-07,-0.38602,0.19806,0.06147,0.05613,60
UK,2013-08,-0.25999,0.21777,0.02398,0.2374,60
UK,2013-09,0.00341,0.23523,0.0,0.9885,60
UK,2013-10,0.30262,0.25242,0.02418,0.23546,60
UK,2013-11,0.64637,0.26592,0.09245,0.01818,60
UK,2013-12,0.94234,0.28036,0.16303,0.00138,60
UK,2014-01,1.21264,0.27752,0.24766,5e-05,60
UK,2014-02,1.29227,0.25291,0.31042,0.0,60
UK,2014-03,1.27097,0.2298,0.3453,0.0,60
UK,2014-04,1.14717,0.2083,0.34337,0.0,60
UK,2014-05,1.07764,0.18836,0.36075,0.0,60
UK,2014-06,0.96725,0.17009,0.35796,0.0,60
UK,2014-07,0.90545,0.15294,0.37668,0.0,60
UK,2014-08,0.87068,0.13768,0.4081,0.0,60
UK,2014-09,0.8678,0.11853,0.4803,0.0,60
UK,2014-10,0.86077,0.10558,0.534,0.0,60
UK,2014-11,0.85769,0.09463,0.58614,0.0,60
UK,2014-12,0.8694,0.08816,0.62642,0.0,60
UK,2015-01,0.8899,0.08388,0.65993,0.0,60
UK,2015-02,0.91639,0.07818,0.70319,0.0,60
UK,2015-03,0.93976,0.07456,0.73253,0.0,60
UK,2015-04,0.95731,0.07254,0.75019,0.0,60
UK,2015-05,0.96817,0.07018,0.76645,0.0,60
UK,2015-06,0.98146,0.06785,0.78299,0.0,60
UK,2015-07,0.98845,0.06516,0.79869,0.0,60
UK,2015-08,0.99129,0.06279,0.81121,0.0,60
UK,2015-09,0.99941,0.06033,0.82551,0.0,60
UK,2015-10,1.00319,0.0582,0.83669,0.0,60
UK,2015-11,1.00041,0.05661,0.84336,0.0,60
UK,2015-12,0.98956,0.05554,0.84552,0.0,60
UK,2016-01,0.97149,0.05437,0.84626,0.0,60
UK,2016-02,0.95355,0.05212,0.8523,0.0,60
UK,2016-03,0.93049,0.05042,0.85446,0.0,60
UK,2016-04,0.90609,0.04816,0.8592,0.0,60
UK,2016-05,0.88286,0.04627,0.86259,0.0,60
UK,2016-06,0.85801,0.04556,0.85946,0.0,60
UK,2016-07,0.83347,0.04451,0.85804,0.0,60
UK,2016-08,0.80539,0.04398,0.85257,0.0,60
UK,2016-09,0.7573,0.04167,0.85064,0.0,60
UK,2016-10,0.7132,0.0404,0.8431,0.0,60
UK,2016-11,0.66434,0.03972,0.82824,0.0,60
UK,2016-12,0.62136,0.04241,0.78724,0.0,60
UK,2017-01,0.58325,0.04653,0.73035,0.0,60
UK,2017-02,0.53806,0.05202,0.64848,0.0,60
UK,2017-03,0.49346,0.05688,0.56478,0.0,60
UK,2017-04,0.44583,0.06287,0.46436,0.0,60
UK,2017-05,0.40214,0.06847,0.37294,0.0,60
UK,2017-06,0.3684,0.0726,0.30744,0.0,60
UK,2017-07,0.33122,0.07661,0.24374,6e-05,60
UK,2017-08,0.29152,0.08089,0.18295,0.00065,60
UK,2017-09,0.25829,0.08488,0.13767,0.00352,60
UK,2017-10,0.21877,0.0885,0.09532,0.01639,60
UK,2017-11,0.17981,0.09243,0.06126,0.05657,60
UK,2017-12,0.13988,0.09585,0.03542,0.14987,60
UK,2018-01,0.09674,0.09951,0.01603,0.335,60
UK,2018-02,0.05639,0.10216,0.00523,0.5831,60
UK,2018-03,0.01129,0.10455,0.0002,0.91435,60
UK,2018-04,-0.02395,0.10726,0.00086,0.8241,60
UK,2018-05,-0.07494,0.1095,0.00801,0.49646,60
UK,2018-06,-0.13743,0.11152,0.02552,0.2228,60
UK,2018-07,-0.20584,0.11392,0.05329,0.07598,60
UK,2018-08,-0.28512,0.1163,0.0939,0.01725,60
UK,2018-09,-0.36664,0.1173,0.14416,0.00277,60
UK,2018-10,-0.4373,0.11842,0.19037,0.00049,60
UK,2018-11,-0.50893,0.12033,0.23572,8e-05,60
UK,2018-12,-0.59213,0.12075,0.29308,1e-05,60
UK,2019-01,-0.66418,0.12174,0.33913,0.0,60
UK,2019-02,-0.72216,0.12207,0.37633,0.0,60
UK,2019-03,-0.77834,0.12266,0.40975,0.0,60
UK,2019-04,-0.84098,0.12155,0.45214,0.0,60
UK,2019-05,-0.895,0.1218,0.48211,0.0,60
UK,2019-06,-0.96291,0.11839,0.53281,0.0,60
UK,2019-07,-1.02313,0.11575,0.57394,0.0,60
UK,2019-08,-1.0788,0.11423,0.60594,0.0,60
UK,2019-09,-1.11435,0.11433,0.62092,0.0,60
UK,2019-10,-1.15281,0.11533,0.63272,0.0,60
UK,2019-11,-1.1549,0.1185,0.62089,0.0,60
UK,2019-12,-1.14182,0.12397,0.59393,0.0,60
UK,2020-01,-1.13488,0.12759,0.577,0.0,60
UK,2020-02,-1.12377,0.13131,0.55809,0.0,60
UK,2020-03,-1.10193,0.13608,0.53065,0.0,60
UK,2020-04,-1.07365,0.14611,0.48213,0.0,60
UK,2020-05,-1.05507,0.15987,0.42887,0.0,60
UK,2020-06,-1.03962,0.16998,0.39209,0.0,60
UK,2020-07,-1.02815,0.17738,0.3668,0.0,60
UK,2020-08,-1.03375,0.18197,0.3575,0.0,60
UK,2020-09,-0.99368,0.18031,0.34366,0.0,60
UK,2020-10,-0.9467,0.17651,0.33154,0.0,60
UK,2020-11,-0.92975,0.17272,0.33316,0.0,60
UK,2020-12,-0.90461,0.17043,0.32693,0.0,60
UK,2021-01,-0.89486,0.17111,0.32043,0.0,60
UK,2021-02,-0.88916,0.17318,0.31248,0.0,60
UK,2021-03,-0.88183,0.17474,0.30512,0.0,60
UK,2021-04,-0.84247,0.17456,0.28654,1e-05,60
UK,2021-05,-0.78943,0.17677,0.25588,4e-05,60
UK,2021-06,-0.74776,0.18068,0.22798,0.00011,60
UK,2021-07,-0.71684,0.18392,0.20755,0.00025,60
UK,2021-08,-0.68101,0.19122,0.17945,0.00074,60
UK,2021-09,-0.67203,0.198,0.1657,0.00125,60
UK,2021-10,-0.68016,0.21481,0.14738,0.00246,60
UK,2021-11,-0.70057,0.24199,0.12626,0.00534,60
UK,2021-12,-0.7596,0.26941,0.12054,0.00657,60
UK,2022-01,-0.86359,0.28876,0.13361,0.00408,60
UK,2022-02,-1.02512,0.31199,0.15693,0.00173,60
UK,2022-03,-1.20111,0.34263,0.17483,0.00089,60
UK,2022-04,-1.47426,0.39158,0.1964,0.00039,60
UK,2022-05,-1.69083,0.43512,0.20656,0.00026,60
UK,2022-06,-1.96791,0.46565,0.23544,9e-05,60
UK,2022-07,-2.25235,0.4984,0.26042,3e-05,60
UK,2022-08,-2.47459,0.52803,0.27466,2e-05,60
UK,2022-09,-2.65144,0.56038,0.2785,1e-05,60
UK,2022-10,-2.80481,0.60506,0.27033,2e-05,60
UK,2022-11,-2.95278,0.64205,0.26722,2e-05,60
UK,2022-12,-3.08083,0.67318,0.26531,3e-05,60
UK,2023-01,-3.15561,0.70178,0.25849,3e-05,60
UK,2023-02,-3.23016,0.73073,0.252,4e-05,60
UK,2023-03,-3.33037,0.74916,0.25414,4e-05,60
UK,2023-04,-3.37748,0.76154,0.25325,4e-05,60
UK,2023-05,-3.3846,0.77819,0.24594,6e-05,60
UK,2023-06,-3.36015,0.79178,0.23694,8e-05,60
UK,2023-07,-3.35154,0.79786,0.23326,9e-05,60
UK,2023-08,-3.37393,0.80004,0.23467,9e-05,60
UK,2023-09,-3.41271,0.79954,0.23903,7e-05,60
UK,2023-10,-3.44884,0.79484,0.24506,6e-05,60
UK,2023-11,-3.46717,0.78842,0.25006,5e-05,60
UK,2023-12,-3.53296,0.78272,0.25995,3e-05,60
UK,2024-01,-3.57305,0.77629,0.26754,2e-05,60
UK,2024-02,-3.68751,0.76801,0.28442,1e-05,60
UK,2024-03,-3.80261,0.75805,0.30258,1e-05,60
UK,2024-04,-3.93411,0.74852,0.32262,0.0,60
UK,2024-05,-4.02605,0.74125,0.33714,0.0,60
UK,2024-06,-4.1214,0.73355,0.35244,0.0,60
UK,2024-07,-4.20274,0.72623,0.36605,0.0,60
UK,2024-08,-4.31856,0.71385,0.38688,0.0,60
UK,2024-09,-4.49791,0.69977,0.416,0.0,60
UK,2024-10,-4.69311,0.67913,0.45156,0.0,60
UK,2024-11,-4.97139,0.65202,0.50058,0.0,60
UK,2024-12,-5.13545,0.62549,0.53751,0.0,60
UK,2025-01,-5.28835,0.60206,0.57086,0.0,60
UK,2025-02,-5.33605,0.58348,0.5905,0.0,60
UK,2025-03,-5.37897,0.56047,0.61361,0.0,60
GERMANY,2006-12,0.10304,0.0579,0.05178,0.08036,60
GERMANY,2007-01,0.13504,0.05772,0.08623,0.02277,60
GERMANY,2007-02,0.15627,0.05845,0.10972,0.00973,60
GERMANY,2007-03,0.18214,0.05834,0.14387,0.0028,60
GERMANY,2007-04,0.16471,0.06233,0.10745,0.01056,60
GERMANY,2007-05,0.12995,0.06598,0.06269,0.05368,60
GERMANY,2007-06,0.09534,0.06733,0.03342,0.16212,60
GERMANY,2007-07,0.05686,0.06838,0.01178,0.40904,60
GERMANY,2007-08,0.01769,0.06908,0.00113,0.79883,60
GERMANY,2007-09,-0.04131,0.07187,0.00566,0.56765,60
GERMANY,2007-10,-0.10082,0.07355,0.03138,0.17573,60
GERMANY,2007-11,-0.17969,0.0768,0.08624,0.02277,60
GERMANY,2007-12,-0.24286,0.07679,0.1471,0.00249,60
GERMANY,2008-01,-0.2821,0.07371,0.20162,0.00032,60
GERMANY,2008-02,-0.31048,0.07093,0.2483,5e-05,60
GERMANY,2008-03,-0.34437,0.0685,0.30349,1e-05,60
GERMANY,2008-04,-0.34412,0.0641,0.33193,0.0,60
GERMANY,2008-05,-0.36307,0.05846,0.3994,0.0,60
GERMANY,2008-06,-0.38211,0.05501,0.45412,0.0,60
GERMANY,2008-07,-0.39912,0.05208,0.50312,0.0,60
GERMANY,2008-08,-0.40477,0.04899,0.54066,0.0,60
GERMANY,2008-09,-0.39816,0.04569,0.56695,0.0,60
GERMANY,2008-10,-0.3809,0.04366,0.56757,0.0,60
GERMANY,2008-11,-0.34038,0.04598,0.48581,0.0,60
GERMANY,2008-12,-0.30215,0.04818,0.40404,0.0,60
GERMANY,2009-01,-0.26416,0.05062,0.3195,0.0,60
GERMANY,2009-02,-0.23219,0.05096,0.26361,3e-05,60
GERMANY,2009-03,-0.19249,0.05477,0.17557,0.00086,60
GERMANY,2009-04,-0.16767,0.05721,0.12901,0.00483,60
GERMANY,2009-05,-0.14029,0.06202,0.08107,0.02746,60
GERMANY,2009-06,-0.11391,0.06577,0.04917,0.0886,60
GERMANY,2009-07,-0.08395,0.07155,0.02318,0.24547,60
GERMANY,2009-08,-0.06172,0.0746,0.01166,0.41143,60
GERMANY,2009-09,-0.03779,0.07803,0.00403,0.62998,60
GERMANY,2009-10,-0.01794,0.08051,0.00086,0.82446,60
GERMANY,2009-11,-0.00273,0.08174,2e-05,0.97349,60
GERMANY,2009-12,0.00141,0.08221,1e-05,0.9864,60
GERMANY,2010-01,0.01738,0.08298,0.00076,0.83485,60
GERMANY,2010-02,0.03322,0.08434,0.00267,0.69507,60
GERMANY,2010-03,0.03742,0.0849,0.00334,0.66102,60
GERMANY,2010-04,0.05315,0.08579,0.00657,0.53801,60
GERMANY,2010-05,0.07021,0.08675,0.01117,0.42163,60
GERMANY,2010-06,0.09113,0.08811,0.01811,0.30531,60
GERMANY,2010-07,0.10513,0.08961,0.02318,0.24553,60
GERMANY,2010-08,0.12223,0.09136,0.02994,0.18614,60
GERMANY,2010-09,0.1275,0.09332,0.03118,0.17711,60
GERMANY,2010-10,0.13082,0.09529,0.03147,0.17508,60
GERMANY,2010-11,0.13298,0.09729,0.03121,0.17696,60
GERMANY,2010-12,0.14857,0.09875,0.03756,0.13787,60
GERMANY,2011-01,0.14282,0.10061,0.03357,0.16112,60
GERMANY,2011-02,0.13216,0.10263,0.02779,0.20298,60
GERMANY,2011-03,0.13208,0.10454,0.02678,0.21151,60
GERMANY,2011-04,0.11625,0.10621,0.02024,0.27825,60
GERMANY,2011-05,0.10479,0.10814,0.01593,0.33654,60
GERMANY,2011-06,0.08645,0.1101,0.01052,0.43555,60
GERMANY,2011-07,0.06845,0.1122,0.00638,0.54419,60
GERMANY,2011-08,0.06055,0.1141,0.00483,0.59767,60
GERMANY,2011-09,0.06043,0.11621,0.00464,0.60503,60
GERMANY,2011-10,0.06388,0.11797,0.00503,0.59021,60
GERMANY,2011-11,0.05349,0.12011,0.00341,0.65773,60
GERMANY,2011-12,0.05578,0.12143,0.00362,0.64771,60
GERMANY,2012-01,0.04349,0.12241,0.00217,0.72365,60
GERMANY,2012-02,0.02954,0.12358,0.00098,0.81194,60
GERMANY,2012-03,0.00971,0.12437,0.00011,0.93803,60
GERMANY,2012-04,-0.01001,0.12451,0.00011,0.93619,60
GERMANY,2012-05,-0.02957,0.12466,0.00097,0.81335,60
GERMANY,2012-06,-0.03517,0.12495,0.00136,0.77933,60
GERMANY,2012-07,-0.0493,0.12555,0.00265,0.69598,60
GERMANY,2012-08,-0.07433,0.12584,0.00598,0.55703,60
GERMANY,2012-09,-0.1142,0.12528,0.01412,0.36578,60
GERMANY,2012-10,-0.15787,0.12417,0.02712,0.20863,60
GERMANY,2012-11,-0.21571,0.12047,0.05238,0.07859,60
GERMANY,2012-12,-0.2732,0.11665,0.08641,0.02263,60
GERMANY,2013-01,-0.31468,0.11406,0.11601,0.00775,60
GERMANY,2013-02,-0.35461,0.11111,0.14938,0.00229,60
GERMANY,2013-03,-0.40009,0.10572,0.19802,0.00037,60
GERMANY,2013-04,-0.4195,0.10439,0.2178,0.00017,60
GERMANY,2013-05,-0.45924,0.09832,0.27334,2e-05,60
GERMANY,2013-06,-0.50787,0.08914,0.35883,0.0,60
GERMANY,2013-07,-0.55893,0.07738,0.47358,0.0,60
GERMANY,2013-08,-0.58993,0.06663,0.57472,0.0,60
GERMANY,2013-09,-0.61136,0.05782,0.65845,0.0,60
GERMANY,2013-10,-0.62156,0.05262,0.70638,0.0,60
GERMANY,2013-11,-0.61676,0.05323,0.69829,0.0,60
GERMANY,2013-12,-0.6134,0.05396,0.69024,0.0,60
GERMANY,2014-01,-0.60526,0.05541,0.67288,0.0,60
GERMANY,2014-02,-0.60364,0.0568,0.66073,0.0,60
GERMANY,2014-03,-0.58241,0.06003,0.61873,0.0,60
GERMANY,2014-04,-0.5783,0.06208,0.59942,0.0,60
GERMANY,2014-05,-0.53937,0.06654,0.53115,0.0,60
GERMANY,2014-06,-0.50573,0.07013,0.47275,0.0,60
GERMANY,2014-07,-0.43801,0.07273,0.38471,0.0,60
GERMANY,2014-08,-0.38493,0.07686,0.30188,1e-05,60
GERMANY,2014-09,-0.31243,0.07978,0.20913,0.00024,60
GERMANY,2014-10,-0.23678,0.08332,0.12223,0.00618,60
GERMANY,2014-11,-0.16619,0.08871,0.05706,0.06605,60
GERMANY,2014-12,-0.09959,0.09863,0.01728,0.31681,60
GERMANY,2015-01,0.0027,0.1118,1e-05,0.98079,60
GERMANY,2015-02,0.12511,0.12006,0.01838,0.30171,60
GERMANY,2015-03,0.20311,0.12923,0.04085,0.12145,60
GERMANY,2015-04,0.26714,0.1343,0.06386,0.05141,60
GERMANY,2015-05,0.3264,0.13877,0.08708,0.02208,60
GERMANY,2015-06,0.43243,0.14106,0.13945,0.00329,60
GERMANY,2015-07,0.53616,0.14309,0.19489,0.00041,60
GERMANY,2015-08,0.65918,0.1426,0.26922,2e-05,60
GERMANY,2015-09,0.80157,0.14325,0.35057,0.0,60
GERMANY,2015-10,0.92575,0.1417,0.42394,0.0,60
GERMANY,2015-11,1.08393,0.14173,0.50211,0.0,60
GERMANY,2015-12,1.27493,0.13499,0.60599,0.0,60
GERMANY,2016-01,1.38775,0.13047,0.66108,0.0,60
GERMANY,2016-02,1.50527,0.12747,0.70626,0.0,60
GERMANY,2016-03,1.54384,0.12499,0.72455,0.0,60
GERMANY,2016-04,1.61133,0.12157,0.7518,0.0,60
GERMANY,2016-05,1.64724,0.11936,0.76657,0.0,60
GERMANY,2016-06,1.65087,0.11886,0.76886,0.0,60
GERMANY,2016-07,1.62269,0.12034,0.75814,0.0,60
GERMANY,2016-08,1.59337,0.12087,0.74976,0.0,60
GERMANY,2016-09,1.50852,0.12388,0.71885,0.0,60
GERMANY,2016-10,1.39145,0.12797,0.67087,0.0,60
GERMANY,2016-11,1.27844,0.12852,0.63046,0.0,60
GERMANY,2016-12,1.14316,0.13899,0.5384,0.0,60
GERMANY,2017-01,1.00786,0.1464,0.44967,0.0,60
GERMANY,2017-02,0.84259,0.155,0.33754,0.0,60
GERMANY,2017-03,0.73386,0.15482,0.27921,1e-05,60
GERMANY,2017-04,0.6236,0.1576,0.21257,0.00021,60
GERMANY,2017-05,0.555,0.15585,0.17942,0.00075,60
GERMANY,2017-06,0.48339,0.15555,0.14275,0.00292,60
GERMANY,2017-07,0.40944,0.1545,0.10801,0.01035,60
GERMANY,2017-08,0.31881,0.15196,0.07053,0.04028,60
GERMANY,2017-09,0.22451,0.14961,0.03737,0.13888,60
GERMANY,2017-10,0.15961,0.14504,0.02045,0.2757,60
GERMANY,2017-11,0.08378,0.14235,0.00594,0.55843,60
GERMANY,2017-12,0.01749,0.13793,0.00028,0.89955,60
GERMANY,2018-01,-0.03853,0.13579,0.00139,0.77762,60
GERMANY,2018-02,-0.07256,0.13382,0.00504,0.58973,60
GERMANY,2018-03,-0.11926,0.13258,0.01376,0.37209,60
GERMANY,2018-04,-0.14228,0.13128,0.01985,0.28296,60
GERMANY,2018-05,-0.22481,0.13174,0.04781,0.09327,60
GERMANY,2018-06,-0.30254,0.12825,0.08754,0.02172,60
GERMANY,2018-07,-0.38373,0.12339,0.14292,0.0029,60
GERMANY,2018-08,-0.44812,0.12114,0.1909,0.00048,60
GERMANY,2018-09,-0.51377,0.11884,0.24371,6e-05,60
GERMANY,2018-10,-0.58318,0.11919,0.29217,1e-05,60
GERMANY,2018-11,-0.64225,0.11723,0.34102,0.0,60
GERMANY,2018-12,-0.68418,0.11354,0.385,0.0,60
GERMANY,2019-01,-0.71239,0.11021,0.41875,0.0,60
GERMANY,2019-02,-0.74384,0.10735,0.45291,0.0,60
GERMANY,2019-03,-0.75998,0.10634,0.46828,0.0,60
GERMANY,2019-04,-0.82749,0.10187,0.5322,0.0,60
GERMANY,2019-05,-0.83645,0.1011,0.54131,0.0,60
GERMANY,2019-06,-0.86687,0.09879,0.57037,0.0,60
GERMANY,2019-07,-0.89474,0.0976,0.59168,0.0,60
GERMANY,2019-08,-0.91312,0.09711,0.60385,0.0,60
GERMANY,2019-09,-0.92746,0.09758,0.609,0.0,60
GERMANY,2019-10,-0.93708,0.09932,0.6055,0.0,60
GERMANY,2019-11,-0.93494,0.10243,0.58958,0.0,60
GERMANY,2019-12,-0.93314,0.10491,0.57702,0.0,60
GERMANY,2020-01,-0.90348,0.10587,0.55669,0.0,60
GERMANY,2020-02,-0.88246,0.10845,0.53306,0.0,60
GERMANY,2020-03,-0.87042,0.11207,0.50984,0.0,60
GERMANY,2020-04,-0.89925,0.11684,0.50528,0.0,60
GERMANY,2020-05,-0.96829,0.11913,0.53249,0.0,60
GERMANY,2020-06,-1.03385,0.12369,0.54639,0.0,60
GERMANY,2020-07,-1.12843,0.14695,0.50413,0.0,60
GERMANY,2020-08,-1.24261,0.16111,0.50633,0.0,60
GERMANY,2020-09,-1.34427,0.17747,0.49728,0.0,60
GERMANY,2020-10,-1.46274,0.18815,0.5103,0.0,60
GERMANY,2020-11,-1.51102,0.19584,0.50651,0.0,60
GERMANY,2020-12,-1.58298,0.20719,0.5016,0.0,60
GERMANY,2021-01,-1.5729,0.21282,0.485,0.0,60
GERMANY,2021-02,-1.50761,0.22256,0.4417,0.0,60
GERMANY,2021-03,-1.42384,0.23354,0.39057,0.0,60
GERMANY,2021-04,-1.31983,0.24454,0.33432,0.0,60
GERMANY,2021-05,-1.248,0.25771,0.28792,1e-05,60
GERMANY,2021-06,-1.19419,0.27264,0.24857,5e-05,60
GERMANY,2021-07,-1.14742,0.30713,0.19397,0.00043,60
GERMANY,2021-08,-1.12332,0.339,0.15918,0.00159,60
GERMANY,2021-09,-1.10269,0.373,0.13095,0.0045,60
GERMANY,2021-10,-1.08544,0.40846,0.10854,0.01016,60
GERMANY,2021-11,-1.06149,0.44941,0.08775,0.02156,60
GERMANY,2021-12,-1.06874,0.48919,0.07604,0.03296,60
GERMANY,2022-01,-1.12385,0.51143,0.07686,0.03199,60
GERMANY,2022-02,-1.22172,0.52969,0.08402,0.02468,60
GERMANY,2022-03,-1.33922,0.57466,0.08562,0.02328,60
GERMANY,2022-04,-1.54034,0.61736,0.09693,0.01546,60
GERMANY,2022-05,-1.7408,0.67082,0.10403,0.01196,60
GERMANY,2022-06,-1.91914,0.70964,0.11198,0.00897,60
GERMANY,2022-07,-2.08329,0.74371,0.11917,0.00691,60
GERMANY,2022-08,-2.25282,0.77927,0.12595,0.0054,60
GERMANY,2022-09,-2.38044,0.84634,0.12002,0.0067,60
GERMANY,2022-10,-2.59638,0.90201,0.125,0.00559,60
GERMANY,2022-11,-2.80157,0.9513,0.13008,0.00464,60
GERMANY,2022-12,-2.96535,0.98393,0.1354,0.00382,60
GERMANY,2023-01,-3.22664,1.01004,0.14963,0.00227,60
GERMANY,2023-02,-3.47081,1.03107,0.16344,0.00136,60
GERMANY,2023-03,-3.63603,1.03662,0.175,0.00088,60
GERMANY,2023-04,-3.8119,1.0366,0.18907,0.00052,60
GERMANY,2023-05,-3.91818,1.0323,0.19897,0.00035,60
GERMANY,2023-06,-4.03342,1.02804,0.20973,0.00023,60
GERMANY,2023-07,-4.13304,1.02212,0.21991,0.00016,60
GERMANY,2023-08,-4.21287,1.02121,0.22686,0.00012,60
GERMANY,2023-09,-4.28445,1.01493,0.23504,9e-05,60
GERMANY,2023-10,-4.32463,1.01056,0.23998,7e-05,60
GERMANY,2023-11,-4.37774,1.00679,0.24584,6e-05,60
GERMANY,2023-12,-4.45324,0.99887,0.25523,4e-05,60
GERMANY,2024-01,-4.59323,0.98996,0.2707,2e-05,60
GERMANY,2024-02,-4.72956,0.98246,0.28549,1e-05,60
GERMANY,2024-03,-4.90527,0.97233,0.30498,0.0,60
GERMANY,2024-04,-5.1501,0.96689,0.32848,0.0,60
GERMANY,2024-05,-5.45456,0.95239,0.36124,0.0,60
GERMANY,2024-06,-5.77551,0.93812,0.39521,0.0,60
GERMANY,2024-07,-6.11865,0.92174,0.43173,0.0,60
GERMANY,2024-08,-6.52494,0.89798,0.47652,0.0,60
GERMANY,2024-09,-6.99219,0.86537,0.52955,0.0,60
GERMANY,2024-10,-7.51396,0.8182,0.59252,0.0,60
GERMANY,2024-11,-7.91184,0.76769,0.6468,0.0,60
GERMANY,2024-12,-8.14011,0.72864,0.68272,0.0,60
GERMANY,2025-01,-8.26458,0.70196,0.70501,0.0,60
GERMANY,2025-02,-8.28121,0.68118,0.71817,0.0,60
GERMANY,2025-03,-8.25525,0.66708,0.72531,0.0,60
