country,indicator,chow_test_input,base_form_tested,break_name,break_date,window,start,end,adf_stat,adf_pvalue,adf_usedlag,adf_nobs,adf_crit_5pct,adf_maxlag,adf_error,kpss_stat,kpss_pvalue,kpss_lags,kpss_crit_5pct,kpss_interp_flag,kpss_error,classification,n_obs,small_sample_flag,hard_warn_flag,col_key
USA,CPI,yoy_pct,yoy_pct,GFC_2008,2008-09,pre_break,2002-01,2008-08,-1.9870934659053978,0.2922606794520934,10,69,-2.9044395987933362,11,,0.8568780369342686,0.01,5,0.463,True,,Non-stationary,80,False,False,GFC_2008|pre_break
USA,CPI,yoy_pct,yoy_pct,GFC_2008,2008-09,post_break,2008-09,2025-10,-2.228535541380461,0.19605216525485675,13,192,-2.876714157488788,14,,0.7319163936994445,0.010643964209141408,9,0.463,False,,Non-stationary,206,False,False,GFC_2008|post_break
USA,CPI,yoy_pct,yoy_pct,COVID_2020,2020-03,pre_break,2002-01,2020-02,-2.214406702882195,0.20105826722584974,13,204,-2.8758145932936805,14,,0.3744979312784476,0.08814744341446223,9,0.463,False,,Inconclusive,218,False,False,COVID_2020|pre_break
USA,CPI,yoy_pct,yoy_pct,COVID_2020,2020-03,post_break,2020-03,2025-10,-3.76318125616509,0.0033072990869245744,10,57,-2.913766394626147,10,,0.245223552850225,0.1,5,0.463,True,,Stationary,68,False,False,COVID_2020|post_break
USA,CPI,yoy_pct,yoy_pct,ENERGY_2022,2022-02,pre_break,2002-01,2022-01,-1.6226609664194631,0.47133453248081636,13,227,-2.8743581895178485,14,,0.18174652725858495,0.1,9,0.463,True,,Inconclusive,241,False,False,ENERGY_2022|pre_break
USA,CPI,yoy_pct,yoy_pct,ENERGY_2022,2022-02,post_break,2022-02,2025-10,-4.364955249925598,0.0003422159661361117,7,37,-2.9435394610388332,9,,0.8143749091876504,0.01,4,0.463,True,,Trend-stationary (conflict),45,True,False,ENERGY_2022|post_break
USA,POLICY_RATE,first_diff,first_diff,GFC_2008,2008-09,pre_break,2001-02,2008-08,-3.0545860761938597,0.03010172323571195,3,87,-2.895382030636155,11,,0.3736011841492806,0.08853397234944801,5,0.463,False,,Stationary,91,False,False,GFC_2008|pre_break
USA,POLICY_RATE,first_diff,first_diff,GFC_2008,2008-09,post_break,2008-09,2025-10,-3.560614929172771,0.006560195273158705,4,201,-2.876029332045744,14,,0.21648229616693349,0.1,8,0.463,True,,Stationary,206,False,False,GFC_2008|post_break
USA,POLICY_RATE,first_diff,first_diff,COVID_2020,2020-03,pre_break,2001-02,2020-02,-3.866272494116451,0.0022975713231167035,8,220,-2.874768966942149,14,,0.25702986894482516,0.1,8,0.463,True,,Stationary,229,False,False,COVID_2020|pre_break
USA,POLICY_RATE,first_diff,first_diff,COVID_2020,2020-03,post_break,2020-03,2025-10,-1.780137017469249,0.390366743577093,3,64,-2.907887369384766,10,,0.2509060593385026,0.1,4,0.463,True,,Inconclusive,68,False,False,COVID_2020|post_break
USA,POLICY_RATE,first_diff,first_diff,ENERGY_2022,2022-02,pre_break,2001-02,2022-01,-3.704905163130133,0.004044685271611704,7,244,-2.873459364726563,15,,0.17220941060910094,0.1,8,0.463,True,,Stationary,252,False,False,ENERGY_2022|pre_break
USA,POLICY_RATE,first_diff,first_diff,ENERGY_2022,2022-02,post_break,2022-02,2025-10,-1.40445026498669,0.5801407556939604,4,40,-2.937069375,9,,0.6786858771398933,0.015483102078191521,4,0.463,False,,Non-stationary,45,True,False,ENERGY_2022|post_break
USA,UNEMPLOYMENT,first_diff,first_diff,GFC_2008,2008-09,pre_break,2001-02,2008-08,-1.8835266164495883,0.33984994906538235,4,86,-2.895783561573195,11,,0.3225122529177518,0.1,4,0.463,True,,Inconclusive,91,False,False,GFC_2008|pre_break
USA,UNEMPLOYMENT,first_diff,first_diff,GFC_2008,2008-09,post_break,2008-09,2025-10,-11.264873131572,1.5886357242469388e-20,1,204,-2.8758145932936805,14,,0.044597905127828394,0.1,5,0.463,True,,Stationary,206,False,False,GFC_2008|post_break
USA,UNEMPLOYMENT,first_diff,first_diff,COVID_2020,2020-03,pre_break,2001-02,2020-02,-2.8916770113439707,0.046324443606491184,5,223,-2.8745897386146817,14,,0.41601586247471917,0.07025178341606933,8,0.463,False,,Stationary,229,False,False,COVID_2020|pre_break
USA,UNEMPLOYMENT,first_diff,first_diff,COVID_2020,2020-03,post_break,2020-03,2025-10,-6.791722394227488,2.3554197276018603e-09,3,64,-2.907887369384766,10,,0.05982282278687566,0.1,3,0.463,True,,Stationary,68,False,False,COVID_2020|post_break
USA,UNEMPLOYMENT,first_diff,first_diff,ENERGY_2022,2022-02,pre_break,2001-02,2022-01,-12.397491645943562,4.6399555464850367e-23,1,250,-2.8731715065600003,15,,0.07565798542248729,0.1,5,0.463,True,,Stationary,252,False,False,ENERGY_2022|pre_break
USA,UNEMPLOYMENT,first_diff,first_diff,ENERGY_2022,2022-02,post_break,2022-02,2025-10,-9.280778416409653,1.2528701339490623e-15,0,44,-2.929885661157025,9,,0.44981567368295916,0.05568289927458658,2,0.463,False,,Stationary,45,True,False,ENERGY_2022|post_break
USA,GDP,level,level,GFC_2008,2008-09,pre_break,2001-01,2008-08,-0.6131150762232548,0.8679909337979757,7,84,-2.8966159448223734,11,,0.44768204382639193,0.056602567316210384,5,0.463,False,,Inconclusive,92,False,False,GFC_2008|pre_break
USA,GDP,level,level,GFC_2008,2008-09,post_break,2008-09,2025-10,-3.0983221845311557,0.026677603760256,13,192,-2.876714157488788,14,,0.6840121387488939,0.014998896477373283,9,0.463,False,,Trend-stationary (conflict),206,False,False,GFC_2008|post_break
USA,GDP,level,level,COVID_2020,2020-03,pre_break,2001-01,2020-02,-1.4914348912175817,0.5377440406436601,13,216,-2.875015740963014,14,,0.16462998891916375,0.1,9,0.463,True,,Inconclusive,230,False,False,COVID_2020|pre_break
USA,GDP,level,level,COVID_2020,2020-03,post_break,2020-03,2025-10,-3.478347604178366,0.008560900719692954,7,60,-2.9110731481481484,10,,0.18697567922508454,0.1,5,0.463,True,,Stationary,68,False,False,COVID_2020|post_break
USA,GDP,level,level,ENERGY_2022,2022-02,pre_break,2001-01,2022-01,-2.312699249678113,0.16790491661953666,15,237,-2.8738137461081323,15,,0.12568097707702103,0.1,9,0.463,True,,Inconclusive,253,False,False,ENERGY_2022|pre_break
USA,GDP,level,level,ENERGY_2022,2022-02,post_break,2022-02,2025-10,-3.2604662650561376,0.016740807964821545,4,40,-2.937069375,9,,0.8674550526858723,0.01,4,0.463,True,,Trend-stationary (conflict),45,True,False,ENERGY_2022|post_break
USA,M2,level,level,GFC_2008,2008-09,pre_break,2001-01,2008-08,-1.7558771572656486,0.4025768480465395,4,87,-2.895382030636155,11,,0.7290794447521065,0.010901868658899408,5,0.463,False,,Non-stationary,92,False,False,GFC_2008|pre_break
USA,M2,level,level,GFC_2008,2008-09,post_break,2008-09,2025-10,-2.599725086121075,0.0930540998596896,14,191,-2.8767942675230356,14,,0.1238379225613406,0.1,9,0.463,True,,Inconclusive,206,False,False,GFC_2008|post_break
USA,M2,level,level,COVID_2020,2020-03,pre_break,2001-01,2020-02,-3.20646142938232,0.019613699581430718,13,216,-2.875015740963014,14,,0.17179928790355248,0.1,9,0.463,True,,Stationary,230,False,False,COVID_2020|pre_break
USA,M2,level,level,COVID_2020,2020-03,post_break,2020-03,2025-10,-1.8154292062137105,0.3728288721498416,3,64,-2.907887369384766,10,,0.8235524285280692,0.01,5,0.463,True,,Non-stationary,68,False,False,COVID_2020|post_break
USA,M2,level,level,ENERGY_2022,2022-02,pre_break,2001-01,2022-01,-0.9969282302374433,0.7543830091496898,13,239,-2.8737103617125186,15,,0.3975654110498592,0.0782045642026469,10,0.463,False,,Inconclusive,253,False,False,ENERGY_2022|pre_break
USA,M2,level,level,ENERGY_2022,2022-02,post_break,2022-02,2025-10,-2.636757816578953,0.08563562232898275,9,35,-2.9485102040816327,9,,0.22752885265034772,0.1,4,0.463,True,,Inconclusive,45,True,False,ENERGY_2022|post_break
JAPAN,CPI,yoy_pct,yoy_pct,GFC_2008,2008-09,pre_break,2002-01,2008-08,-1.0770471757629116,0.7241379024936343,0,79,-2.898885703483903,11,,0.9191312158552456,0.01,5,0.463,True,,Non-stationary,80,False,False,GFC_2008|pre_break
JAPAN,CPI,yoy_pct,yoy_pct,GFC_2008,2008-09,post_break,2008-09,2025-10,-2.3182099691913987,0.16616213532185908,13,192,-2.876714157488788,14,,0.9107451957492456,0.01,9,0.463,True,,Non-stationary,206,False,False,GFC_2008|post_break
JAPAN,CPI,yoy_pct,yoy_pct,COVID_2020,2020-03,pre_break,2002-01,2020-02,-2.8552641622223587,0.05080296989667537,13,204,-2.8758145932936805,14,,0.479850345429145,0.04620487715559798,9,0.463,False,,Non-stationary,218,False,False,COVID_2020|pre_break
JAPAN,CPI,yoy_pct,yoy_pct,COVID_2020,2020-03,post_break,2020-03,2025-10,-1.009890774085198,0.7496397960504524,0,67,-2.905755128523123,10,,0.8914445302081101,0.01,5,0.463,True,,Non-stationary,68,False,False,COVID_2020|post_break
JAPAN,CPI,yoy_pct,yoy_pct,ENERGY_2022,2022-02,pre_break,2002-01,2022-01,-3.0222898797449638,0.0328645904220491,13,227,-2.8743581895178485,14,,0.33766822358152,0.1,9,0.463,True,,Stationary,241,False,False,ENERGY_2022|pre_break
JAPAN,CPI,yoy_pct,yoy_pct,ENERGY_2022,2022-02,post_break,2022-02,2025-10,-3.7102405347916934,0.003971396002621395,0,44,-2.929885661157025,9,,0.1637413210611402,0.1,3,0.463,True,,Stationary,45,True,False,ENERGY_2022|post_break
JAPAN,POLICY_RATE,first_diff,first_diff,GFC_2008,2008-09,pre_break,2001-02,2008-08,-2.882863959410322,0.047377281844088556,6,84,-2.8966159448223734,11,,0.567858413602829,0.02638324017954302,3,0.463,False,,Trend-stationary (conflict),91,False,False,GFC_2008|pre_break
JAPAN,POLICY_RATE,first_diff,first_diff,GFC_2008,2008-09,post_break,2008-09,2025-10,-2.383596888754299,0.1464196860984322,12,193,-2.8766348847254934,14,,0.8303099245099304,0.01,5,0.463,True,,Non-stationary,206,False,False,GFC_2008|post_break
JAPAN,POLICY_RATE,first_diff,first_diff,COVID_2020,2020-03,pre_break,2001-02,2020-02,-4.16391067583501,0.0007579709346284952,8,220,-2.874768966942149,14,,0.07547547095589698,0.1,6,0.463,True,,Stationary,229,False,False,COVID_2020|pre_break
JAPAN,POLICY_RATE,first_diff,first_diff,COVID_2020,2020-03,post_break,2020-03,2025-10,-2.1445678552587375,0.22697516389632977,6,61,-2.910236235808284,10,,0.5655243912515836,0.026908920889282966,0,0.463,False,,Non-stationary,68,False,False,COVID_2020|post_break
JAPAN,POLICY_RATE,first_diff,first_diff,ENERGY_2022,2022-02,pre_break,2001-02,2022-01,-4.569824721676837,0.00014676249575351969,6,245,-2.873410402808354,15,,0.06989578007515475,0.1,6,0.463,True,,Stationary,252,False,False,ENERGY_2022|pre_break
JAPAN,POLICY_RATE,first_diff,first_diff,ENERGY_2022,2022-02,post_break,2022-02,2025-10,-5.742688236697949,6.222770915116737e-07,0,44,-2.929885661157025,9,,0.3296430421107656,0.1,1,0.463,True,,Stationary,45,True,False,ENERGY_2022|post_break
JAPAN,UNEMPLOYMENT,first_diff,first_diff,GFC_2008,2008-09,pre_break,2001-02,2008-08,-8.510924884112889,1.1680837224862432e-13,1,89,-2.8946066061911946,11,,0.22036210833150158,0.1,9,0.463,True,,Stationary,91,False,False,GFC_2008|pre_break
JAPAN,UNEMPLOYMENT,first_diff,first_diff,GFC_2008,2008-09,post_break,2008-09,2025-10,-11.527498038814482,3.903835625567956e-21,1,204,-2.8758145932936805,14,,0.14976122839578646,0.1,2,0.463,True,,Stationary,206,False,False,GFC_2008|post_break
JAPAN,UNEMPLOYMENT,first_diff,first_diff,COVID_2020,2020-03,pre_break,2001-02,2020-02,-8.478734936938798,1.4119821065352544e-13,2,226,-2.8744153028455948,14,,0.18065322682583174,0.1,3,0.463,True,,Stationary,229,False,False,COVID_2020|pre_break
JAPAN,UNEMPLOYMENT,first_diff,first_diff,COVID_2020,2020-03,post_break,2020-03,2025-10,-4.860437543649992,4.161543725741671e-05,3,64,-2.907887369384766,10,,0.17318549249390547,0.1,3,0.463,True,,Stationary,68,False,False,COVID_2020|post_break
JAPAN,UNEMPLOYMENT,first_diff,first_diff,ENERGY_2022,2022-02,pre_break,2001-02,2022-01,-3.161500843864778,0.022324142672689774,14,237,-2.8738137461081323,15,,0.10695057909277697,0.1,3,0.463,True,,Stationary,252,False,False,ENERGY_2022|pre_break
JAPAN,UNEMPLOYMENT,first_diff,first_diff,ENERGY_2022,2022-02,post_break,2022-02,2025-10,-5.994446702435071,1.714839555690549e-07,3,41,-2.9351348158036012,9,,0.4720277477043978,0.0479667234900005,34,0.463,False,,Trend-stationary (conflict),45,True,False,ENERGY_2022|post_break
JAPAN,GDP,level,level,GFC_2008,2008-09,pre_break,2001-01,2008-08,-1.7950935113863788,0.3829003355430035,1,90,-2.894232085048011,11,,0.2872071278823678,0.1,5,0.463,True,,Inconclusive,92,False,False,GFC_2008|pre_break
JAPAN,GDP,level,level,GFC_2008,2008-09,post_break,2008-09,2025-10,-4.340813785345343,0.0003772195889566544,13,192,-2.876714157488788,14,,0.09864475748808203,0.1,9,0.463,True,,Stationary,206,False,False,GFC_2008|post_break
JAPAN,GDP,level,level,COVID_2020,2020-03,pre_break,2001-01,2020-02,-2.1216378504012634,0.23590338903457236,13,216,-2.875015740963014,14,,0.06616699594923163,0.1,9,0.463,True,,Inconclusive,230,False,False,COVID_2020|pre_break
JAPAN,GDP,level,level,COVID_2020,2020-03,post_break,2020-03,2025-10,-4.427294622319803,0.0002655017216033104,9,58,-2.912836594776334,10,,0.16913357432761533,0.1,4,0.463,True,,Stationary,68,False,False,COVID_2020|post_break
JAPAN,GDP,level,level,ENERGY_2022,2022-02,pre_break,2001-01,2022-01,-3.5791286753946965,0.006172810192737787,13,239,-2.8737103617125186,15,,0.05378053839175997,0.1,9,0.463,True,,Stationary,253,False,False,ENERGY_2022|pre_break
JAPAN,GDP,level,level,ENERGY_2022,2022-02,post_break,2022-02,2025-10,-3.665007139955368,0.004633167511491824,9,35,-2.9485102040816327,9,,0.1887047803411412,0.1,4,0.463,True,,Stationary,45,True,False,ENERGY_2022|post_break
JAPAN,M2,first_diff,first_diff,GFC_2008,2008-09,pre_break,2001-02,2008-08,-7.627246295544986,2.0531192126246433e-11,0,90,-2.894232085048011,11,,0.21581697878125713,0.1,3,0.463,True,,Stationary,91,False,False,GFC_2008|pre_break
JAPAN,M2,first_diff,first_diff,GFC_2008,2008-09,post_break,2008-09,2025-10,-4.5338970786152215,0.0001706917285310235,12,193,-2.8766348847254934,14,,0.09942808566356662,0.1,7,0.463,True,,Stationary,206,False,False,GFC_2008|post_break
JAPAN,M2,first_diff,first_diff,COVID_2020,2020-03,pre_break,2001-02,2020-02,-5.113346345092763,1.3178088320663696e-05,12,216,-2.875015740963014,14,,0.09369760631848527,0.1,6,0.463,True,,Stationary,229,False,False,COVID_2020|pre_break
JAPAN,M2,first_diff,first_diff,COVID_2020,2020-03,post_break,2020-03,2025-10,-3.18316792813984,0.020979893892771127,0,67,-2.905755128523123,10,,0.16859656498816272,0.1,4,0.463,True,,Stationary,68,False,False,COVID_2020|post_break
JAPAN,M2,first_diff,first_diff,ENERGY_2022,2022-02,pre_break,2001-02,2022-01,-6.209509637965523,5.5518078807936454e-08,12,239,-2.8737103617125186,15,,0.03383950940548337,0.1,8,0.463,True,,Stationary,252,False,False,ENERGY_2022|pre_break
JAPAN,M2,first_diff,first_diff,ENERGY_2022,2022-02,post_break,2022-02,2025-10,-3.595807532814973,0.005841686418276431,0,44,-2.929885661157025,9,,0.22860310565746458,0.1,3,0.463,True,,Stationary,45,True,False,ENERGY_2022|post_break
UK,CPI,yoy_pct,yoy_pct,GFC_2008,2008-09,pre_break,2002-01,2008-08,1.2125456089993343,0.9960714255512326,0,79,-2.898885703483903,11,,1.1608755668858468,0.01,5,0.463,True,,Non-stationary,80,False,False,GFC_2008|pre_break
UK,CPI,yoy_pct,yoy_pct,GFC_2008,2008-09,post_break,2008-09,2025-03,-2.1427566848760105,0.22767293046431714,12,186,-2.8772078537639385,14,,0.4726042195187676,0.04783688749577308,9,0.463,False,,Non-stationary,199,False,False,GFC_2008|post_break
UK,CPI,yoy_pct,yoy_pct,COVID_2020,2020-03,pre_break,2002-01,2020-02,-2.1342137802830563,0.23098140805763046,13,204,-2.8758145932936805,14,,0.23893010498566977,0.1,9,0.463,True,,Inconclusive,218,False,False,COVID_2020|pre_break
UK,CPI,yoy_pct,yoy_pct,COVID_2020,2020-03,post_break,2020-03,2025-03,-2.3835033047792806,0.1464467136082025,9,51,-2.920142229157715,10,,0.3599341816173302,0.09442492171666801,5,0.463,False,,Inconclusive,61,False,False,COVID_2020|post_break
UK,CPI,yoy_pct,yoy_pct,ENERGY_2022,2022-02,pre_break,2002-01,2022-01,-2.068467212536108,0.25738161496798795,12,228,-2.8743015807562924,14,,0.20476654635463906,0.1,9,0.463,True,,Inconclusive,241,False,False,ENERGY_2022|pre_break
UK,CPI,yoy_pct,yoy_pct,ENERGY_2022,2022-02,post_break,2022-02,2025-03,-0.3320403480370593,0.920842280110349,0,37,-2.9435394610388332,9,,0.668032886200728,0.01645155579993382,4,0.463,False,,Non-stationary,38,True,False,ENERGY_2022|post_break
UK,POLICY_RATE,first_diff,first_diff,GFC_2008,2008-09,pre_break,2001-02,2008-08,-3.460281208458177,0.00906770849521269,11,79,-2.898885703483903,11,,0.20381164782843833,0.1,0,0.463,True,,Stationary,91,False,False,GFC_2008|pre_break
UK,POLICY_RATE,first_diff,first_diff,GFC_2008,2008-09,post_break,2008-09,2025-03,-4.734334350528533,7.250460069536492e-05,5,193,-2.8766348847254934,14,,0.5374372470980299,0.03323485425720048,8,0.463,False,,Trend-stationary (conflict),199,False,False,GFC_2008|post_break
UK,POLICY_RATE,first_diff,first_diff,COVID_2020,2020-03,pre_break,2001-02,2020-02,-3.4026334075469102,0.010869425844851108,13,215,-2.875078880098608,14,,0.1275444330579893,0.1,8,0.463,True,,Stationary,229,False,False,COVID_2020|pre_break
UK,POLICY_RATE,first_diff,first_diff,COVID_2020,2020-03,post_break,2020-03,2025-03,-1.530264287362777,0.5184904654800957,3,57,-2.913766394626147,10,,0.28731232710096344,0.1,4,0.463,True,,Inconclusive,61,False,False,COVID_2020|post_break
UK,POLICY_RATE,first_diff,first_diff,ENERGY_2022,2022-02,pre_break,2001-02,2022-01,-3.6208915607340377,0.005373959720369697,14,237,-2.8738137461081323,15,,0.11544024790799663,0.1,8,0.463,True,,Stationary,252,False,False,ENERGY_2022|pre_break
UK,POLICY_RATE,first_diff,first_diff,ENERGY_2022,2022-02,post_break,2022-02,2025-03,-0.5975750357838422,0.8715290284879006,2,35,-2.9485102040816327,9,,0.7832236890896197,0.01,3,0.463,True,,Non-stationary,38,True,False,ENERGY_2022|post_break
UK,UNEMPLOYMENT,first_diff,first_diff,GFC_2008,2008-09,pre_break,2001-02,2008-08,-8.021701840346436,2.068002342594796e-12,0,90,-2.894232085048011,11,,0.35493607680059375,0.09657927724112338,2,0.463,False,,Stationary,91,False,False,GFC_2008|pre_break
UK,UNEMPLOYMENT,first_diff,first_diff,GFC_2008,2008-09,post_break,2008-09,2025-03,-5.81870728745651,4.232410897257868e-07,1,197,-2.8763259091636213,14,,0.23775168185162626,0.1,7,0.463,True,,Stationary,199,False,False,GFC_2008|post_break
UK,UNEMPLOYMENT,first_diff,first_diff,COVID_2020,2020-03,pre_break,2001-02,2020-02,-3.6865814014103155,0.004305906955796406,4,224,-2.8745310704320794,14,,0.41228779713618685,0.07185870813095395,8,0.463,False,,Stationary,229,False,False,COVID_2020|pre_break
UK,UNEMPLOYMENT,first_diff,first_diff,COVID_2020,2020-03,post_break,2020-03,2025-03,-4.8218677956387745,4.9382515442168164e-05,0,60,-2.9110731481481484,10,,0.11957157920009374,0.1,4,0.463,True,,Stationary,61,False,False,COVID_2020|post_break
UK,UNEMPLOYMENT,first_diff,first_diff,ENERGY_2022,2022-02,pre_break,2001-02,2022-01,-6.398879711495318,2.0186093214063033e-08,1,250,-2.8731715065600003,15,,0.3143087802383106,0.1,8,0.463,True,,Stationary,252,False,False,ENERGY_2022|pre_break
UK,UNEMPLOYMENT,first_diff,first_diff,ENERGY_2022,2022-02,post_break,2022-02,2025-03,-4.130974462821656,0.0008604375944564275,3,34,-2.9512301791166293,9,,0.0959199865728801,0.1,1,0.463,True,,Stationary,38,True,False,ENERGY_2022|post_break
UK,GDP,level,level,GFC_2008,2008-09,pre_break,2001-01,2008-08,-2.560008872353306,0.10154746906780543,4,87,-2.895382030636155,11,,0.09989999325563739,0.1,5,0.463,True,,Inconclusive,92,False,False,GFC_2008|pre_break
UK,GDP,level,level,GFC_2008,2008-09,post_break,2008-09,2025-03,-3.910896310537549,0.0019561037270079,13,185,-2.8772932777920364,14,,0.1068405050846549,0.1,8,0.463,True,,Stationary,199,False,False,GFC_2008|post_break
UK,GDP,level,level,COVID_2020,2020-03,pre_break,2001-01,2020-02,1.5816483296319177,0.9978014613389321,4,225,-2.874472927517147,14,,0.14680623160329226,0.1,9,0.463,True,,Inconclusive,230,False,False,COVID_2020|pre_break
UK,GDP,level,level,COVID_2020,2020-03,post_break,2020-03,2025-03,-4.399432957415277,0.00029751926232421925,9,51,-2.920142229157715,10,,0.18918878270678843,0.1,4,0.463,True,,Stationary,61,False,False,COVID_2020|post_break
UK,GDP,level,level,ENERGY_2022,2022-02,pre_break,2001-01,2022-01,-1.8918464596001587,0.33590646172308114,15,237,-2.8738137461081323,15,,0.05625658571640243,0.1,9,0.463,True,,Inconclusive,253,False,False,ENERGY_2022|pre_break
UK,GDP,level,level,ENERGY_2022,2022-02,post_break,2022-02,2025-03,-2.301257216544181,0.17156281476974167,1,36,-2.9459512825788754,9,,0.46877819690615535,0.04869860430041547,3,0.463,False,,Non-stationary,38,True,False,ENERGY_2022|post_break
UK,M2,first_diff,first_diff,GFC_2008,2008-09,pre_break,2001-02,2008-08,-3.10126357116388,0.02645981976933192,11,79,-2.898885703483903,11,,0.17336137712319805,0.1,2,0.463,True,,Stationary,91,False,False,GFC_2008|pre_break
UK,M2,first_diff,first_diff,GFC_2008,2008-09,post_break,2008-09,2025-03,-3.1478911440014965,0.023206118573219425,14,184,-2.8773796387256514,14,,0.07991203387922441,0.1,4,0.463,True,,Stationary,199,False,False,GFC_2008|post_break
UK,M2,first_diff,first_diff,COVID_2020,2020-03,pre_break,2001-02,2020-02,-3.3959842294285223,0.011096533097278165,14,214,-2.875142613826617,14,,0.05874413044166579,0.1,2,0.463,True,,Stationary,229,False,False,COVID_2020|pre_break
UK,M2,first_diff,first_diff,COVID_2020,2020-03,post_break,2020-03,2025-03,-2.7277916730578013,0.06935132255065908,10,50,-2.92135992,10,,0.19650844425055766,0.1,2,0.463,True,,Inconclusive,61,False,False,COVID_2020|post_break
UK,M2,first_diff,first_diff,ENERGY_2022,2022-02,pre_break,2001-02,2022-01,-4.098097669770554,0.0009755607038289215,15,236,-2.8738660999177132,15,,0.06461304714029914,0.1,3,0.463,True,,Stationary,252,False,False,ENERGY_2022|pre_break
UK,M2,first_diff,first_diff,ENERGY_2022,2022-02,post_break,2022-02,2025-03,-0.6742246590430584,0.8533134537187111,8,29,-2.9678817237279103,9,,0.3813924613356461,0.08517566321739393,1,0.463,False,,Inconclusive,38,True,False,ENERGY_2022|post_break
GERMANY,CPI,yoy_pct,yoy_pct,GFC_2008,2008-09,pre_break,2002-01,2008-08,-1.4585949874186819,0.5538854211073994,0,79,-2.898885703483903,11,,0.8858722735521518,0.01,5,0.463,True,,Non-stationary,80,False,False,GFC_2008|pre_break
GERMANY,CPI,yoy_pct,yoy_pct,GFC_2008,2008-09,post_break,2008-09,2025-03,-2.7566442590291116,0.06473866316882788,14,184,-2.8773796387256514,14,,0.6681961577093268,0.01643671293551574,9,0.463,False,,Non-stationary,199,False,False,GFC_2008|post_break
GERMANY,CPI,yoy_pct,yoy_pct,COVID_2020,2020-03,pre_break,2002-01,2020-02,-3.0033662675071713,0.034581226880593924,12,205,-2.8757444215841326,14,,0.1842533770904062,0.1,9,0.463,True,,Stationary,218,False,False,COVID_2020|pre_break
GERMANY,CPI,yoy_pct,yoy_pct,COVID_2020,2020-03,post_break,2020-03,2025-03,-3.0618732273740257,0.029506449269573527,6,54,-2.9167703434435808,10,,0.3152133834666919,0.1,5,0.463,True,,Stationary,61,False,False,COVID_2020|post_break
GERMANY,CPI,yoy_pct,yoy_pct,ENERGY_2022,2022-02,pre_break,2002-01,2022-01,-3.164158426020689,0.022155347300326127,12,228,-2.8743015807562924,14,,0.096415101569685,0.1,9,0.463,True,,Stationary,241,False,False,ENERGY_2022|pre_break
GERMANY,CPI,yoy_pct,yoy_pct,ENERGY_2022,2022-02,post_break,2022-02,2025-03,-1.8288246221860611,0.36624785718295505,5,32,-2.9572185644531253,9,,0.6665515446682804,0.01658622321197451,4,0.463,False,,Non-stationary,38,True,False,ENERGY_2022|post_break
GERMANY,POLICY_RATE,first_diff,first_diff,GFC_2008,2008-09,pre_break,2001-02,2008-08,-2.9766654395121117,0.037131766655676544,2,88,-2.894989819214876,11,,0.9554384558760465,0.01,4,0.463,True,,Trend-stationary (conflict),91,False,False,GFC_2008|pre_break
GERMANY,POLICY_RATE,first_diff,first_diff,GFC_2008,2008-09,post_break,2008-09,2025-03,-5.58744613397027,1.3528266144711015e-06,3,195,-2.876478799035722,14,,0.465412604227198,0.04945662066955001,8,0.463,False,,Trend-stationary (conflict),199,False,False,GFC_2008|post_break
GERMANY,POLICY_RATE,first_diff,first_diff,COVID_2020,2020-03,pre_break,2001-02,2020-02,-3.9065952049149573,0.0019868426089828923,5,223,-2.8745897386146817,14,,0.09449408874831754,0.1,8,0.463,True,,Stationary,229,False,False,COVID_2020|pre_break
GERMANY,POLICY_RATE,first_diff,first_diff,COVID_2020,2020-03,post_break,2020-03,2025-03,-1.383244645774062,0.5902819664186143,3,57,-2.913766394626147,10,,0.23350972966041064,0.1,4,0.463,True,,Inconclusive,61,False,False,COVID_2020|post_break
GERMANY,POLICY_RATE,first_diff,first_diff,ENERGY_2022,2022-02,pre_break,2001-02,2022-01,-4.104476092476949,0.0009521555847081521,5,246,-2.873361841566324,15,,0.11033501941165257,0.1,8,0.463,True,,Stationary,252,False,False,ENERGY_2022|pre_break
GERMANY,POLICY_RATE,first_diff,first_diff,ENERGY_2022,2022-02,post_break,2022-02,2025-03,-0.8070410836368134,0.8170450478791372,4,33,-2.954126991123355,9,,0.5011191301436143,0.0414146103280148,4,0.463,False,,Non-stationary,38,True,False,ENERGY_2022|post_break
GERMANY,UNEMPLOYMENT,first_diff,first_diff,GFC_2008,2008-09,pre_break,2001-02,2008-08,-2.1952332440940867,0.20798006104169248,1,89,-2.8946066061911946,11,,1.1077161720724937,0.01,5,0.463,True,,Non-stationary,91,False,False,GFC_2008|pre_break
GERMANY,UNEMPLOYMENT,first_diff,first_diff,GFC_2008,2008-09,post_break,2008-09,2025-03,-3.441036788772911,0.009636987470211461,9,189,-2.8769570530458792,14,,0.4752484674752581,0.04724133615422115,8,0.463,False,,Trend-stationary (conflict),199,False,False,GFC_2008|post_break
GERMANY,UNEMPLOYMENT,first_diff,first_diff,COVID_2020,2020-03,pre_break,2001-02,2020-02,-3.39592323997708,0.01109863564805024,2,226,-2.8744153028455948,14,,0.3914173436648805,0.08085459324789633,9,0.463,False,,Stationary,229,False,False,COVID_2020|pre_break
GERMANY,UNEMPLOYMENT,first_diff,first_diff,COVID_2020,2020-03,post_break,2020-03,2025-03,-3.5200740980317358,0.00748626941592433,1,59,-2.911939409384601,10,,0.20697921143102707,0.1,4,0.463,True,,Stationary,61,False,False,COVID_2020|post_break
GERMANY,UNEMPLOYMENT,first_diff,first_diff,ENERGY_2022,2022-02,pre_break,2001-02,2022-01,-3.8376660134634344,0.002544617186153241,2,249,-2.8732185133016057,15,,0.31114415146519553,0.1,9,0.463,True,,Stationary,252,False,False,ENERGY_2022|pre_break
GERMANY,UNEMPLOYMENT,first_diff,first_diff,ENERGY_2022,2022-02,post_break,2022-02,2025-03,-6.465420303728746,1.40922412568285e-08,0,37,-2.9435394610388332,9,,0.6239713379631493,0.020457151094259152,2,0.463,False,,Trend-stationary (conflict),38,True,False,ENERGY_2022|post_break
GERMANY,GDP,level,level,GFC_2008,2008-09,pre_break,2001-01,2008-08,-2.210454543865009,0.20247296530389508,7,84,-2.8966159448223734,11,,0.5863303679977337,0.023879057454751475,5,0.463,False,,Non-stationary,92,False,False,GFC_2008|pre_break
GERMANY,GDP,level,level,GFC_2008,2008-09,post_break,2008-09,2025-03,-5.016798071943163,2.0555530439586483e-05,7,191,-2.8767942675230356,14,,0.29064454792192557,0.1,9,0.463,True,,Stationary,199,False,False,GFC_2008|post_break
GERMANY,GDP,level,level,COVID_2020,2020-03,pre_break,2001-01,2020-02,-3.0429600969182693,0.031072608924002758,4,225,-2.874472927517147,14,,0.21157910205436634,0.1,9,0.463,True,,Stationary,230,False,False,COVID_2020|pre_break
GERMANY,GDP,level,level,COVID_2020,2020-03,post_break,2020-03,2025-03,-3.3613432329736277,0.012349420948530747,7,53,-2.9178502070837,10,,0.29292584115975073,0.1,4,0.463,True,,Stationary,61,False,False,COVID_2020|post_break
GERMANY,GDP,level,level,ENERGY_2022,2022-02,pre_break,2001-01,2022-01,-3.0493779249584088,0.030533412584010693,15,237,-2.8738137461081323,15,,0.14089934517611077,0.1,9,0.463,True,,Stationary,253,False,False,ENERGY_2022|pre_break
GERMANY,GDP,level,level,ENERGY_2022,2022-02,post_break,2022-02,2025-03,-1.6938010979557296,0.43430913462706056,1,36,-2.9459512825788754,9,,0.8173907898589859,0.01,4,0.463,True,,Non-stationary,38,True,False,ENERGY_2022|post_break
GERMANY,M2,first_diff,first_diff,GFC_2008,2008-09,pre_break,2001-02,2008-08,-4.516872214324272,0.00018328754550104437,11,79,-2.898885703483903,11,,0.08673678721980711,0.1,3,0.463,True,,Stationary,91,False,False,GFC_2008|pre_break
GERMANY,M2,first_diff,first_diff,GFC_2008,2008-09,post_break,2008-09,2025-03,-3.867964272248456,0.0022836792746840093,14,184,-2.8773796387256514,14,,0.1597550430530108,0.1,7,0.463,True,,Stationary,199,False,False,GFC_2008|post_break
GERMANY,M2,first_diff,first_diff,COVID_2020,2020-03,pre_break,2001-02,2020-02,-3.2985001694030553,0.014945650219998656,14,214,-2.875142613826617,14,,0.08506971786877165,0.1,7,0.463,True,,Stationary,229,False,False,COVID_2020|pre_break
GERMANY,M2,first_diff,first_diff,COVID_2020,2020-03,post_break,2020-03,2025-03,-3.3328305061757892,0.01347323086363468,10,50,-2.92135992,10,,0.2018990810390252,0.1,4,0.463,True,,Stationary,61,False,False,COVID_2020|post_break
GERMANY,M2,first_diff,first_diff,ENERGY_2022,2022-02,pre_break,2001-02,2022-01,-3.3705872365763856,0.012003361356309653,14,237,-2.8738137461081323,15,,0.07988276051910438,0.1,7,0.463,True,,Stationary,252,False,False,ENERGY_2022|pre_break
GERMANY,M2,first_diff,first_diff,ENERGY_2022,2022-02,post_break,2022-02,2025-03,-1.7241207901706457,0.41872952093588356,7,30,-2.9640707407407407,9,,0.41668263578482523,0.06996438112723051,4,0.463,False,,Inconclusive,38,True,False,ENERGY_2022|post_break
