date,USA_CPI_lag1,USA_CPI_lag3,USA_CPI_lag6,USA_CPI_lag12,USA_POLICY_RATE_lag1,USA_POLICY_RATE_lag3,USA_POLICY_RATE_lag6,USA_POLICY_RATE_lag12,USA_UNEMPLOYMENT_lag1,USA_UNEMPLOYMENT_lag3,USA_UNEMPLOYMENT_lag6,USA_UNEMPLOYMENT_lag12,USA_GDP_lag1,USA_GDP_lag3,USA_GDP_lag6,USA_GDP_lag12,USA_M2_lag1,USA_M2_lag3,USA_M2_lag6,USA_M2_lag12
2001-01-01,,,,,,,,,,,,,,,,,,,,
2001-02-01,,,,,,,,,,,,,4.6795,,,,6.656526,,,
2001-03-01,,,,,-0.4900000000000002,,,,0.0,,,,4.255523,,,,7.180243,,,
2001-04-01,,,,,-0.1800000000000006,,,,0.09999999999999964,,,,3.838372,4.6795,,,7.706348,6.656526,,
2001-05-01,,,,,-0.5099999999999998,-0.4900000000000002,,,0.10000000000000053,0.0,,,3.427884,4.255523,,,7.787659,7.180243,,
2001-06-01,,,,,-0.5899999999999999,-0.1800000000000006,,,-0.10000000000000053,0.09999999999999964,,,3.188251,3.838372,,,8.021953,7.706348,,
2001-07-01,,,,,-0.23999999999999977,-0.5099999999999998,,,0.20000000000000018,0.10000000000000053,,,2.94971,3.427884,4.6795,,8.515586,7.787659,6.656526,
2001-08-01,,,,,-0.20000000000000018,-0.5899999999999999,-0.4900000000000002,,0.09999999999999964,-0.10000000000000053,0.0,,2.712256,3.188251,4.255523,,8.738756,8.021953,7.180243,
2001-09-01,,,,,-0.1200000000000001,-0.23999999999999977,-0.1800000000000006,,0.3000000000000007,0.20000000000000018,0.09999999999999964,,2.524553,2.94971,3.838372,,8.803818,8.515586,7.706348,
2001-10-01,,,,,-0.5800000000000001,-0.20000000000000018,-0.5099999999999998,,0.09999999999999964,0.09999999999999964,0.10000000000000053,,2.338266,2.712256,3.427884,,10.296177,8.738756,7.787659,
2001-11-01,,,,,-0.5799999999999996,-0.1200000000000001,-0.5899999999999999,,0.2999999999999998,0.3000000000000007,-0.10000000000000053,,2.153378,2.524553,3.188251,,9.699669,8.803818,8.021953,
2001-12-01,,,,,-0.40000000000000036,-0.5800000000000001,-0.23999999999999977,,0.20000000000000018,0.09999999999999964,0.20000000000000018,,2.433533,2.338266,2.94971,,10.338542,10.296177,8.515586,
2002-01-01,,,,,-0.2699999999999998,-0.5799999999999996,-0.20000000000000018,,0.20000000000000018,0.2999999999999998,0.09999999999999964,,2.713072,2.153378,2.712256,4.6795,10.408718,9.699669,8.738756,6.656526
2002-02-01,1.1958997722095743,,,,-0.09000000000000008,-0.40000000000000036,-0.1200000000000001,-0.4900000000000002,0.0,0.20000000000000018,0.3000000000000007,0.0,2.991997,2.433533,2.524553,4.255523,9.694072,10.338542,8.803818,7.180243
2002-03-01,1.1363636363636465,,,,0.010000000000000009,-0.2699999999999998,-0.5800000000000001,-0.1800000000000006,0.0,0.20000000000000018,0.09999999999999964,0.09999999999999964,2.901121,2.713072,2.338266,3.838372,9.431931,10.408718,10.296177,7.706348
2002-04-01,1.3628620102214661,1.1958997722095743,,,-0.010000000000000009,-0.09000000000000008,-0.5799999999999996,-0.5099999999999998,0.0,0.0,0.2999999999999998,0.10000000000000053,2.810984,2.991997,2.153378,3.427884,8.418066,9.694072,9.699669,7.787659
2002-05-01,1.643990929705219,1.1363636363636465,,,0.020000000000000018,0.010000000000000009,-0.40000000000000036,-0.5899999999999999,0.20000000000000018,0.0,0.20000000000000018,-0.10000000000000053,2.721578,2.901121,2.433533,3.188251,7.063494,9.431931,10.338542,8.021953
2002-06-01,1.2408347433727984,1.3628620102214661,,,0.0,-0.010000000000000009,-0.2699999999999998,-0.23999999999999977,-0.10000000000000053,0.0,0.20000000000000018,0.20000000000000018,3.028492,2.810984,2.713072,2.94971,7.613097,8.418066,10.408718,8.515586
2002-07-01,1.0692177827799743,1.643990929705219,1.1958997722095743,,0.0,0.020000000000000018,-0.09000000000000008,-0.20000000000000018,0.0,0.20000000000000018,0.0,0.09999999999999964,3.335426,2.721578,2.991997,2.712256,7.204494,7.063494,9.694072,8.738756
2002-08-01,1.465614430665152,1.2408347433727984,1.1363636363636465,,-0.020000000000000018,0.0,0.010000000000000009,-0.1200000000000001,0.0,-0.10000000000000053,0.0,0.3000000000000007,3.642378,3.028492,2.901121,2.524553,7.408829,7.613097,9.431931,8.803818
2002-09-01,1.747463359639223,1.0692177827799743,1.3628620102214661,,0.010000000000000009,0.0,-0.010000000000000009,-0.5800000000000001,-0.09999999999999964,0.0,0.0,0.09999999999999964,3.682162,3.335426,2.810984,2.338266,7.52317,7.204494,8.418066,10.296177
2002-10-01,1.516002245929271,1.465614430665152,1.643990929705219,,0.010000000000000009,-0.020000000000000018,0.020000000000000018,-0.5799999999999996,0.0,0.0,0.20000000000000018,0.2999999999999998,3.721789,3.642378,2.721578,2.153378,5.736588,7.408829,7.063494,9.699669
2002-11-01,2.0270270270270174,1.747463359639223,1.2408347433727984,,0.0,0.010000000000000009,0.0,-0.40000000000000036,0.0,-0.09999999999999964,-0.10000000000000053,0.20000000000000018,3.761262,3.682162,3.028492,2.433533,6.798533,7.52317,7.613097,10.338542
2002-12-01,2.2535211267605604,1.516002245929271,1.0692177827799743,,-0.4099999999999999,0.010000000000000009,0.0,-0.2699999999999998,0.20000000000000018,0.0,0.0,0.20000000000000018,3.714643,3.721789,3.335426,2.713072,6.878886,5.736588,7.204494,10.408718
2003-01-01,2.4802705749718212,2.0270270270270174,1.465614430665152,1.1958997722095743,-0.10000000000000009,0.0,-0.020000000000000018,-0.09000000000000008,0.09999999999999964,0.0,0.0,0.0,3.66838,3.761262,3.642378,2.991997,6.229207,6.798533,7.408829,9.694072
2003-02-01,2.757456387169399,2.2535211267605604,1.747463359639223,1.1363636363636465,0.0,-0.4099999999999999,0.010000000000000009,0.010000000000000009,-0.20000000000000018,0.20000000000000018,-0.09999999999999964,0.0,3.62247,3.714643,3.682162,2.901121,6.431174,6.878886,7.52317,9.431931
2003-03-01,3.146067415730336,2.4802705749718212,1.516002245929271,1.3628620102214661,0.020000000000000018,-0.10000000000000009,0.010000000000000009,-0.010000000000000009,0.10000000000000053,0.09999999999999964,0.0,0.0,3.717714,3.66838,3.721789,2.810984,6.52071,6.229207,5.736588,8.418066
2003-04-01,3.025210084033625,2.757456387169399,2.0270270270270174,1.643990929705219,-0.010000000000000009,0.0,0.0,0.020000000000000018,0.0,-0.20000000000000018,0.0,0.20000000000000018,3.81235,3.62247,3.761262,2.721578,6.659397,6.431174,6.798533,7.063494
2003-05-01,2.175125488008911,3.146067415730336,2.2535211267605604,1.2408347433727984,0.010000000000000009,0.020000000000000018,-0.4099999999999999,0.0,0.09999999999999964,0.10000000000000053,0.20000000000000018,-0.10000000000000053,3.906384,3.717714,3.714643,3.028492,7.331746,6.52071,6.878886,7.613097
2003-06-01,1.8941504178273005,3.025210084033625,2.4802705749718212,1.0692177827799743,0.0,-0.010000000000000009,-0.10000000000000009,0.0,0.09999999999999964,0.0,0.09999999999999964,0.0,4.375111,3.81235,3.66838,3.335426,7.904781,6.659397,6.229207,7.204494
2003-07-01,1.948775055679297,2.175125488008911,2.757456387169399,1.465614430665152,-0.040000000000000036,0.010000000000000009,0.0,-0.020000000000000018,0.20000000000000018,0.09999999999999964,-0.20000000000000018,0.0,4.841083,3.906384,3.62247,3.642378,8.083482,7.331746,6.431174,7.408829
2003-08-01,2.055555555555544,1.8941504178273005,3.146067415730336,1.747463359639223,-0.20999999999999996,0.0,0.020000000000000018,0.010000000000000009,-0.09999999999999964,0.09999999999999964,0.10000000000000053,-0.09999999999999964,5.304323,4.375111,3.717714,3.682162,8.096855,7.904781,6.52071,7.52317
2003-09-01,2.216066481994461,1.948775055679297,3.025210084033625,1.516002245929271,0.020000000000000018,-0.040000000000000036,-0.010000000000000009,0.010000000000000009,-0.10000000000000053,0.20000000000000018,0.0,0.0,5.679948,4.841083,3.81235,3.721789,8.314563,8.083482,6.659397,5.736588
2003-10-01,2.378318584070782,2.055555555555544,2.175125488008911,2.0270270270270174,-0.020000000000000018,-0.20999999999999996,0.010000000000000009,0.0,0.0,-0.09999999999999964,0.09999999999999964,0.0,6.053815,5.304323,3.906384,3.761262,7.371563,8.096855,7.331746,6.798533
2003-11-01,2.041942604856528,2.216066481994461,1.8941504178273005,2.2535211267605604,0.0,0.020000000000000018,0.0,-0.4099999999999999,-0.09999999999999964,-0.10000000000000053,0.09999999999999964,0.20000000000000018,6.42594,5.679948,4.375111,3.714643,6.358746,8.314563,7.904781,6.878886
2003-12-01,1.9283746556473913,2.378318584070782,1.948775055679297,2.4802705749718212,-0.010000000000000009,-0.020000000000000018,-0.040000000000000036,-0.10000000000000009,-0.20000000000000018,0.0,0.20000000000000018,0.09999999999999964,6.519868,6.053815,4.841083,3.66838,5.512235,7.371563,8.083482,6.229207
2004-01-01,2.0352035203520247,2.041942604856528,2.055555555555544,2.757456387169399,-0.020000000000000018,0.0,-0.20999999999999996,0.0,-0.09999999999999964,-0.09999999999999964,-0.09999999999999964,-0.20000000000000018,6.613162,6.42594,5.304323,3.62247,5.093954,6.358746,8.096855,6.431174
2004-02-01,2.026286966046009,1.9283746556473913,2.216066481994461,3.146067415730336,0.020000000000000018,-0.010000000000000009,0.020000000000000018,0.020000000000000018,0.0,-0.20000000000000018,-0.10000000000000053,0.10000000000000053,6.705829,6.519868,5.679948,3.717714,4.645481,5.512235,8.314563,6.52071
2004-03-01,1.688453159041381,2.0352035203520247,2.378318584070782,3.025210084033625,0.010000000000000009,-0.020000000000000018,-0.020000000000000018,-0.010000000000000009,-0.10000000000000053,-0.09999999999999964,0.0,0.0,6.828922,6.613162,6.053815,3.81235,4.678363,5.093954,7.371563,6.659397
2004-04-01,1.7400761283306032,2.026286966046009,2.041942604856528,2.175125488008911,-0.010000000000000009,0.020000000000000018,0.0,0.010000000000000009,0.20000000000000018,0.0,-0.09999999999999964,0.09999999999999964,6.951005,6.705829,6.42594,3.906384,4.933202,4.645481,6.358746,7.331746
2004-05-01,2.2925764192139875,1.688453159041381,1.9283746556473913,1.8941504178273005,0.0,0.010000000000000009,-0.010000000000000009,0.0,-0.20000000000000018,-0.10000000000000053,-0.20000000000000018,0.09999999999999964,7.07209,6.828922,6.519868,4.375111,4.96825,4.678363,5.512235,7.904781
2004-06-01,2.8977583378895444,1.7400761283306032,2.0352035203520247,1.948775055679297,0.0,-0.010000000000000009,-0.020000000000000018,-0.040000000000000036,0.0,0.20000000000000018,-0.09999999999999964,0.20000000000000018,6.839969,6.951005,6.613162,4.841083,5.203426,4.933202,5.093954,8.083482
2004-07-01,3.1676679410158393,2.2925764192139875,2.026286966046009,2.055555555555544,0.030000000000000027,0.0,0.020000000000000018,-0.20999999999999996,0.0,-0.20000000000000018,0.0,-0.09999999999999964,6.61127,7.07209,6.705829,5.304323,4.593316,4.96825,4.645481,8.096855
2004-08-01,2.939575394665228,2.8977583378895444,1.688453159041381,2.216066481994461,0.22999999999999998,0.0,0.010000000000000009,0.020000000000000018,-0.09999999999999964,0.0,-0.10000000000000053,-0.10000000000000053,6.385918,6.839969,6.828922,5.679948,4.000595,5.203426,4.678363,8.314563
2004-09-01,2.5474254742547275,3.1676679410158393,1.7400761283306032,2.378318584070782,0.16999999999999993,0.030000000000000027,-0.010000000000000009,-0.020000000000000018,-0.09999999999999964,0.0,0.20000000000000018,0.0,6.395128,6.61127,6.951005,6.053815,3.450083,4.593316,4.933202,7.371563
2004-10-01,2.5391680172879516,2.939575394665228,2.2925764192139875,2.041942604856528,0.18000000000000016,0.22999999999999998,0.0,0.0,0.0,-0.09999999999999964,-0.20000000000000018,-0.09999999999999964,6.40423,6.385918,7.07209,6.42594,4.482129,4.000595,4.96825,6.358746
2004-11-01,3.1909140075716547,2.5474254742547275,2.8977583378895444,1.9283746556473913,0.1499999999999999,0.16999999999999993,0.0,-0.010000000000000009,0.09999999999999964,-0.09999999999999964,0.0,-0.20000000000000018,6.413226,6.395128,6.839969,6.519868,5.103789,3.450083,5.203426,5.512235
2004-12-01,3.621621621621607,2.5391680172879516,3.1676679410158393,2.0352035203520247,0.16999999999999993,0.18000000000000016,0.030000000000000027,-0.020000000000000018,-0.09999999999999964,0.0,0.0,-0.09999999999999964,6.636418,6.40423,6.61127,6.613162,5.444819,4.482129,4.593316,5.093954
2005-01-01,3.3423180592991875,3.1909140075716547,2.939575394665228,2.026286966046009,0.2300000000000002,0.1499999999999999,0.22999999999999998,0.020000000000000018,0.0,0.09999999999999964,-0.09999999999999964,0.0,6.857714,6.413226,6.385918,6.705829,5.77398,5.103789,4.000595,4.645481
2005-02-01,2.8448738593666034,3.621621621621607,2.5474254742547275,1.688453159041381,0.11999999999999966,0.16999999999999993,0.16999999999999993,0.010000000000000009,-0.10000000000000053,-0.09999999999999964,-0.09999999999999964,-0.10000000000000053,7.07714,6.636418,6.395128,6.828922,5.733217,5.444819,3.450083,4.678363
2005-03-01,3.0530262453133394,3.3423180592991875,2.5391680172879516,1.7400761283306032,0.2200000000000002,0.2300000000000002,0.18000000000000016,-0.010000000000000009,0.10000000000000053,0.0,0.0,0.20000000000000018,6.945326,6.857714,6.40423,6.951005,5.179849,5.77398,4.482129,4.933202
2005-04-01,3.2068412613575736,2.8448738593666034,3.1909140075716547,2.2925764192139875,0.1299999999999999,0.11999999999999966,0.1499999999999999,0.0,-0.20000000000000018,-0.10000000000000053,0.09999999999999964,-0.20000000000000018,6.814893,7.07714,6.413226,7.07209,4.715893,5.733217,5.103789,4.96825
2005-05-01,3.3617929562433257,3.0530262453133394,3.621621621621607,2.8977583378895444,0.16000000000000014,0.2200000000000002,0.16999999999999993,0.0,0.0,0.10000000000000053,-0.09999999999999964,0.0,6.68582,6.945326,6.636418,6.839969,4.241075,5.179849,5.444819,5.203426
2005-06-01,2.869287991498415,3.2068412613575736,3.3423180592991875,3.1676679410158393,0.20999999999999996,0.1299999999999999,0.2300000000000002,0.030000000000000027,-0.10000000000000053,-0.20000000000000018,0.0,0.0,6.725853,6.814893,6.857714,6.61127,3.239479,4.715893,5.77398,4.593316
2005-07-01,2.541026998411855,3.3617929562433257,2.8448738593666034,2.939575394665228,0.040000000000000036,0.16000000000000014,0.11999999999999966,0.22999999999999998,-0.09999999999999964,0.0,-0.10000000000000053,-0.09999999999999964,6.765466,6.68582,7.07714,6.385918,3.724175,4.241075,5.733217,4.000595
2005-08-01,3.067160232681121,2.869287991498415,3.0530262453133394,2.5474254742547275,0.21999999999999975,0.20999999999999996,0.2200000000000002,0.16999999999999993,0.0,-0.10000000000000053,0.10000000000000053,-0.09999999999999964,6.804666,6.725853,6.945326,6.395128,4.012017,3.239479,5.179849,3.450083
2005-09-01,3.6469344608879517,2.541026998411855,3.2068412613575736,2.5391680172879516,0.2400000000000002,0.040000000000000036,0.1299999999999999,0.18000000000000016,-0.09999999999999964,-0.09999999999999964,-0.20000000000000018,0.0,6.65537,6.765466,6.814893,6.40423,4.091614,3.724175,4.715893,4.482129
2005-10-01,4.741833508956805,3.067160232681121,3.3617929562433257,3.1909140075716547,0.1200000000000001,0.21999999999999975,0.16000000000000014,0.1499999999999999,0.09999999999999964,0.0,0.0,0.09999999999999964,6.507849,6.804666,6.68582,6.413226,4.060011,4.012017,4.241075,5.103789
2005-11-01,4.350104821802936,3.6469344608879517,2.869287991498415,3.621621621621607,0.1599999999999997,0.2400000000000002,0.20999999999999996,0.16999999999999993,0.0,-0.09999999999999964,-0.10000000000000053,-0.09999999999999964,6.362069,6.65537,6.725853,6.636418,4.139628,4.091614,3.239479,5.444819
2005-12-01,3.3385498174230532,4.741833508956805,2.541026998411855,3.3423180592991875,0.2200000000000002,0.1200000000000001,0.040000000000000036,0.2300000000000002,0.0,0.09999999999999964,-0.09999999999999964,0.0,6.413919,6.507849,6.765466,6.857714,3.971091,4.060011,3.724175,5.77398
2006-01-01,3.3385498174230532,4.350104821802936,3.067160232681121,2.8448738593666034,0.16000000000000014,0.1599999999999997,0.21999999999999975,0.11999999999999966,-0.09999999999999964,0.0,0.0,-0.10000000000000053,6.465114,6.362069,6.804666,7.07714,4.098373,4.139628,4.012017,5.733217
2006-02-01,4.018789144050117,3.3385498174230532,3.6469344608879517,3.0530262453133394,0.1299999999999999,0.2200000000000002,0.2400000000000002,0.2200000000000002,-0.20000000000000018,0.0,-0.09999999999999964,0.10000000000000053,6.515668,6.413919,6.65537,6.945326,4.654164,3.971091,4.091614,5.179849
2006-03-01,3.63825363825363,3.3385498174230532,4.741833508956805,3.2068412613575736,0.20000000000000018,0.16000000000000014,0.1200000000000001,0.1299999999999999,0.09999999999999964,-0.09999999999999964,0.09999999999999964,-0.20000000000000018,6.486469,6.465114,6.507849,6.814893,4.904564,4.098373,4.060011,4.715893
2006-04-01,3.4179181771103018,4.018789144050117,4.350104821802936,3.3617929562433257,0.09999999999999964,0.1299999999999999,0.1599999999999997,0.16000000000000014,-0.09999999999999964,-0.20000000000000018,0.0,0.0,6.457504,6.515668,6.362069,6.68582,4.978056,4.654164,4.139628,4.241075
2006-05-01,3.613835828600931,3.63825363825363,3.3385498174230532,2.869287991498415,0.20000000000000018,0.20000000000000018,0.2200000000000002,0.20999999999999996,0.0,0.09999999999999964,0.0,-0.10000000000000053,6.428771,6.486469,6.413919,6.725853,5.340617,4.904564,3.971091,3.239479
2006-06-01,3.9772727272727293,3.4179181771103018,3.3385498174230532,2.541026998411855,0.15000000000000036,0.09999999999999964,0.16000000000000014,0.040000000000000036,-0.10000000000000053,-0.09999999999999964,-0.09999999999999964,-0.09999999999999964,6.127744,6.457504,6.465114,6.765466,5.165921,4.978056,4.098373,3.724175
2006-07-01,4.1817243159525175,3.613835828600931,4.018789144050117,3.067160232681121,0.04999999999999982,0.20000000000000018,0.1299999999999999,0.21999999999999975,0.0,0.0,-0.20000000000000018,0.0,5.830095,6.428771,6.515668,6.804666,5.222906,5.340617,4.654164,4.012017
2006-08-01,4.104669061056954,3.9772727272727293,3.63825363825363,3.6469344608879517,0.25,0.15000000000000036,0.20000000000000018,0.2400000000000002,0.10000000000000053,-0.10000000000000053,0.09999999999999964,-0.09999999999999964,5.535767,6.127744,6.486469,6.65537,5.350348,5.165921,4.904564,4.091614
2006-09-01,3.926568077511483,4.1817243159525175,3.4179181771103018,4.741833508956805,0.009999999999999787,0.04999999999999982,0.09999999999999964,0.1200000000000001,0.0,0.0,-0.09999999999999964,0.09999999999999964,5.479616,5.830095,6.457504,6.507849,5.303894,5.222906,4.978056,4.060011
2006-10-01,2.012072434607637,4.104669061056954,3.613835828600931,4.350104821802936,0.0,0.25,0.20000000000000018,0.1599999999999997,-0.20000000000000018,0.10000000000000053,0.0,0.0,5.423979,5.535767,6.428771,6.362069,5.178439,5.350348,5.340617,4.139628
2006-11-01,1.4063284781516971,3.926568077511483,3.9772727272727293,3.3385498174230532,0.0,0.009999999999999787,0.15000000000000036,0.2200000000000002,-0.09999999999999964,0.0,-0.10000000000000053,0.0,5.368846,5.479616,6.127744,6.413919,5.385391,5.303894,5.165921,3.971091
2006-12-01,1.9687026754164672,2.012072434607637,4.1817243159525175,3.3385498174230532,0.0,0.0,0.04999999999999982,0.16000000000000014,0.09999999999999964,-0.20000000000000018,0.0,-0.09999999999999964,5.086526,5.423979,5.830095,6.465114,5.652559,5.178439,5.222906,4.098373
2007-01-01,2.5239777889954462,1.4063284781516971,4.104669061056954,4.018789144050117,-0.009999999999999787,0.0,0.25,0.1299999999999999,-0.09999999999999964,-0.09999999999999964,0.10000000000000053,-0.20000000000000018,4.808037,5.368846,5.535767,6.515668,5.865905,5.385391,5.350348,4.654164
2007-02-01,2.075765178123423,1.9687026754164672,3.926568077511483,3.63825363825363,0.009999999999999787,0.0,0.009999999999999787,0.20000000000000018,0.1999999999999993,0.09999999999999964,0.0,0.09999999999999964,4.533302,5.086526,5.479616,6.486469,5.768116,5.652559,5.303894,4.904564
2007-03-01,2.420260782347028,2.5239777889954462,2.012072434607637,3.4179181771103018,0.009999999999999787,-0.009999999999999787,0.0,0.09999999999999964,-0.09999999999999964,-0.09999999999999964,-0.20000000000000018,-0.09999999999999964,4.594774,4.808037,5.423979,6.457504,5.619791,5.865905,5.178439,4.978056
2007-04-01,2.798197295943927,2.075765178123423,1.4063284781516971,3.613835828600931,0.0,0.009999999999999787,0.0,0.20000000000000018,-0.09999999999999964,0.1999999999999993,-0.09999999999999964,0.0,4.655784,4.533302,5.368846,6.428771,5.892781,5.768116,5.385391,5.340617
2007-05-01,2.5929247633283525,2.420260782347028,1.9687026754164672,3.9772727272727293,-0.009999999999999787,0.009999999999999787,0.0,0.15000000000000036,0.09999999999999964,-0.09999999999999964,0.09999999999999964,-0.10000000000000053,4.716338,4.594774,5.086526,6.127744,6.372945,5.619791,5.652559,5.165921
2007-06-01,2.709885742672613,2.798197295943927,2.5239777889954462,4.1817243159525175,0.0,0.0,-0.009999999999999787,0.04999999999999982,-0.09999999999999964,-0.09999999999999964,-0.09999999999999964,0.0,4.81244,4.655784,4.808037,5.830095,6.470787,5.892781,5.865905,5.222906
2007-07-01,2.692765113974227,2.5929247633283525,2.075765178123423,4.104669061056954,0.0,-0.009999999999999787,0.009999999999999787,0.25,0.1999999999999993,0.09999999999999964,0.1999999999999993,0.10000000000000053,4.908001,4.716338,4.533302,5.535767,6.363291,6.372945,5.768116,5.350348
2007-08-01,2.3178905864958077,2.709885742672613,2.420260782347028,3.926568077511483,0.009999999999999787,0.0,0.009999999999999787,0.009999999999999787,0.10000000000000053,-0.09999999999999964,-0.09999999999999964,0.0,5.003025,4.81244,4.594774,5.479616,6.166589,6.470787,5.619791,5.303894
2007-09-01,1.897448478900876,2.692765113974227,2.798197295943927,2.012072434607637,-0.2400000000000002,0.0,0.0,0.0,-0.10000000000000053,0.1999999999999993,-0.09999999999999964,-0.20000000000000018,4.938629,4.908001,4.655784,5.423979,6.782574,6.363291,5.892781,5.178439
2007-10-01,2.8338264299802685,2.3178905864958077,2.5929247633283525,1.4063284781516971,-0.07999999999999918,0.009999999999999787,-0.009999999999999787,0.0,0.10000000000000053,0.10000000000000053,0.09999999999999964,-0.09999999999999964,4.874753,5.003025,4.716338,5.368846,6.62505,6.166589,6.372945,5.385391
2007-11-01,3.610698365527476,1.897448478900876,2.709885742672613,1.9687026754164672,-0.1800000000000006,-0.2400000000000002,0.0,0.0,0.0,-0.10000000000000053,-0.09999999999999964,0.09999999999999964,4.81139,4.938629,4.81244,5.086526,6.08995,6.782574,6.470787,5.652559
2007-12-01,4.373267326732666,2.8338264299802685,2.692765113974227,2.5239777889954462,-0.2699999999999996,-0.07999999999999918,0.0,-0.009999999999999787,0.0,0.10000000000000053,0.1999999999999993,-0.09999999999999964,4.354872,4.874753,4.908001,4.808037,5.917126,6.62505,6.363291,5.865905
2008-01-01,4.108813392417532,3.610698365527476,2.3178905864958077,2.075765178123423,-0.25,-0.1800000000000006,0.009999999999999787,0.009999999999999787,0.2999999999999998,0.0,0.10000000000000053,0.1999999999999993,3.902139,4.81139,5.003025,4.533302,5.703309,6.08995,6.166589,5.768116
2008-02-01,4.294695655165981,4.373267326732666,1.897448478900876,2.420260782347028,-0.30000000000000027,-0.2699999999999996,-0.2400000000000002,0.009999999999999787,0.0,0.0,-0.10000000000000053,-0.09999999999999964,3.453145,4.354872,4.938629,4.594774,5.608081,5.917126,6.782574,5.619791
2008-03-01,4.142959270611968,4.108813392417532,2.8338264299802685,2.798197295943927,-0.96,-0.25,-0.07999999999999918,0.0,-0.09999999999999964,0.2999999999999998,0.10000000000000053,-0.09999999999999964,3.374454,3.902139,4.874753,4.655784,6.583687,5.703309,6.62505,5.892781
2008-04-01,3.9749035501344343,4.294695655165981,3.610698365527476,2.5929247633283525,-0.3700000000000001,-0.30000000000000027,-0.1800000000000006,-0.009999999999999787,0.1999999999999993,0.0,0.0,0.09999999999999964,3.296446,3.453145,4.81139,4.716338,7.000363,5.608081,6.08995,6.372945
2008-05-01,3.9037609759888126,4.142959270611968,4.373267326732666,2.709885742672613,-0.33000000000000007,-0.96,-0.2699999999999996,0.0,-0.09999999999999964,-0.09999999999999964,0.0,-0.09999999999999964,3.219111,3.374454,4.354872,4.81244,6.515945,6.583687,5.917126,6.470787
2008-06-01,4.088413823123993,3.9749035501344343,4.108813392417532,2.692765113974227,-0.2999999999999998,-0.3700000000000001,-0.25,0.0,0.40000000000000036,0.1999999999999993,0.2999999999999998,0.1999999999999993,2.910238,3.296446,3.902139,4.908001,6.486919,7.000363,5.703309,6.363291
2008-07-01,4.935966105947864,3.9037609759888126,4.294695655165981,2.3178905864958077,0.020000000000000018,-0.33000000000000007,-0.30000000000000027,0.009999999999999787,0.1999999999999993,-0.09999999999999964,0.0,0.10000000000000053,2.603664,3.219111,3.453145,5.003025,6.258404,6.515945,5.608081,6.166589
2008-08-01,5.497512078341837,4.088413823123993,4.142959270611968,1.897448478900876,0.009999999999999787,-0.2999999999999998,-0.96,-0.2400000000000002,0.20000000000000018,0.40000000000000036,-0.09999999999999964,-0.10000000000000053,2.299364,2.910238,3.374454,4.938629,6.456065,6.486919,6.583687,6.782574
2008-09-01,5.308017162091239,4.935966105947864,3.9749035501344343,2.8338264299802685,-0.009999999999999787,0.020000000000000018,-0.3700000000000001,-0.07999999999999918,0.2999999999999998,0.1999999999999993,0.1999999999999993,0.10000000000000053,1.283925,2.603664,3.296446,4.874753,5.55796,6.258404,7.000363,6.62505
2008-10-01,4.953319875136075,5.497512078341837,3.9037609759888126,3.610698365527476,-0.18999999999999995,0.009999999999999787,-0.33000000000000007,-0.1800000000000006,0.0,0.20000000000000018,-0.09999999999999964,0.0,0.275454,2.299364,3.219111,4.81139,6.197221,6.456065,6.515945,6.08995
2008-11-01,3.7310578899565128,5.308017162091239,4.088413823123993,4.373267326732666,-0.8400000000000001,-0.009999999999999787,-0.2999999999999998,-0.2699999999999996,0.40000000000000036,0.2999999999999998,0.40000000000000036,0.0,-0.72612,1.283925,2.910238,4.354872,7.361236,5.55796,6.486919,5.917126
2008-12-01,1.0999174706166848,4.953319875136075,4.935966105947864,4.108813392417532,-0.58,-0.18999999999999995,0.020000000000000018,-0.25,0.2999999999999998,0.0,0.1999999999999993,0.2999999999999998,-1.108679,0.275454,2.603664,3.902139,7.692927,6.197221,6.258404,5.703309
2009-01-01,-0.02222800255385904,3.7310578899565128,5.497512078341837,4.294695655165981,-0.23,-0.8400000000000001,0.009999999999999787,-0.30000000000000027,0.5,0.40000000000000036,0.20000000000000018,0.0,-1.491386,-0.72612,2.299364,3.453145,9.631342,7.361236,6.456065,5.608081
2009-02-01,-0.11358601902212717,1.0999174706166848,5.308017162091239,4.142959270611968,-0.010000000000000009,-0.58,-0.009999999999999787,-0.96,0.5,0.2999999999999998,0.2999999999999998,-0.09999999999999964,-1.874241,-1.108679,1.283925,3.374454,10.26272,7.692927,5.55796,6.583687
2009-03-01,0.008463140671510772,-0.02222800255385904,4.953319875136075,3.9749035501344343,0.07,-0.23,-0.18999999999999995,-0.3700000000000001,0.5000000000000009,0.5,0.0,0.1999999999999993,-2.339127,-1.491386,0.275454,3.296446,9.406891,9.631342,6.197221,7.000363
2009-04-01,-0.4464787676623838,-0.11358601902212717,3.7310578899565128,3.9037609759888126,-0.04000000000000001,-0.010000000000000009,-0.8400000000000001,-0.33000000000000007,0.3999999999999986,0.5,0.40000000000000036,-0.09999999999999964,-2.800683,-1.874241,-0.72612,3.219111,9.340287,10.26272,7.361236,6.515945
2009-05-01,-0.5763244243767063,0.008463140671510772,1.0999174706166848,4.088413823123993,-0.03,0.07,-0.58,-0.2999999999999998,0.3000000000000007,0.5000000000000009,0.2999999999999998,0.40000000000000036,-3.258945,-2.339127,-1.108679,2.910238,8.798703,9.406891,7.692927,6.486919
2009-06-01,-1.015761495855172,-0.4464787676623838,-0.02222800255385904,4.935966105947864,0.03,-0.04000000000000001,-0.23,0.020000000000000018,0.40000000000000036,0.3999999999999986,0.5,0.1999999999999993,-3.179552,-2.800683,-1.491386,2.603664,9.371926,9.340287,9.631342,6.258404
2009-07-01,-1.2291746182109153,-0.5763244243767063,-0.11358601902212717,5.497512078341837,0.03,-0.03,-0.010000000000000009,0.009999999999999787,0.09999999999999964,0.3000000000000007,0.5,0.20000000000000018,-3.100278,-3.258945,-1.874241,2.299364,9.238239,8.798703,10.26272,6.456065
2009-08-01,-1.9587610037622771,-1.015761495855172,0.008463140671510772,5.308017162091239,-0.04999999999999999,0.03,0.07,-0.009999999999999787,0.0,0.40000000000000036,0.5000000000000009,0.2999999999999998,-3.021122,-3.179552,-2.339127,1.283925,8.628966,9.371926,9.406891,5.55796
2009-09-01,-1.4838355663267633,-1.2291746182109153,-0.4464787676623838,4.953319875136075,0.0,0.03,-0.04000000000000001,-0.18999999999999995,0.09999999999999964,0.09999999999999964,0.3999999999999986,0.0,-1.930347,-3.100278,-2.800683,0.275454,8.41938,9.238239,9.340287,6.197221
2009-10-01,-1.377942862886472,-1.9587610037622771,-0.5763244243767063,3.7310578899565128,-0.010000000000000009,-0.04999999999999999,-0.03,-0.8400000000000001,0.20000000000000107,0.0,0.3000000000000007,0.40000000000000036,-0.825192,-3.021122,-3.258945,-0.72612,7.484376,8.628966,8.798703,7.361236
2009-11-01,-0.22396829420033848,-1.4838355663267633,-1.015761495855172,1.0999174706166848,-0.03,0.0,0.03,-0.58,0.1999999999999993,0.09999999999999964,0.40000000000000036,0.2999999999999998,0.294629,-1.930347,-3.179552,-1.108679,6.432683,8.41938,9.371926,7.692927
2009-12-01,1.9145871744709275,-1.377942862886472,-1.2291746182109153,-0.02222800255385904,0.0,-0.010000000000000009,0.03,-0.23,-0.09999999999999964,0.20000000000000107,0.09999999999999964,0.5,0.961773,-0.825192,-3.100278,-1.491386,6.104398,7.484376,9.238239,9.631342
2010-01-01,2.8141231232083674,-0.22396829420033848,-1.9587610037622771,-0.11358601902212717,0.0,-0.03,-0.04999999999999999,-0.010000000000000009,0.0,0.1999999999999993,0.0,0.5,1.634359,0.294629,-3.021122,-1.874241,3.747852,6.432683,8.628966,10.26272
2010-02-01,2.6211113889767157,1.9145871744709275,-1.4838355663267633,0.008463140671510772,-0.009999999999999995,0.0,0.0,0.07,-0.09999999999999964,-0.09999999999999964,0.09999999999999964,0.5000000000000009,2.312454,0.961773,-1.930347,-2.339127,2.276511,6.104398,8.41938,9.406891
2010-03-01,2.151336357866529,2.8141231232083674,-1.377942862886472,-0.4464787676623838,0.020000000000000004,0.0,-0.010000000000000009,-0.04000000000000001,0.0,0.0,0.20000000000000107,0.3999999999999986,2.928501,1.634359,-0.825192,-2.800683,2.50021,3.747852,7.484376,9.340287
2010-04-01,2.2861714393279886,2.6211113889767157,-0.22396829420033848,-0.5763244243767063,0.03,-0.009999999999999995,-0.03,-0.03,0.09999999999999964,-0.09999999999999964,0.1999999999999993,0.3000000000000007,3.545965,2.312454,0.294629,-3.258945,1.63479,2.276511,6.432683,8.798703
2010-05-01,2.2067707525304403,2.151336357866529,1.9145871744709275,-1.015761495855172,0.04000000000000001,0.020000000000000004,0.0,0.03,0.0,0.0,-0.09999999999999964,0.40000000000000036,4.164851,2.928501,0.961773,-3.179552,1.950877,2.50021,6.104398,9.371926
2010-06-01,2.003548929218568,2.2861714393279886,2.8141231232083674,-1.2291746182109153,0.0,0.03,0.0,0.03,-0.3000000000000007,0.09999999999999964,0.0,0.09999999999999964,4.375329,3.545965,1.634359,-3.100278,1.891303,1.63479,3.747852,9.238239
2010-07-01,1.1215605940686268,2.2067707525304403,2.6211113889767157,-1.9587610037622771,-0.020000000000000018,0.04000000000000001,-0.009999999999999995,-0.04999999999999999,-0.1999999999999993,0.0,-0.09999999999999964,0.0,4.58515,4.164851,2.312454,-3.021122,1.995437,1.950877,2.276511,8.628966
2010-08-01,1.3407784804821077,2.003548929218568,2.151336357866529,-1.4838355663267633,0.0,0.0,0.020000000000000004,0.0,0.0,-0.3000000000000007,0.0,0.09999999999999964,4.794316,4.375329,2.928501,-1.930347,2.079518,1.891303,2.50021,8.41938
2010-09-01,1.1501775395112546,1.1215605940686268,2.2861714393279886,-1.377942862886472,0.010000000000000009,-0.020000000000000018,0.03,-0.010000000000000009,0.09999999999999964,-0.1999999999999993,0.09999999999999964,0.20000000000000107,4.692816,4.58515,3.545965,-0.825192,2.65745,1.995437,1.63479,7.484376
2010-10-01,1.1183122472331775,1.3407784804821077,2.2067707525304403,-0.22396829420033848,0.0,0.0,0.04000000000000001,-0.03,0.0,0.0,0.0,0.1999999999999993,4.592255,4.794316,4.164851,0.294629,3.038432,2.079518,1.950877,6.432683
2010-11-01,1.1666951489314625,1.1501775395112546,2.003548929218568,1.9145871744709275,0.0,0.010000000000000009,0.0,0.0,-0.09999999999999964,0.09999999999999964,-0.3000000000000007,-0.09999999999999964,4.49262,4.692816,4.375329,0.961773,3.304704,2.65745,1.891303,6.104398
2010-12-01,1.084544776600338,1.1183122472331775,1.1215605940686268,2.8141231232083674,0.0,0.0,-0.020000000000000018,0.0,0.40000000000000036,0.0,-0.1999999999999993,0.0,4.319067,4.592255,4.58515,1.634359,3.193613,3.038432,1.995437,3.747852
2011-01-01,1.437793022217937,1.1666951489314625,1.3407784804821077,2.6211113889767157,-0.010000000000000009,0.0,0.0,-0.009999999999999995,-0.5,-0.09999999999999964,0.0,-0.09999999999999964,4.146405,4.49262,4.794316,2.312454,3.65358,3.304704,2.079518,2.276511
2011-02-01,1.7007834915029774,1.084544776600338,1.1501775395112546,2.151336357866529,-0.009999999999999981,0.0,0.010000000000000009,0.020000000000000004,-0.20000000000000107,0.40000000000000036,0.09999999999999964,0.0,3.974626,4.319067,4.692816,2.928501,4.379726,3.193613,2.65745,2.50021
2011-03-01,2.124898173333145,1.437793022217937,1.1183122472331775,2.2861714393279886,-0.010000000000000009,-0.010000000000000009,0.0,0.03,-0.09999999999999964,-0.5,0.0,0.09999999999999964,3.934049,4.146405,4.592255,3.545965,4.526638,3.65358,3.038432,1.63479
2011-04-01,2.619241510354109,1.7007834915029774,1.1666951489314625,2.2067707525304403,-0.01999999999999999,-0.009999999999999981,0.0,0.04000000000000001,0.0,-0.20000000000000107,-0.09999999999999964,0.0,3.893863,3.974626,4.49262,4.164851,5.256057,4.379726,3.304704,1.950877
2011-05-01,3.0772344447868694,2.124898173333145,1.084544776600338,2.003548929218568,-0.04000000000000001,-0.010000000000000009,0.0,0.0,0.09999999999999964,-0.09999999999999964,0.40000000000000036,-0.3000000000000007,3.854062,3.934049,4.319067,4.375329,5.614392,4.526638,3.193613,1.891303
2011-06-01,3.4589718808964998,2.619241510354109,1.437793022217937,1.1215605940686268,-0.010000000000000009,-0.01999999999999999,-0.010000000000000009,-0.020000000000000018,-0.09999999999999964,0.0,-0.5,-0.1999999999999993,3.682243,3.893863,4.146405,4.58515,5.793937,5.256057,3.65358,1.995437
2011-07-01,3.5023181506360412,3.0772344447868694,1.7007834915029774,1.3407784804821077,0.0,-0.04000000000000001,-0.009999999999999981,0.0,0.09999999999999964,0.09999999999999964,-0.20000000000000107,0.0,3.511649,3.854062,3.974626,4.794316,6.420881,5.614392,4.379726,2.079518
2011-08-01,3.5798809769996165,3.4589718808964998,2.124898173333145,1.1501775395112546,-0.01999999999999999,-0.010000000000000009,-0.010000000000000009,0.010000000000000009,-0.09999999999999964,-0.09999999999999964,-0.09999999999999964,0.09999999999999964,3.342267,3.682243,3.934049,4.692816,8.156722,5.793937,4.526638,2.65745
2011-09-01,3.75499603070808,3.5023181506360412,2.619241510354109,1.1183122472331775,0.03,0.0,-0.01999999999999999,0.0,0.0,0.09999999999999964,0.0,0.0,3.38855,3.511649,3.893863,4.592255,9.704301,6.420881,5.256057,3.038432
2011-10-01,3.812621692818685,3.5798809769996165,3.0772344447868694,1.1666951489314625,-0.020000000000000004,-0.01999999999999999,-0.04000000000000001,0.0,0.0,-0.09999999999999964,0.09999999999999964,-0.09999999999999964,3.434493,3.342267,3.854062,4.49262,9.551883,8.156722,5.614392,3.304704
2011-11-01,3.5222681306640524,3.75499603070808,3.4589718808964998,1.084544776600338,-0.009999999999999995,0.03,-0.010000000000000009,0.0,-0.1999999999999993,0.0,-0.09999999999999964,0.40000000000000036,3.4801,3.38855,3.682243,4.319067,9.306145,9.704301,5.793937,3.193613
2011-12-01,3.451432214581729,3.812621692818685,3.5023181506360412,1.437793022217937,0.009999999999999995,-0.020000000000000004,0.0,-0.010000000000000009,-0.20000000000000107,0.0,0.09999999999999964,-0.5,3.878424,3.434493,3.511649,4.146405,9.642735,9.551883,6.420881,3.65358
2012-01-01,3.062066838419386,3.5222681306640524,3.5798809769996165,1.7007834915029774,-0.009999999999999995,-0.009999999999999995,-0.01999999999999999,-0.009999999999999981,-0.09999999999999964,-0.1999999999999993,-0.09999999999999964,-0.20000000000000107,4.276022,3.4801,3.342267,3.974626,9.754964,9.306145,8.156722,4.379726
2012-02-01,3.0087663379855023,3.451432214581729,3.75499603070808,2.124898173333145,0.009999999999999995,0.009999999999999995,0.03,-0.010000000000000009,-0.1999999999999993,-0.20000000000000107,0.0,-0.09999999999999964,4.672895,3.878424,3.38855,3.934049,10.267827,9.642735,9.704301,4.526638
2012-03-01,2.8981784423473878,3.062066838419386,3.812621692818685,2.619241510354109,0.020000000000000004,-0.009999999999999995,-0.020000000000000004,-0.01999999999999999,0.0,-0.09999999999999964,0.0,0.0,4.505556,4.276022,3.434493,3.893863,10.058003,9.754964,9.551883,5.256057
2012-04-01,2.5828752813320977,3.0087663379855023,3.5222681306640524,3.0772344447868694,0.03,0.009999999999999995,-0.009999999999999995,-0.04000000000000001,-0.10000000000000142,-0.1999999999999993,-0.1999999999999993,0.09999999999999964,4.339703,4.672895,3.4801,3.854062,9.83559,10.267827,9.306145,5.614392
2012-05-01,2.2731633741348567,2.8981784423473878,3.451432214581729,3.4589718808964998,0.010000000000000009,0.020000000000000004,0.009999999999999995,-0.010000000000000009,0.0,0.0,-0.20000000000000107,-0.09999999999999964,4.175313,4.505556,3.878424,3.682243,9.65789,10.058003,9.642735,5.793937
2012-06-01,1.7379429374660749,2.5828752813320977,3.062066838419386,3.5023181506360412,0.01999999999999999,0.03,-0.009999999999999995,0.0,0.0,-0.10000000000000142,-0.09999999999999964,0.09999999999999964,4.21492,4.339703,4.276022,3.511649,9.26239,9.83559,9.754964,6.420881
2012-07-01,1.653870448297634,2.2731633741348567,3.0087663379855023,3.5798809769996165,0.0,0.010000000000000009,0.009999999999999995,-0.01999999999999999,0.0,0.0,-0.1999999999999993,-0.09999999999999964,4.254375,4.175313,4.672895,3.342267,9.142789,9.65789,10.267827,8.156722
2012-08-01,1.4175114798464783,1.7379429374660749,2.8981784423473878,3.75499603070808,0.0,0.01999999999999999,0.020000000000000004,0.03,0.0,0.0,0.0,0.0,4.293678,4.21492,4.505556,3.38855,7.815543,9.26239,10.058003,9.704301
2012-09-01,1.6859349154821235,1.653870448297634,2.5828752813320977,3.812621692818685,-0.03,0.0,0.03,-0.020000000000000004,-0.09999999999999964,0.0,-0.10000000000000142,0.0,4.077172,4.254375,4.339703,3.434493,6.448431,9.142789,9.83559,9.551883
2012-10-01,1.9497168982819613,1.4175114798464783,2.2731633741348567,3.5222681306640524,0.010000000000000009,0.0,0.010000000000000009,-0.009999999999999995,-0.2999999999999998,0.0,0.0,-0.1999999999999993,3.862447,4.293678,4.175313,3.4801,7.062765,7.815543,9.65789,9.306145
2012-11-01,2.1556780595369363,1.6859349154821235,1.7379429374660749,3.451432214581729,0.01999999999999999,-0.03,0.01999999999999999,0.009999999999999995,0.0,-0.09999999999999964,0.0,-0.20000000000000107,3.64948,4.077172,4.21492,3.878424,7.387004,6.448431,9.26239,9.642735
2012-12-01,1.7960197033926262,1.9497168982819613,1.653870448297634,3.062066838419386,0.0,0.010000000000000009,0.0,-0.009999999999999995,-0.09999999999999964,-0.2999999999999998,0.0,-0.09999999999999964,3.634729,3.862447,4.254375,4.276022,7.527629,7.062765,9.142789,9.754964
2013-01-01,1.7595049796895523,2.1556780595369363,1.4175114798464783,3.0087663379855023,0.0,0.01999999999999999,0.0,0.009999999999999995,0.20000000000000018,0.0,0.0,-0.1999999999999993,3.620118,3.64948,4.293678,4.672895,8.2632,7.387004,7.815543,10.267827
2013-02-01,1.684061762098299,1.7960197033926262,1.6859349154821235,2.8981784423473878,-0.01999999999999999,0.0,-0.03,0.020000000000000004,0.09999999999999964,-0.09999999999999964,-0.09999999999999964,0.0,3.605645,3.634729,4.077172,4.505556,7.691441,7.527629,6.448431,10.058003
2013-03-01,2.0181404902574807,1.7595049796895523,1.9497168982819613,2.5828752813320977,0.009999999999999981,0.0,0.010000000000000009,0.03,-0.2999999999999998,0.20000000000000018,-0.2999999999999998,-0.10000000000000142,3.475746,3.620118,3.862447,4.339703,7.316153,8.2632,7.062765,9.83559
2013-04-01,1.5187472411246183,1.684061762098299,2.1556780595369363,2.2731633741348567,-0.009999999999999981,-0.01999999999999999,0.01999999999999999,0.010000000000000009,-0.20000000000000018,0.09999999999999964,0.0,0.0,3.346589,3.605645,3.64948,4.175313,7.407219,7.691441,7.387004,9.65789
2013-05-01,1.138808047576867,2.0181404902574807,1.7960197033926262,1.7379429374660749,0.009999999999999981,0.009999999999999981,0.0,0.01999999999999999,0.09999999999999964,-0.2999999999999998,-0.09999999999999964,0.0,3.218167,3.475746,3.634729,4.21492,7.101547,7.316153,7.527629,9.26239
2013-06-01,1.3903888279197085,1.5187472411246183,1.7595049796895523,1.653870448297634,-0.039999999999999994,-0.009999999999999981,0.0,0.0,-0.09999999999999964,-0.20000000000000018,0.20000000000000018,0.0,3.44205,3.346589,3.620118,4.254375,6.980927,7.407219,8.2632,9.142789
2013-07-01,1.7157935271568725,1.138808047576867,1.684061762098299,1.4175114798464783,-0.020000000000000004,0.009999999999999981,-0.01999999999999999,0.0,0.0,0.09999999999999964,0.09999999999999964,0.0,3.664904,3.218167,3.605645,4.293678,6.802307,7.101547,7.691441,7.815543
2013-08-01,1.885471805415806,1.3903888279197085,2.0181404902574807,1.6859349154821235,0.0,-0.039999999999999994,0.009999999999999981,-0.03,-0.20000000000000018,-0.09999999999999964,-0.2999999999999998,-0.09999999999999964,3.886733,3.44205,3.475746,4.077172,6.63358,6.980927,7.316153,6.448431
2013-09-01,1.538809488600279,1.7157935271568725,1.5187472411246183,1.9497168982819613,-0.009999999999999995,-0.020000000000000004,-0.009999999999999981,0.010000000000000009,-0.09999999999999964,0.0,-0.20000000000000018,-0.2999999999999998,4.158611,3.664904,3.346589,3.862447,6.461915,6.802307,7.407219,7.062765
2013-10-01,1.0947341081747997,1.885471805415806,1.138808047576867,2.1556780595369363,0.0,0.0,0.009999999999999981,0.01999999999999999,0.0,-0.20000000000000018,0.09999999999999964,0.0,4.429374,3.886733,3.218167,3.64948,6.218402,6.63358,7.101547,7.387004
2013-11-01,0.8767991434911471,1.538809488600279,1.3903888279197085,1.7960197033926262,0.009999999999999995,-0.009999999999999995,-0.039999999999999994,0.0,0.0,-0.09999999999999964,-0.09999999999999964,-0.09999999999999964,4.699027,4.158611,3.44205,3.634729,6.741868,6.461915,6.980927,7.527629
2013-12-01,1.2328701961954458,1.0947341081747997,1.7157935271568725,1.7595049796895523,-0.009999999999999995,0.0,-0.020000000000000004,0.0,-0.2999999999999998,0.0,0.0,0.20000000000000018,4.228713,4.429374,3.664904,3.620118,6.115674,6.218402,6.802307,8.2632
2014-01-01,1.5128383667573297,0.8767991434911471,1.885471805415806,1.684061762098299,0.009999999999999995,0.009999999999999995,0.0,-0.01999999999999999,-0.20000000000000018,0.0,-0.20000000000000018,0.09999999999999964,3.762708,4.699027,3.886733,3.605645,5.494034,6.741868,6.63358,7.691441
2014-02-01,1.557758795574915,1.2328701961954458,1.538809488600279,2.0181404902574807,-0.01999999999999999,-0.009999999999999995,-0.009999999999999995,0.009999999999999981,-0.10000000000000053,-0.2999999999999998,-0.09999999999999964,-0.2999999999999998,3.300954,4.228713,4.158611,3.475746,5.925905,6.115674,6.461915,7.316153
2014-03-01,1.1204746347724948,1.5128383667573297,1.0947341081747997,1.5187472411246183,0.0,0.009999999999999995,0.0,-0.009999999999999981,0.10000000000000053,-0.20000000000000018,0.0,-0.20000000000000018,3.775945,3.762708,4.429374,3.346589,6.357635,5.494034,6.218402,7.407219
2014-04-01,1.6126949139408042,1.557758795574915,0.8767991434911471,1.138808047576867,0.009999999999999995,-0.01999999999999999,0.009999999999999995,0.009999999999999981,0.0,-0.10000000000000053,0.0,0.09999999999999964,4.24941,3.300954,4.699027,3.218167,6.130123,5.925905,6.741868,7.101547
2014-05-01,2.015125303606169,1.1204746347724948,1.2328701961954458,1.3903888279197085,0.009999999999999995,0.0,-0.009999999999999995,-0.039999999999999994,-0.5,0.10000000000000053,-0.2999999999999998,-0.09999999999999964,4.721357,3.775945,4.228713,3.44205,6.280098,6.357635,6.115674,6.980927
2014-06-01,2.166947687079812,1.6126949139408042,1.5128383667573297,1.7157935271568725,0.0,0.009999999999999995,0.009999999999999995,-0.020000000000000004,0.09999999999999964,0.0,-0.20000000000000018,0.0,4.82042,4.24941,3.762708,3.664904,6.54418,6.130123,5.494034,6.802307
2014-07-01,2.0589816945944195,2.015125303606169,1.557758795574915,1.885471805415806,0.010000000000000009,0.009999999999999995,-0.01999999999999999,0.0,-0.20000000000000018,-0.5,-0.10000000000000053,-0.20000000000000018,4.918602,4.721357,3.300954,3.886733,6.491456,6.280098,5.925905,6.63358
2014-08-01,1.9742378703305974,2.166947687079812,1.1204746347724948,1.538809488600279,-0.010000000000000009,0.0,0.0,-0.009999999999999995,0.10000000000000053,0.09999999999999964,0.10000000000000053,-0.09999999999999964,5.015914,4.82042,3.775945,4.158611,6.610939,6.54418,6.357635,6.461915
2014-09-01,1.7150983482969062,2.0589816945944195,1.6126949139408042,1.0947341081747997,0.0,0.010000000000000009,0.009999999999999995,0.0,-0.10000000000000053,-0.20000000000000018,0.0,0.0,4.737484,4.918602,4.24941,4.429374,6.25949,6.491456,6.130123,6.218402
2014-10-01,1.6840509711232077,1.9742378703305974,2.015125303606169,0.8767991434911471,0.0,-0.010000000000000009,0.009999999999999995,0.009999999999999995,-0.1999999999999993,0.10000000000000053,-0.5,0.0,4.461638,5.015914,4.721357,4.699027,6.04953,6.610939,6.280098,6.741868
2014-11-01,1.6095417021513292,1.7150983482969062,2.166947687079812,1.2328701961954458,0.0,0.0,0.0,-0.009999999999999995,-0.20000000000000018,-0.10000000000000053,0.09999999999999964,-0.2999999999999998,4.188339,4.737484,4.82042,4.228713,5.523243,6.25949,6.54418,6.115674
2014-12-01,1.231524989320798,1.6840509711232077,2.0589816945944195,1.5128383667573297,0.0,0.0,0.010000000000000009,0.009999999999999995,0.09999999999999964,-0.1999999999999993,-0.20000000000000018,-0.20000000000000018,4.470399,4.461638,4.918602,3.762708,5.807778,6.04953,6.491456,5.494034
2015-01-01,0.6531213919623191,1.6095417021513292,1.9742378703305974,1.557758795574915,0.03,0.0,-0.010000000000000009,-0.01999999999999999,-0.20000000000000018,-0.20000000000000018,0.10000000000000053,-0.10000000000000053,4.752396,4.188339,5.015914,3.300954,5.944793,5.523243,6.610939,5.925905
2015-02-01,-0.22993097820542818,1.231524989320798,1.7150983482969062,1.1204746347724948,-0.009999999999999995,0.0,0.0,0.0,0.10000000000000053,0.09999999999999964,-0.10000000000000053,0.10000000000000053,5.034331,4.470399,4.737484,3.775945,6.058864,5.807778,6.25949,6.357635
2015-03-01,-0.08703146293520536,0.6531213919623191,1.6840509711232077,1.6126949139408042,0.0,0.03,0.0,0.009999999999999995,-0.20000000000000018,-0.20000000000000018,-0.1999999999999993,0.0,4.801901,4.752396,4.461638,4.24941,6.483995,5.944793,6.04953,6.130123
2015-04-01,-0.022031284423873476,-0.22993097820542818,1.6095417021513292,2.015125303606169,0.0,-0.009999999999999995,0.0,0.009999999999999995,-0.09999999999999964,0.10000000000000053,-0.20000000000000018,-0.5,4.572326,5.034331,4.188339,4.721357,6.124139,6.058864,5.523243,6.280098
2015-05-01,-0.10403098939391064,-0.08703146293520536,1.231524989320798,2.166947687079812,0.009999999999999995,0.0,0.0,0.0,0.0,-0.20000000000000018,0.09999999999999964,0.09999999999999964,4.345553,4.801901,4.470399,4.82042,6.00211,6.483995,5.807778,6.54418
2015-06-01,0.03503321824429584,-0.022031284423873476,0.6531213919623191,2.0589816945944195,0.0,0.0,0.03,0.010000000000000009,0.1999999999999993,-0.09999999999999964,-0.20000000000000018,-0.20000000000000018,4.011923,4.572326,4.752396,4.918602,5.640583,6.124139,5.944793,6.491456
2015-07-01,0.1795718097550525,-0.10403098939391064,-0.22993097820542818,1.9742378703305974,0.010000000000000009,0.009999999999999995,-0.009999999999999995,-0.010000000000000009,-0.2999999999999998,0.0,0.10000000000000053,0.10000000000000053,3.681882,4.345553,5.034331,5.015914,5.484247,6.00211,6.058864,6.610939
2015-08-01,0.22568611104094582,0.03503321824429584,-0.08703146293520536,1.7150983482969062,0.0,0.0,0.0,0.0,-0.09999999999999964,0.1999999999999993,-0.20000000000000018,-0.10000000000000053,3.355372,4.011923,4.801901,4.737484,5.361041,5.640583,6.483995,6.25949
2015-09-01,0.2413037985344868,0.1795718097550525,-0.022031284423873476,1.6840509711232077,0.010000000000000009,0.010000000000000009,0.0,0.0,-0.10000000000000053,-0.2999999999999998,-0.09999999999999964,-0.1999999999999993,3.20971,3.681882,4.572326,4.461638,5.530046,5.484247,6.124139,6.04953
2015-10-01,0.008842961634170088,0.22568611104094582,-0.10403098939391064,1.6095417021513292,0.0,0.0,0.009999999999999995,0.0,-0.09999999999999964,-0.09999999999999964,0.0,-0.20000000000000018,3.064634,3.355372,4.345553,4.188339,5.684472,5.361041,6.00211,5.523243
2015-11-01,0.12761656067050708,0.2413037985344868,0.03503321824429584,1.231524989320798,-0.020000000000000018,0.010000000000000009,0.0,0.0,0.0,-0.10000000000000053,0.1999999999999993,0.09999999999999964,2.920141,3.20971,4.011923,4.470399,5.452381,5.530046,5.640583,5.807778
2015-12-01,0.4363182169185187,0.008842961634170088,0.1795718097550525,0.6531213919623191,0.0,0.0,0.010000000000000009,0.03,0.09999999999999964,-0.09999999999999964,-0.2999999999999998,-0.20000000000000018,2.799378,3.064634,3.681882,4.752396,5.868904,5.684472,5.484247,5.944793
2016-01-01,0.6387247515364791,0.12761656067050708,0.22568611104094582,-0.22993097820542818,0.12,-0.020000000000000018,0.0,-0.009999999999999995,-0.09999999999999964,0.0,-0.09999999999999964,0.10000000000000053,2.679291,2.920141,3.355372,5.034331,5.720455,5.452381,5.361041,6.058864
2016-02-01,1.2375025026943876,0.4363182169185187,0.2413037985344868,-0.08703146293520536,0.10000000000000003,0.0,0.010000000000000009,0.0,-0.20000000000000018,0.09999999999999964,-0.10000000000000053,-0.20000000000000018,2.559876,2.799378,3.20971,4.801901,6.042253,5.868904,5.530046,6.483995
2016-03-01,0.8472775790126619,0.6387247515364791,0.008842961634170088,-0.022031284423873476,0.03999999999999998,0.12,0.0,0.0,0.10000000000000053,-0.09999999999999964,-0.09999999999999964,-0.09999999999999964,2.493668,2.679291,3.064634,4.572326,5.712584,5.720455,5.684472,6.124139
2016-04-01,0.8916160965521946,1.2375025026943876,0.12761656067050708,-0.10403098939391064,-0.020000000000000018,0.10000000000000003,-0.020000000000000018,0.009999999999999995,0.09999999999999964,-0.20000000000000018,0.0,0.0,2.427984,2.559876,2.920141,4.345553,6.218699,6.042253,5.452381,6.00211
2016-05-01,1.1726257503534843,0.8472775790126619,0.4363182169185187,0.03503321824429584,0.010000000000000009,0.03999999999999998,0.0,0.0,0.09999999999999964,0.10000000000000053,0.09999999999999964,0.1999999999999993,2.362818,2.493668,2.799378,4.011923,6.596624,5.712584,5.868904,5.640583
2016-06-01,1.0784764621246223,0.8916160965521946,0.6387247515364791,0.1795718097550525,0.0,-0.020000000000000018,0.12,0.010000000000000009,-0.2999999999999998,0.09999999999999964,-0.09999999999999964,-0.2999999999999998,2.465101,2.427984,2.679291,3.681882,6.838249,6.218699,5.720455,5.484247
2016-07-01,1.0792865347959424,1.1726257503534843,1.2375025026943876,0.22568611104094582,0.010000000000000009,0.010000000000000009,0.10000000000000003,0.0,0.10000000000000053,0.09999999999999964,-0.20000000000000018,-0.09999999999999964,2.566932,2.362818,2.559876,3.355372,6.897498,6.596624,6.042253,5.361041
2016-08-01,0.8683633430518256,1.0784764621246223,0.8472775790126619,0.2413037985344868,0.010000000000000009,0.0,0.03999999999999998,0.010000000000000009,-0.10000000000000053,-0.2999999999999998,0.10000000000000053,-0.10000000000000053,2.668313,2.465101,2.493668,3.20971,7.00174,6.838249,5.712584,5.530046
2016-09-01,1.0553158595656864,1.0792865347959424,0.8916160965521946,0.008842961634170088,0.010000000000000009,0.010000000000000009,-0.020000000000000018,0.0,0.10000000000000053,0.10000000000000053,0.09999999999999964,-0.09999999999999964,2.962194,2.566932,2.427984,3.064634,7.246532,6.897498,6.218699,5.684472
2016-10-01,1.5486446201652182,0.8683633430518256,1.1726257503534843,0.12761656067050708,0.0,0.010000000000000009,0.010000000000000009,-0.020000000000000018,0.09999999999999964,-0.10000000000000053,0.09999999999999964,0.0,3.255718,2.668313,2.362818,2.920141,7.236793,7.00174,6.596624,5.452381
2016-11-01,1.685924966243646,1.0553158595656864,1.0784764621246223,0.4363182169185187,0.0,0.010000000000000009,0.0,0.0,-0.09999999999999964,0.10000000000000053,-0.2999999999999998,0.09999999999999964,3.548886,2.962194,2.465101,2.799378,7.342211,7.246532,6.838249,5.868904
2016-12-01,1.6843334719788938,1.5486446201652182,1.0792865347959424,0.6387247515364791,0.009999999999999953,0.0,0.010000000000000009,0.12,-0.20000000000000018,0.09999999999999964,0.10000000000000053,-0.09999999999999964,3.723423,3.255718,2.566932,2.679291,7.239588,7.236793,6.897498,5.720455
2017-01-01,2.0507989115119862,1.685924966243646,0.8683633430518256,1.2375025026943876,0.13000000000000006,0.0,0.010000000000000009,0.10000000000000003,0.0,-0.09999999999999964,-0.10000000000000053,-0.20000000000000018,3.897388,3.548886,2.668313,2.559876,6.837317,7.342211,7.00174,6.042253
2017-02-01,2.5103933482571117,1.6843334719788938,1.0553158595656864,0.8472775790126619,0.10999999999999999,0.009999999999999953,0.010000000000000009,0.03999999999999998,0.0,-0.20000000000000018,0.10000000000000053,0.10000000000000053,4.070786,3.723423,2.962194,2.493668,6.368175,7.239588,7.246532,5.712584
2017-03-01,2.8103616813294208,2.0507989115119862,1.5486446201652182,0.8916160965521946,0.010000000000000009,0.13000000000000006,0.0,-0.020000000000000018,-0.10000000000000053,0.0,0.09999999999999964,0.09999999999999964,4.008429,3.897388,3.255718,2.427984,6.275042,6.837317,7.236793,6.218699
2017-04-01,2.44119623655914,2.5103933482571117,1.685924966243646,1.1726257503534843,0.13,0.10999999999999999,0.0,0.010000000000000009,-0.1999999999999993,0.0,-0.09999999999999964,0.09999999999999964,3.946486,4.070786,3.548886,2.362818,6.332433,6.368175,7.342211,6.596624
2017-05-01,2.176223471915395,2.8103616813294208,1.6843334719788938,1.0784764621246223,0.10999999999999999,0.010000000000000009,0.009999999999999953,0.0,0.0,-0.10000000000000053,-0.20000000000000018,-0.2999999999999998,3.884954,4.008429,3.723423,2.465101,6.109141,6.275042,7.239588,6.838249
2017-06-01,1.8563431667619756,2.44119623655914,2.0507989115119862,1.0792865347959424,0.010000000000000009,0.13,0.13000000000000006,0.010000000000000009,0.0,-0.1999999999999993,0.0,0.10000000000000053,4.002124,3.946486,3.897388,2.566932,5.99047,6.332433,6.837317,6.897498
2017-07-01,1.640565809959127,2.176223471915395,2.5103933482571117,0.8683633430518256,0.13,0.10999999999999999,0.10999999999999999,0.010000000000000009,-0.10000000000000053,0.0,0.0,-0.10000000000000053,4.118544,3.884954,4.070786,2.668313,5.664268,6.109141,6.368175,7.00174
2017-08-01,1.7251073506566073,1.8563431667619756,2.8103616813294208,1.0553158595656864,0.10999999999999988,0.010000000000000009,0.010000000000000009,0.010000000000000009,0.0,0.0,-0.10000000000000053,0.10000000000000053,4.234221,4.002124,4.008429,2.962194,5.662993,5.99047,6.275042,7.246532
2017-09-01,1.92812155729698,1.640565809959127,2.44119623655914,1.5486446201652182,0.010000000000000009,0.13,0.13,0.0,0.10000000000000053,-0.10000000000000053,-0.1999999999999993,0.09999999999999964,4.479361,4.118544,3.946486,3.255718,5.450472,5.664268,6.332433,7.236793
2017-10-01,2.1805652303711787,1.7251073506566073,2.176223471915395,1.685924966243646,-0.010000000000000009,0.10999999999999988,0.10999999999999999,0.0,-0.10000000000000053,0.0,0.0,-0.09999999999999964,4.722811,4.234221,3.884954,3.548886,5.286904,5.662993,6.109141,7.342211
2017-11-01,2.020757753132485,1.92812155729698,1.8563431667619756,1.6843334719788938,0.0,0.010000000000000009,0.010000000000000009,0.009999999999999953,-0.09999999999999964,0.10000000000000053,0.0,-0.20000000000000018,4.964588,4.479361,4.002124,3.723423,5.161246,5.450472,5.99047,7.239588
2017-12-01,2.172493864295566,2.1805652303711787,1.640565809959127,2.0507989115119862,0.010000000000000009,-0.010000000000000009,0.13,0.13000000000000006,0.0,-0.10000000000000053,-0.10000000000000053,0.0,5.123471,4.722811,4.118544,3.897388,4.805923,5.286904,5.664268,6.837317
2018-01-01,2.129930719552253,2.020757753132485,1.7251073506566073,2.5103933482571117,0.14000000000000012,0.0,0.10999999999999988,0.10999999999999999,-0.10000000000000053,-0.09999999999999964,0.0,0.0,5.281303,4.964588,4.234221,4.070786,4.887079,5.161246,5.662993,6.368175
2018-02-01,2.151318868063945,2.172493864295566,1.92812155729698,2.8103616813294208,0.10999999999999988,0.010000000000000009,0.010000000000000009,0.010000000000000009,-0.09999999999999964,0.0,0.10000000000000053,-0.10000000000000053,5.438094,5.123471,4.479361,4.008429,4.390306,4.805923,5.450472,6.275042
2018-03-01,2.263468931091861,2.129930719552253,2.1805652303711787,2.44119623655914,0.010000000000000009,0.14000000000000012,-0.010000000000000009,0.13,0.09999999999999964,-0.10000000000000053,-0.10000000000000053,-0.1999999999999993,5.584954,5.281303,4.722811,3.946486,4.139666,4.887079,5.286904,6.332433
2018-04-01,2.3309497646499366,2.151318868063945,2.020757753132485,2.176223471915395,0.09000000000000008,0.10999999999999988,0.0,0.10999999999999999,-0.09999999999999964,-0.09999999999999964,-0.09999999999999964,0.0,5.731014,5.438094,4.964588,3.884954,4.078404,4.390306,5.161246,6.109141
2018-05-01,2.4709963021052994,2.263468931091861,2.172493864295566,1.8563431667619756,0.17999999999999994,0.010000000000000009,0.010000000000000009,0.010000000000000009,0.0,0.09999999999999964,0.0,0.0,5.87628,5.584954,5.123471,4.002124,3.802776,4.139666,4.805923,5.99047
2018-06-01,2.781921607842497,2.3309497646499366,2.129930719552253,1.640565809959127,0.010000000000000009,0.09000000000000008,0.14000000000000012,0.13,-0.20000000000000018,-0.09999999999999964,-0.10000000000000053,-0.10000000000000053,5.789107,5.731014,5.281303,4.118544,3.858087,4.078404,4.887079,5.664268
2018-07-01,2.8075506935940187,2.4709963021052994,2.151318868063945,1.7251073506566073,0.1200000000000001,0.17999999999999994,0.10999999999999988,0.10999999999999988,0.20000000000000018,0.0,-0.09999999999999964,0.0,5.702687,5.87628,5.438094,4.234221,4.09926,3.802776,4.390306,5.662993
2018-08-01,2.854124785561929,2.781921607842497,2.263468931091861,1.92812155729698,0.08999999999999986,0.010000000000000009,0.010000000000000009,0.010000000000000009,-0.20000000000000018,-0.20000000000000018,0.09999999999999964,0.10000000000000053,5.61701,5.789107,5.584954,4.479361,3.895742,3.858087,4.139666,5.450472
2018-09-01,2.6429238568742575,2.8075506935940187,2.3309497646499366,2.1805652303711787,0.0,0.1200000000000001,0.09000000000000008,-0.010000000000000009,0.0,0.20000000000000018,-0.09999999999999964,-0.10000000000000053,5.205201,5.702687,5.731014,4.722811,3.83641,4.09926,4.078404,5.286904
2018-10-01,2.332055105808828,2.854124785561929,2.4709963021052994,2.020757753132485,0.040000000000000036,0.08999999999999986,0.17999999999999994,0.0,-0.09999999999999964,-0.20000000000000018,0.0,-0.09999999999999964,4.798139,5.61701,5.87628,4.964588,3.64057,3.895742,3.802776,5.161246
2018-11-01,2.492032470218053,2.6429238568742575,2.781921607842497,2.172493864295566,0.24,0.0,0.010000000000000009,0.010000000000000009,0.09999999999999964,0.0,-0.20000000000000018,0.0,4.395744,5.205201,5.789107,5.123471,3.307947,3.83641,3.858087,4.805923
2018-12-01,2.147328577667773,2.332055105808828,2.8075506935940187,2.129930719552253,0.010000000000000231,0.040000000000000036,0.1200000000000001,0.14000000000000012,0.0,-0.09999999999999964,0.20000000000000018,-0.10000000000000053,4.212732,4.798139,5.702687,5.281303,3.17333,3.64057,4.09926,4.887079
2019-01-01,2.0023809043401064,2.492032470218053,2.854124785561929,2.151318868063945,0.06999999999999984,0.24,0.08999999999999986,0.10999999999999988,0.10000000000000009,0.09999999999999964,-0.20000000000000018,-0.09999999999999964,4.031478,4.395744,5.61701,5.438094,3.638603,3.307947,3.895742,4.390306
2019-02-01,1.4875893578291333,2.147328577667773,2.6429238568742575,2.263468931091861,0.1299999999999999,0.010000000000000231,0.0,0.010000000000000009,0.10000000000000009,0.0,0.0,0.09999999999999964,3.851956,4.212732,5.205201,5.584954,4.024374,3.17333,3.83641,4.139666
2019-03-01,1.5188615351321877,2.0023809043401064,2.332055105808828,2.3309497646499366,0.0,0.06999999999999984,0.040000000000000036,0.09000000000000008,-0.20000000000000018,0.10000000000000009,-0.09999999999999964,-0.09999999999999964,3.891569,4.031478,4.798139,5.731014,3.993032,3.638603,3.64057,4.078404
2019-04-01,1.8831863513063984,1.4875893578291333,2.492032470218053,2.4709963021052994,0.010000000000000231,0.1299999999999999,0.24,0.17999999999999994,0.0,0.10000000000000009,0.09999999999999964,0.0,3.930857,3.851956,4.395744,5.87628,3.887902,4.024374,3.307947,3.802776
2019-05-01,2.000583470209061,1.5188615351321877,2.147328577667773,2.781921607842497,0.009999999999999787,0.0,0.010000000000000231,0.010000000000000009,-0.09999999999999964,-0.20000000000000018,0.0,-0.20000000000000018,3.969824,3.891569,4.212732,5.789107,3.98122,3.993032,3.17333,3.858087
2019-06-01,1.7959105553606136,1.8831863513063984,2.0023809043401064,2.8075506935940187,-0.029999999999999805,0.010000000000000231,0.06999999999999984,0.1200000000000001,-0.10000000000000009,0.0,0.10000000000000009,0.20000000000000018,4.119545,3.930857,4.031478,5.702687,4.342766,3.887902,3.638603,4.09926
2019-07-01,1.671194894390049,2.000583470209061,1.4875893578291333,2.854124785561929,-0.010000000000000231,0.009999999999999787,0.1299999999999999,0.08999999999999986,0.0,-0.09999999999999964,0.10000000000000009,-0.20000000000000018,4.268217,3.969824,3.851956,5.61701,4.708146,3.98122,4.024374,3.895742
2019-08-01,1.826331335037068,1.7959105553606136,1.5188615351321877,2.6429238568742575,0.020000000000000018,-0.029999999999999805,0.0,0.0,0.10000000000000009,-0.10000000000000009,-0.20000000000000018,0.0,4.415851,4.119545,3.891569,5.205201,5.02448,4.342766,3.993032,3.83641
2019-09-01,1.7376412106666406,1.671194894390049,1.8831863513063984,2.332055105808828,-0.27,-0.010000000000000231,0.010000000000000231,0.040000000000000036,-0.10000000000000009,0.0,0.0,-0.09999999999999964,4.562452,4.268217,3.930857,4.798139,5.281512,4.708146,3.887902,3.64057
2019-10-01,1.6844977040391562,1.826331335037068,2.000583470209061,2.492032470218053,-0.08999999999999986,0.020000000000000018,0.009999999999999787,0.24,-0.10000000000000009,0.10000000000000009,-0.09999999999999964,0.09999999999999964,4.708496,4.415851,3.969824,4.395744,5.626338,5.02448,3.98122,3.307947
2019-11-01,1.7339736996186295,1.7376412106666406,1.7959105553606136,2.147328577667773,-0.20999999999999996,-0.27,-0.029999999999999805,0.010000000000000231,0.10000000000000009,-0.10000000000000009,-0.10000000000000009,0.0,4.853984,4.562452,4.119545,4.212732,6.505759,5.281512,4.342766,3.17333
2019-12-01,2.092290394862917,1.6844977040391562,1.671194894390049,2.0023809043401064,-0.28,-0.08999999999999986,-0.010000000000000231,0.06999999999999984,0.0,-0.10000000000000009,0.0,0.10000000000000009,4.242178,4.708496,4.268217,4.031478,7.093847,5.626338,4.708146,3.638603
2020-01-01,2.3195274699624457,1.7339736996186295,1.826331335037068,1.4875893578291333,0.0,-0.20999999999999996,0.020000000000000018,0.1299999999999999,0.0,0.10000000000000009,0.10000000000000009,0.10000000000000009,3.634126,4.853984,4.415851,3.851956,6.677649,6.505759,5.02448,4.024374
2020-02-01,2.599767976845202,2.092290394862917,1.7376412106666406,1.5188615351321877,0.0,-0.28,-0.27,0.0,0.0,0.0,-0.10000000000000009,-0.20000000000000018,3.029794,4.242178,4.562452,3.891569,6.690319,7.093847,5.281512,3.993032
2020-03-01,2.3413166797595197,2.3195274699624457,1.6844977040391562,1.8831863513063984,0.030000000000000027,0.0,-0.08999999999999986,0.010000000000000231,-0.10000000000000009,0.0,-0.10000000000000009,0.0,-0.252072,3.634126,4.708496,3.930857,6.80463,6.677649,5.626338,3.887902
2020-04-01,1.4940399642909163,2.599767976845202,1.7339736996186295,2.000583470209061,-0.93,0.0,-0.20999999999999996,0.009999999999999787,0.9000000000000004,0.0,0.10000000000000009,-0.09999999999999964,-3.504529,3.029794,4.853984,3.969824,10.135669,6.690319,6.505759,3.98122
2020-05-01,0.3130472940411133,2.3413166797595197,2.092290394862917,1.7959105553606136,-0.6,0.030000000000000027,-0.28,-0.029999999999999805,10.4,-0.10000000000000009,0.0,-0.10000000000000009,-6.727971,-0.252072,4.242178,4.119545,16.928063,6.80463,7.093847,4.342766
2020-06-01,0.1982013035848551,1.4940399642909163,2.3195274699624457,1.671194894390049,0.0,-0.93,0.0,-0.010000000000000231,-1.6000000000000014,0.9000000000000004,0.0,0.0,-4.482858,-3.504529,3.634126,4.268217,21.956013,10.135669,6.677649,4.708146
2020-07-01,0.7166562831830481,0.3130472940411133,2.599767976845202,1.826331335037068,0.03,-0.6,0.0,0.020000000000000018,-2.1999999999999993,10.4,0.0,0.10000000000000009,-2.259854,-6.727971,3.029794,4.415851,22.843651,16.928063,6.690319,5.02448
2020-08-01,0.9968647625897997,0.1982013035848551,2.3413166797595197,1.7376412106666406,0.009999999999999995,0.0,0.030000000000000027,-0.27,-0.8000000000000007,-1.6000000000000014,-0.10000000000000009,-0.10000000000000009,-0.058636,-4.482858,-0.252072,4.562452,23.165489,21.956013,6.80463,5.281512
2020-09-01,1.2810698495523853,0.7166562831830481,1.4940399642909163,1.6844977040391562,0.010000000000000009,0.03,-0.93,-0.08999999999999986,-1.799999999999999,-2.1999999999999993,0.9000000000000004,-0.10000000000000009,0.196542,-2.259854,-3.504529,4.708496,22.95117,22.843651,10.135669,5.626338
2020-10-01,1.3910228912373812,0.9968647625897997,0.3130472940411133,1.7339736996186295,-0.010000000000000009,0.009999999999999995,-0.6,-0.20999999999999996,-0.6000000000000005,-0.8000000000000007,10.4,0.10000000000000009,0.450039,-0.058636,-6.727971,4.853984,23.629295,23.165489,16.928063,6.505759
2020-11-01,1.2303863428671624,1.2810698495523853,0.1982013035848551,2.092290394862917,0.0,0.010000000000000009,0.0,-0.28,-0.8999999999999995,-1.799999999999999,-1.6000000000000014,0.0,0.701872,0.196542,-4.482858,4.242178,23.534487,22.95117,21.956013,7.093847
2020-12-01,1.1757452138405844,1.3910228912373812,0.7166562831830481,2.3195274699624457,0.0,-0.010000000000000009,0.03,0.0,-0.20000000000000018,-0.6000000000000005,-2.1999999999999993,0.0,1.885683,0.450039,-2.259854,3.634126,24.195868,23.629295,22.843651,6.677649
2021-01-01,1.3204191315779434,1.2303863428671624,0.9968647625897997,2.599767976845202,0.0,0.0,0.009999999999999995,0.0,0.0,-0.8999999999999995,-0.8000000000000007,0.0,3.076078,0.701872,-0.058636,3.029794,24.552533,23.534487,23.165489,6.690319
2021-02-01,1.3738437137002402,1.1757452138405844,1.2810698495523853,2.3413166797595197,0.0,0.0,0.010000000000000009,0.030000000000000027,-0.2999999999999998,-0.20000000000000018,-1.799999999999999,-0.10000000000000009,4.273113,1.885683,0.196542,-0.252072,25.61661,24.195868,22.95117,6.80463
2021-03-01,1.6698167791706853,1.3204191315779434,1.3910228912373812,1.4940399642909163,-0.009999999999999995,0.0,-0.010000000000000009,-0.93,-0.20000000000000018,0.0,-0.6000000000000005,0.9000000000000004,8.39342,3.076078,0.450039,-3.504529,26.775272,24.552533,23.629295,10.135669
2021-04-01,2.6678187820641908,1.3738437137002402,1.2303863428671624,0.3130472940411133,-0.009999999999999995,0.0,0.0,-0.6,-0.10000000000000053,-0.2999999999999998,-0.8999999999999995,10.4,12.753318,4.273113,0.701872,-6.727971,23.951849,25.61661,23.534487,16.928063
2021-05-01,4.133077115360573,1.6698167791706853,1.1757452138405844,0.1982013035848551,0.0,-0.009999999999999995,0.0,0.0,0.0,-0.20000000000000018,-0.20000000000000018,-1.6000000000000014,17.374328,8.39342,1.885683,-4.482858,18.233491,26.775272,24.195868,21.956013
2021-06-01,4.918257089467626,2.6678187820641908,1.3204191315779434,0.7166562831830481,-0.010000000000000009,-0.009999999999999995,0.0,0.03,-0.2999999999999998,-0.10000000000000053,0.0,-2.1999999999999993,14.951359,12.753318,3.076078,-2.259854,14.094207,23.951849,24.552533,22.843651
2021-07-01,5.295632620349999,4.133077115360573,1.3738437137002402,0.9968647625897997,0.020000000000000004,0.0,0.0,0.009999999999999995,0.10000000000000053,0.0,-0.2999999999999998,-0.8000000000000007,12.661925,17.374328,4.273113,-0.058636,12.612528,18.233491,25.61661,23.165489
2021-08-01,5.245169381309234,4.918257089467626,1.6698167791706853,1.2810698495523853,0.020000000000000004,-0.010000000000000009,-0.009999999999999995,0.010000000000000009,-0.5,-0.2999999999999998,-0.20000000000000018,-1.799999999999999,10.495283,14.951359,8.39342,0.196542,12.532587,14.094207,26.775272,22.95117
2021-09-01,5.152015301793966,5.295632620349999,2.6678187820641908,1.3910228912373812,-0.010000000000000009,0.020000000000000004,-0.009999999999999995,-0.010000000000000009,-0.3000000000000007,0.10000000000000053,-0.10000000000000053,-0.6000000000000005,11.118725,12.661925,12.753318,0.450039,13.196858,12.612528,23.951849,23.629295
2021-10-01,5.351215590949132,5.245169381309234,4.133077115360573,1.2303863428671624,-0.009999999999999995,0.020000000000000004,0.0,0.0,-0.39999999999999947,-0.5,0.0,-0.8999999999999995,11.734924,10.495283,17.374328,0.701872,12.785916,12.532587,18.233491,23.534487
2021-11-01,6.235042390298062,5.152015301793966,4.918257089467626,1.1757452138405844,0.0,-0.010000000000000009,-0.010000000000000009,0.0,-0.20000000000000018,-0.3000000000000007,-0.2999999999999998,-0.20000000000000018,12.344004,11.118725,14.951359,1.885683,12.810807,13.196858,14.094207,24.195868
2021-12-01,6.901970403700863,5.351215590949132,5.295632620349999,1.3204191315779434,0.0,-0.009999999999999995,0.020000000000000004,0.0,-0.40000000000000036,-0.39999999999999947,0.10000000000000053,0.0,11.999899,11.734924,12.661925,3.076078,12.309838,12.785916,12.612528,24.552533
2022-01-01,7.174340285065539,6.235042390298062,5.245169381309234,1.3738437137002402,0.0,0.0,0.020000000000000004,0.0,-0.19999999999999973,-0.20000000000000018,-0.5,-0.2999999999999998,11.66185,12.344004,10.495283,4.273113,12.465146,12.810807,12.532587,25.61661
2022-02-01,7.558805726967832,6.901970403700863,5.152015301793966,1.6698167791706853,0.0,0.0,-0.010000000000000009,-0.009999999999999995,0.10000000000000009,-0.40000000000000036,-0.3000000000000007,-0.20000000000000018,11.329698,11.999899,11.118725,8.39342,11.719387,12.309838,13.196858,26.775272
2022-03-01,7.937278766517819,7.174340285065539,5.351215590949132,2.6678187820641908,0.0,0.0,-0.009999999999999995,-0.009999999999999995,-0.10000000000000009,-0.19999999999999973,-0.39999999999999947,-0.10000000000000053,11.011757,11.66185,11.734924,12.753318,10.606971,12.465146,12.785916,23.951849
2022-04-01,8.572204966013853,7.558805726967832,6.235042390298062,4.133077115360573,0.12000000000000001,0.0,0.0,0.0,-0.19999999999999973,0.10000000000000009,-0.20000000000000018,0.0,10.700632,11.329698,12.344004,17.374328,9.631061,11.719387,12.810807,18.233491
2022-05-01,8.231750770777225,7.937278766517819,6.901970403700863,4.918257089467626,0.13,0.0,0.0,-0.010000000000000009,0.0,-0.10000000000000009,-0.40000000000000036,-0.2999999999999998,10.396104,11.011757,11.999899,14.951359,7.892689,10.606971,12.309838,14.094207
2022-06-01,8.538171195642065,8.572204966013853,7.174340285065539,5.295632620349999,0.44,0.12000000000000001,0.0,0.020000000000000004,-0.10000000000000009,-0.19999999999999973,-0.19999999999999973,0.10000000000000053,10.199436,10.700632,11.66185,12.661925,6.155794,9.631061,12.465146,12.612528
2022-07-01,8.979361103105798,8.231750770777225,7.558805726967832,5.245169381309234,0.43999999999999995,0.13,0.0,0.020000000000000004,0.0,0.0,0.10000000000000009,-0.5,10.005834,10.396104,11.329698,10.495283,5.731573,7.892689,11.719387,12.532587
2022-08-01,8.462576727730099,8.538171195642065,7.937278766517819,5.152015301793966,0.47,0.44,0.0,-0.010000000000000009,-0.10000000000000009,-0.10000000000000009,-0.10000000000000009,-0.3000000000000007,9.815227,10.199436,11.011757,11.118725,4.941527,6.155794,10.606971,13.196858
2022-09-01,8.222579178218826,8.979361103105798,8.572204966013853,5.351215590949132,0.6500000000000001,0.43999999999999995,0.12000000000000001,-0.009999999999999995,0.10000000000000009,0.0,-0.19999999999999973,-0.39999999999999947,9.157618,10.005834,10.700632,11.734924,3.82661,5.731573,9.631061,12.785916
2022-10-01,8.192106896425821,8.462576727730099,8.231750770777225,6.235042390298062,0.22999999999999998,0.47,0.13,0.0,-0.10000000000000009,-0.10000000000000009,0.0,-0.20000000000000018,8.514861,9.815227,10.396104,12.344004,2.648587,4.941527,7.892689,12.810807
2022-11-01,7.758813957693,8.222579178218826,8.538171195642065,6.901970403700863,0.52,0.6500000000000001,0.44,0.0,0.10000000000000009,0.10000000000000009,-0.10000000000000009,-0.40000000000000036,7.886457,9.157618,10.199436,11.999899,1.422928,3.82661,6.155794,12.309838
2022-12-01,7.122856456533988,8.192106896425821,8.979361103105798,7.174340285065539,0.6999999999999997,0.22999999999999998,0.43999999999999995,0.0,0.0,-0.10000000000000009,0.0,-0.19999999999999973,7.852723,8.514861,10.005834,11.66185,0.333716,2.648587,5.731573,12.465146
2023-01-01,6.404600402357152,7.758813957693,8.462576727730099,7.558805726967832,0.31999999999999984,0.52,0.47,0.0,-0.10000000000000009,0.10000000000000009,-0.10000000000000009,0.10000000000000009,7.819379,7.886457,9.815227,11.329698,-0.965649,1.422928,4.941527,11.719387
2023-02-01,6.327178517960097,7.122856456533988,8.222579178218826,7.937278766517819,0.23000000000000043,0.6999999999999997,0.6500000000000001,0.0,0.0,0.0,0.10000000000000009,-0.10000000000000009,7.78642,7.852723,9.157618,11.011757,-1.709923,0.333716,3.82661,10.606971
2023-03-01,5.957820738137087,6.404600402357152,8.192106896425821,8.572204966013853,0.2400000000000002,0.31999999999999984,0.22999999999999998,0.12000000000000001,0.10000000000000009,-0.10000000000000009,-0.10000000000000009,-0.19999999999999973,7.334748,7.819379,8.514861,10.700632,-2.21632,-0.965649,2.648587,9.631061
2023-04-01,4.917719362889961,6.327178517960097,7.758813957693,8.231750770777225,0.08000000000000007,0.23000000000000043,0.52,0.13,-0.10000000000000009,0.0,0.10000000000000009,0.0,6.890246,7.78642,7.886457,10.396104,-3.854557,-1.709923,1.422928,7.892689
2023-05-01,4.950079879124369,5.957820738137087,7.122856456533988,8.538171195642065,0.17999999999999972,0.2400000000000002,0.6999999999999997,0.44,-0.10000000000000009,0.10000000000000009,0.0,-0.10000000000000009,6.452744,7.334748,7.852723,10.199436,-4.630353,-2.21632,0.333716,6.155794
2023-06-01,4.131851231385042,4.917719362889961,6.404600402357152,8.979361103105798,0.22999999999999954,0.08000000000000007,0.31999999999999984,0.43999999999999995,0.20000000000000018,-0.10000000000000009,-0.10000000000000009,0.0,6.50287,6.890246,7.819379,10.005834,-4.099006,-3.854557,-0.965649,5.731573
2023-07-01,3.070617072997095,4.950079879124369,6.327178517960097,8.462576727730099,0.020000000000000462,0.17999999999999972,0.23000000000000043,0.47,0.0,-0.10000000000000009,0.0,-0.10000000000000009,6.552389,6.452744,7.78642,9.815227,-3.935524,-4.630353,-1.709923,4.941527
2023-08-01,3.287749268428297,4.131851231385042,5.957820738137087,8.222579178218826,0.040000000000000036,0.22999999999999954,0.2400000000000002,0.6500000000000001,-0.10000000000000009,0.20000000000000018,0.10000000000000009,0.10000000000000009,6.601314,6.50287,7.334748,9.157618,-3.978682,-4.099006,-2.21632,3.82661
2023-09-01,3.722504803505289,3.070617072997095,4.917719362889961,8.192106896425821,0.20999999999999996,0.020000000000000462,0.08000000000000007,0.22999999999999998,0.20000000000000018,0.0,-0.10000000000000009,-0.10000000000000009,6.459076,6.552389,6.890246,8.514861,-3.978575,-3.935524,-3.854557,2.648587
2023-10-01,3.687206638119256,3.287749268428297,4.950079879124369,7.758813957693,0.0,0.040000000000000036,0.17999999999999972,0.52,0.0,-0.10000000000000009,-0.10000000000000009,0.10000000000000009,6.318386,6.601314,6.452744,7.886457,-3.66305,-3.978682,-4.630353,1.422928
2023-11-01,3.2512659098611785,3.722504803505289,4.131851231385042,7.122856456533988,0.0,0.20999999999999996,0.22999999999999954,0.6999999999999997,0.19999999999999973,0.20000000000000018,0.20000000000000018,0.0,6.179216,6.459076,6.50287,7.852723,-3.395817,-3.978575,-4.099006,0.333716
2023-12-01,3.1333462745911866,3.687206638119256,3.070617072997095,6.404600402357152,0.0,0.0,0.020000000000000462,0.31999999999999984,-0.19999999999999973,0.0,0.0,-0.10000000000000009,5.943886,6.318386,6.552389,7.819379,-3.084548,-3.66305,-3.935524,-0.965649
2024-01-01,3.3159099427102934,3.2512659098611785,3.287749268428297,6.327178517960097,0.0,0.0,0.040000000000000036,0.23000000000000043,0.09999999999999964,0.19999999999999973,-0.10000000000000009,0.0,5.71114,6.179216,6.601314,7.78642,-2.40995,-3.395817,-3.978682,-1.709923
2024-02-01,3.0883429864855705,3.1333462745911866,3.722504803505289,5.957820738137087,0.0,0.0,0.20999999999999996,0.2400000000000002,-0.09999999999999964,-0.19999999999999973,0.20000000000000018,0.10000000000000009,5.480936,5.943886,6.459076,7.334748,-2.049822,-3.084548,-3.978575,-2.21632
2024-03-01,3.157074141648697,3.3159099427102934,3.687206638119256,4.917719362889961,0.0,0.0,0.0,0.08000000000000007,0.19999999999999973,0.09999999999999964,0.0,-0.10000000000000009,5.612806,5.71114,6.318386,6.890246,-1.491266,-2.40995,-3.66305,-3.854557
2024-04-01,3.4868349120836584,3.0883429864855705,3.2512659098611785,4.950079879124369,0.0,0.0,0.0,0.17999999999999972,0.0,-0.09999999999999964,0.19999999999999973,-0.10000000000000009,5.74367,5.480936,6.179216,6.452744,0.123166,-2.049822,-3.395817,-4.630353
2024-05-01,3.3607951262196734,3.157074141648697,3.1333462745911866,4.131851231385042,0.0,0.0,0.0,0.22999999999999954,0.0,0.19999999999999973,-0.19999999999999973,0.20000000000000018,5.873541,5.612806,5.943886,6.50287,0.950803,-1.491266,-3.084548,-4.099006
2024-06-01,3.244278584003113,3.4868349120836584,3.3159099427102934,3.070617072997095,0.0,0.0,0.0,0.020000000000000462,0.0,0.0,0.09999999999999964,0.0,5.61833,5.74367,5.71114,6.552389,0.913604,0.123166,-2.40995,-3.935524
2024-07-01,2.9702579486470926,3.3607951262196734,3.0883429864855705,3.287749268428297,0.0,0.0,0.0,0.040000000000000036,0.19999999999999973,0.0,-0.09999999999999964,-0.10000000000000009,5.366442,5.873541,5.480936,6.601314,1.289941,0.950803,-2.049822,-3.978682
2024-08-01,2.9414757935583014,3.244278584003113,3.157074141648697,3.722504803505289,0.0,0.0,0.0,0.20999999999999996,0.10000000000000053,0.0,0.19999999999999973,0.20000000000000018,5.117813,5.61833,5.612806,6.459076,1.457333,0.913604,-1.491266,-3.978575
2024-09-01,2.607144490692037,2.9702579486470926,3.4868349120836584,3.687206638119256,0.0,0.0,0.0,0.0,0.0,0.19999999999999973,0.0,0.0,5.053651,5.366442,5.74367,6.318386,1.965106,1.289941,0.123166,-3.66305
2024-10-01,2.4264830315416708,2.9414757935583014,3.3607951262196734,3.2512659098611785,-0.20000000000000018,0.0,0.0,0.0,-0.10000000000000053,0.10000000000000053,0.0,0.19999999999999973,4.990019,5.117813,5.873541,6.179216,2.510146,1.457333,0.950803,-3.395817
2024-11-01,2.578844053871343,2.607144490692037,3.244278584003113,3.1333462745911866,-0.2999999999999998,0.0,0.0,0.0,0.0,0.0,0.0,-0.19999999999999973,4.926908,5.053651,5.61833,5.943886,2.884787,1.965106,0.913604,-3.084548
2024-12-01,2.719472461284833,2.4264830315416708,2.9702579486470926,3.3159099427102934,-0.1900000000000004,-0.20000000000000018,0.0,0.0,0.10000000000000053,-0.10000000000000053,0.19999999999999973,0.09999999999999964,4.832852,4.990019,5.366442,5.71114,3.399144,2.510146,1.289941,-2.40995
2025-01-01,2.870690967509981,2.578844053871343,2.9414757935583014,3.0883429864855705,-0.15999999999999925,-0.2999999999999998,0.0,0.0,-0.10000000000000053,0.0,0.10000000000000053,-0.09999999999999964,4.739416,4.926908,5.117813,5.480936,3.405077,2.884787,1.457333,-2.049822
2025-02-01,2.9909783078999608,2.719472461284833,2.607144490692037,3.157074141648697,-0.15000000000000036,-0.1900000000000004,0.0,0.0,-0.09999999999999964,0.10000000000000053,0.0,0.19999999999999973,4.646595,4.832852,5.053651,5.612806,3.37704,3.399144,1.965106,-1.491266
2025-03-01,2.8015834477613355,2.870690967509981,2.4264830315416708,3.4868349120836584,0.0,-0.15999999999999925,-0.20000000000000018,0.0,0.20000000000000018,-0.10000000000000053,-0.10000000000000053,0.0,4.628504,4.739416,4.990019,5.74367,3.279511,3.405077,2.510146,0.123166
2025-04-01,2.381981462805549,2.9909783078999608,2.578844053871343,3.3607951262196734,0.0,-0.15000000000000036,-0.2999999999999998,0.0,0.0,-0.09999999999999964,0.0,0.0,4.610596,4.646595,4.926908,5.873541,3.434383,3.37704,2.884787,0.950803
2025-05-01,2.32538823025783,2.8015834477613355,2.719472461284833,3.244278584003113,0.0,0.0,-0.1900000000000004,0.0,0.0,0.20000000000000018,0.10000000000000053,0.0,4.592867,4.628504,4.832852,5.61833,3.896693,3.279511,3.399144,0.913604
2025-06-01,2.3772651073680873,2.381981462805549,2.870690967509981,2.9702579486470926,0.0,0.0,-0.15999999999999925,0.0,0.09999999999999964,0.0,-0.10000000000000053,0.19999999999999973,4.85587,4.610596,4.739416,5.366442,3.872045,3.434383,3.405077,1.289941
2025-07-01,2.680453865910226,2.32538823025783,2.9909783078999608,2.9414757935583014,0.0,0.0,-0.15000000000000036,0.0,-0.20000000000000018,0.0,-0.09999999999999964,0.10000000000000053,5.116697,4.592867,4.646595,5.117813,4.134291,3.896693,3.37704,1.457333
2025-08-01,2.742618052167134,2.3772651073680873,2.8015834477613355,2.607144490692037,0.0,0.0,0.0,0.0,0.20000000000000018,0.09999999999999964,0.20000000000000018,0.0,5.375376,4.85587,4.628504,5.053651,4.38742,3.872045,3.279511,1.965106
2025-09-01,2.9385917430316155,2.680453865910226,2.381981462805549,2.4264830315416708,0.0,0.0,0.0,-0.20000000000000018,0.0,-0.20000000000000018,0.0,-0.10000000000000053,5.368768,5.116697,4.610596,4.990019,4.252849,4.134291,3.434383,2.510146
2025-10-01,3.0225715847133294,2.742618052167134,2.32538823025783,2.578844053871343,-0.11000000000000032,0.0,0.0,-0.2999999999999998,0.10000000000000053,0.20000000000000018,0.0,0.0,5.362205,5.375376,4.592867,4.926908,4.237232,4.38742,3.896693,2.884787
