country,equation,regressor,coef,std_err,t_stat,p_value,ci_lo,ci_hi,signif_5pct
GERMANY,GERMANY_CPI,const,0.2054412605556719,0.09927301827221201,2.0694571811279157,0.038503205441919375,0.010866144742136374,0.40001637636920745,True
GERMANY,GERMANY_CPI,GERMANY_D_GFC_2008,-0.10106640891625034,0.05185798834756386,-1.94890723949569,0.05130650336699023,-0.2027080660774755,0.0005752482449748325,False
GERMANY,GERMANY_CPI,GERMANY_D_COVID_2020,0.30320240195707077,0.19967948199779298,1.5184454553043263,0.1289021400302484,-0.08816938275860348,0.6945741866727451,False
GERMANY,GERMANY_CPI,GERMANY_D_ENERGY_2022,-0.5329255127487775,0.22318766496887996,-2.3877910673203453,0.01694997481661378,-0.9703733360877822,-0.0954776894097728,True
GERMANY,GERMANY_CPI,GERMANY_P_GFC,-0.23677907265602097,0.19245616205179866,-1.2303013326863133,0.21858428545896724,-0.6139931502775463,0.1404350049655044,False
GERMANY,GERMANY_CPI,GERMANY_P_COVID,-0.45256063515458483,0.3268820302080259,-1.3844769468256721,0.16621246218954744,-1.0932494143623157,0.18812814405314598,False
GERMANY,GERMANY_CPI,GERMANY_GDP_x_D_COVID_2020,0.0514002956962038,0.03569633762858634,1.4399319120917722,0.14988666343928692,-0.01856452605582541,0.12136511744823301,False
GERMANY,GERMANY_CPI,GERMANY_GDP_x_D_ENERGY_2022,0.12944502244366973,0.04194409837526356,3.0861319579588256,0.0020277880859373874,0.04723458962815315,0.21165545525918633,True
GERMANY,GERMANY_CPI,L1.GERMANY_CPI,-0.22259262891575318,0.062050658569910204,-3.5872726260425782,0.0003341548977672109,-0.3442119197127772,-0.10097333811872919,True
GERMANY,GERMANY_CPI,L1.GERMANY_POLICY_RATE,0.23038908968718008,0.2394887332628334,0.9620038761252845,0.3360476568749937,-0.23900882750797336,0.6997870068823335,False
GERMANY,GERMANY_CPI,L1.GERMANY_UNEMPLOYMENT,-0.06524867047804936,0.3407063885434359,-0.19150997067297715,0.8481260696429449,-0.7330331920231837,0.602535851067085,False
GERMANY,GERMANY_CPI,L1.GERMANY_GDP,-0.00023248238622577272,0.06684412782628192,-0.003477977704039468,0.9972249808817221,-0.13124697292573834,0.13078200815328678,False
GERMANY,GERMANY_CPI,L1.GERMANY_M2,0.043724896459110665,0.08014224367933012,0.5455911196355483,0.5853470300054866,-0.11335390115237638,0.20080369407059773,False
GERMANY,GERMANY_CPI,L2.GERMANY_CPI,-0.07681798970139153,0.06278948150868424,-1.2234213096785493,0.22117060875182437,-0.19988537345841265,0.046249394055629583,False
GERMANY,GERMANY_CPI,L2.GERMANY_POLICY_RATE,-0.12911612712297008,0.24751546750932876,-0.5216487212788176,0.601914934027332,-0.6142464434412545,0.35601418919531425,False
GERMANY,GERMANY_CPI,L2.GERMANY_UNEMPLOYMENT,0.12593272947251488,0.3347128972904726,0.37624104267254205,0.706737705551474,-0.5301045492168114,0.7819700081618411,False
GERMANY,GERMANY_CPI,L2.GERMANY_GDP,-0.1357005284926554,0.10802737560459799,-1.2561679642144297,0.20905507904080622,-0.34743418467766746,0.07603312769235665,False
GERMANY,GERMANY_CPI,L2.GERMANY_M2,0.05575341087388638,0.09998003966744068,0.5576454166185227,0.5770865370069973,-0.14020746687429733,0.2517142886220701,False
GERMANY,GERMANY_CPI,L3.GERMANY_CPI,-0.18642112469685554,0.06253851800489778,-2.9809009014613324,0.0028740177990131165,-0.30899661998645517,-0.0638456294072559,True
GERMANY,GERMANY_CPI,L3.GERMANY_POLICY_RATE,-0.18912454769733053,0.2472007355901188,-0.7650646639293022,0.44423304013102616,-0.6736379894539634,0.29538889405930224,False
GERMANY,GERMANY_CPI,L3.GERMANY_UNEMPLOYMENT,-0.21354844876878287,0.3430580366460424,-0.6224849033025748,0.5336230675787945,-0.8859422005950259,0.4588453030574602,False
GERMANY,GERMANY_CPI,L3.GERMANY_GDP,0.26446381763980575,0.11725074783832473,2.255540561706872,0.02409941927330799,0.034652351876689275,0.49427528340292226,True
GERMANY,GERMANY_CPI,L3.GERMANY_M2,-0.07895186775265284,0.11913778681291556,-0.6626937587537406,0.5075267078350257,-0.31246192990596733,0.15455819440066165,False
GERMANY,GERMANY_CPI,L4.GERMANY_CPI,-0.13788550014627504,0.06206372971118654,-2.221676022177929,0.026305208119417264,-0.25953041038020064,-0.016240589912349432,True
GERMANY,GERMANY_CPI,L4.GERMANY_POLICY_RATE,-0.0525913238177114,0.24723102859131746,-0.21272137286880327,0.8315442951412253,-0.5371641398566936,0.4319814922212708,False
GERMANY,GERMANY_CPI,L4.GERMANY_UNEMPLOYMENT,0.012286639348834963,0.35533950959193283,0.034577183277324765,0.9724168957251312,-0.6841787994513533,0.7087520781490233,False
GERMANY,GERMANY_CPI,L4.GERMANY_GDP,-0.17180981256537575,0.12429006638244632,-1.3823293974009876,0.16687058353060802,-0.4154183426749705,0.07179871754421902,False
GERMANY,GERMANY_CPI,L4.GERMANY_M2,0.19788816343295543,0.1374105658106715,1.4401233432486686,0.14983250590426167,-0.07143654555596066,0.4672128724218715,False
GERMANY,GERMANY_CPI,L5.GERMANY_CPI,-0.07116507838354495,0.06358120135936214,-1.1192786053430888,0.26302130016968095,-0.19578423304789475,0.05345407628080484,False
GERMANY,GERMANY_CPI,L5.GERMANY_POLICY_RATE,0.212894704288915,0.24284157969868972,0.8766814338511062,0.38065969385279996,-0.26307479192051686,0.6888642004983468,False
GERMANY,GERMANY_CPI,L5.GERMANY_UNEMPLOYMENT,-0.06387871632333555,0.35163402700091806,-0.18166249969650627,0.8558475971222659,-0.7530814092451349,0.6253239765984638,False
GERMANY,GERMANY_CPI,L5.GERMANY_GDP,0.019035617845930997,0.1344787896780494,0.14155107947880444,0.8874346106341234,-0.24454280992304583,0.2826140456149078,False
GERMANY,GERMANY_CPI,L5.GERMANY_M2,-0.09975968586707809,0.15001302187077595,-0.6650068415594812,0.5060461171866301,-0.39378520873379896,0.19426583699964275,False
GERMANY,GERMANY_CPI,L6.GERMANY_CPI,-0.12948144109069754,0.06300197550485072,-2.055196524444354,0.039860026700249254,-0.2529653130802049,-0.005997569101190134,True
GERMANY,GERMANY_CPI,L6.GERMANY_POLICY_RATE,-0.0795571695262088,0.2408980924235852,-0.33025238483963903,0.7412092677356854,-0.5517174306764357,0.3926030916240182,False
GERMANY,GERMANY_CPI,L6.GERMANY_UNEMPLOYMENT,-0.3459476120697183,0.3530245415286896,-0.9799534348849337,0.32710910460449605,-1.03787571346595,0.3459804893265133,False
GERMANY,GERMANY_CPI,L6.GERMANY_GDP,0.09117714578949757,0.13240046749939507,0.6886467057974258,0.4910456216272193,-0.16832777050931677,0.3506820620883119,False
GERMANY,GERMANY_CPI,L6.GERMANY_M2,0.04600410420071174,0.15646431289467935,0.2940229842167168,0.7687403403610746,-0.2606659490728598,0.3526741574742833,False
GERMANY,GERMANY_CPI,L7.GERMANY_CPI,-0.11426810550282278,0.06306109954235119,-1.8120220917822958,0.06998278305791195,-0.2378678606058311,0.009331649600185551,False
GERMANY,GERMANY_CPI,L7.GERMANY_POLICY_RATE,-0.10316809930653936,0.23732346302459423,-0.43471512673758633,0.6637692171685736,-0.5683220868347441,0.36198588822166533,False
GERMANY,GERMANY_CPI,L7.GERMANY_UNEMPLOYMENT,-0.3961405406608082,0.3515659326863324,-1.1267887580400042,0.2598318047324215,-1.0852097687260198,0.2929286874044033,False
GERMANY,GERMANY_CPI,L7.GERMANY_GDP,-0.16764096131380632,0.13101430523418028,-1.279562266228547,0.2006991277584248,-0.42442899957279967,0.08914707694518706,False
GERMANY,GERMANY_CPI,L7.GERMANY_M2,0.023708563747213307,0.15669509839926848,0.1513037994768826,0.8797360722396911,-0.2834138291153529,0.3308309566097795,False
GERMANY,GERMANY_CPI,L8.GERMANY_CPI,-0.16534356401729863,0.06370514941663435,-2.5954505331420665,0.009446699996981636,-0.290205656873902,-0.040481471160695295,True
GERMANY,GERMANY_CPI,L8.GERMANY_POLICY_RATE,-0.11068522125946578,0.23571563521288544,-0.46957097758704447,0.6386615638027375,-0.5726878662767212,0.3513174237577897,False
GERMANY,GERMANY_CPI,L8.GERMANY_UNEMPLOYMENT,0.21279337451135313,0.3494710080348937,0.608901366977218,0.5425898181069229,-0.47216980123703856,0.8977565502597449,False
GERMANY,GERMANY_CPI,L8.GERMANY_GDP,0.27658250934904344,0.13035445457867448,2.121772594906713,0.0338568390473607,0.021087778374841493,0.5320772403232454,True
GERMANY,GERMANY_CPI,L8.GERMANY_M2,-0.01930236192373691,0.1493406327046392,-0.12925057015067334,0.8971593825641974,-0.31201000202482976,0.27340527817735594,False
GERMANY,GERMANY_CPI,L9.GERMANY_CPI,-0.10965327748117606,0.06355517193072738,-1.7253242206738706,0.08446905937507763,-0.23422141446540173,0.01491485950304959,False
GERMANY,GERMANY_CPI,L9.GERMANY_POLICY_RATE,-0.1527784343811421,0.2272535773757961,-0.6722817574330249,0.501404341065742,-0.5981954460377025,0.2926385772754182,False
GERMANY,GERMANY_CPI,L9.GERMANY_UNEMPLOYMENT,-0.5181986414168196,0.35127717487573057,-1.4751844938406258,0.14016294910996988,-1.2067019041732516,0.17030462133961233,False
GERMANY,GERMANY_CPI,L9.GERMANY_GDP,-0.22997376678362802,0.11763855934126566,-1.9549182519014157,0.05059271989113892,-0.4605453430925087,0.0005978095252526794,False
GERMANY,GERMANY_CPI,L9.GERMANY_M2,0.10605365310222885,0.1381436656669649,0.7677055085384931,0.4426621628029783,-0.16470793160502234,0.37681523780948006,False
GERMANY,GERMANY_CPI,L10.GERMANY_CPI,-0.0146655045177057,0.06298315451651892,-0.2328480469148191,0.8158794021155936,-0.1381124873700828,0.10878147833467139,False
GERMANY,GERMANY_CPI,L10.GERMANY_POLICY_RATE,-0.18958002013647396,0.22529698723681874,-0.8414671783302577,0.40008626479508513,-0.6311621151206387,0.25200207484769077,False
GERMANY,GERMANY_CPI,L10.GERMANY_UNEMPLOYMENT,0.42851083866247974,0.3451446664502888,1.2415397956734706,0.214406406494133,-0.24797270758008627,1.1049943849050456,False
GERMANY,GERMANY_CPI,L10.GERMANY_GDP,-0.04248144913994595,0.1102526249836023,-0.38531009258295795,0.7000076849239736,-0.2585765941078064,0.17361369582791455,False
GERMANY,GERMANY_CPI,L10.GERMANY_M2,-0.07707494296291384,0.11809383377948654,-0.6526584877143867,0.513976470383703,-0.30853885717070745,0.15438897124487977,False
GERMANY,GERMANY_CPI,L11.GERMANY_CPI,-0.003092365999241689,0.06318131688391959,-0.04894431062466084,0.9609636763838239,-0.12692774709172408,0.1207430150932407,False
GERMANY,GERMANY_CPI,L11.GERMANY_POLICY_RATE,0.03880239830151949,0.21220135277861726,0.18285650771510759,0.8549106092525718,-0.37711225314457036,0.45471704974760935,False
GERMANY,GERMANY_CPI,L11.GERMANY_UNEMPLOYMENT,-0.5608566494974438,0.34138857603762407,-1.6428688270917198,0.10041007596443127,-1.2299782585311871,0.10826495953629933,False
GERMANY,GERMANY_CPI,L11.GERMANY_GDP,0.1736499846043525,0.10141530024516414,1.712266139177878,0.08684763375977883,-0.025124003876169226,0.3724239730848742,False
GERMANY,GERMANY_CPI,L11.GERMANY_M2,0.01324299970310484,0.10131983661249036,0.13070490582958844,0.8960087513510147,-0.1853438800573763,0.21182987946358595,False
GERMANY,GERMANY_CPI,L12.GERMANY_CPI,0.45051954461709837,0.061716529223991005,7.299819842136689,2.881532969113451e-13,0.329555147338076,0.5714839418961207,True
GERMANY,GERMANY_CPI,L12.GERMANY_POLICY_RATE,-0.30420534371428654,0.20692494234388975,-1.470124095570489,0.14152814748559628,-0.7097782307083105,0.10136754327973735,False
GERMANY,GERMANY_CPI,L12.GERMANY_UNEMPLOYMENT,0.1966831752476179,0.33497946284934127,0.587149951148131,0.5571030022953027,-0.45987657193709097,0.8532429224323268,False
GERMANY,GERMANY_CPI,L12.GERMANY_GDP,-0.06914846512781063,0.05428228801632769,-1.2738679163083788,0.20271023055685589,-0.1755417496398129,0.037244819384191635,False
GERMANY,GERMANY_CPI,L12.GERMANY_M2,-0.057748348057508,0.07492829205385848,-0.7707148591615898,0.44087596245074934,-0.20460780048307062,0.08911110436805461,False
GERMANY,GERMANY_POLICY_RATE,const,-0.037464681205252495,0.029452995799868716,-1.2720159762294705,0.20336744291919506,-0.09519255297299517,0.020263190562490187,False
GERMANY,GERMANY_POLICY_RATE,GERMANY_D_GFC_2008,-0.016095908617696476,0.015385581496094933,-1.0461683636580024,0.2954833064648249,-0.04625164835004254,0.014059831114649594,False
GERMANY,GERMANY_POLICY_RATE,GERMANY_D_COVID_2020,0.07583675579937907,0.05924226992348012,1.2801122559505755,0.2005056589043247,-0.040278093250641966,0.1919516048494001,False
GERMANY,GERMANY_POLICY_RATE,GERMANY_D_ENERGY_2022,-0.16050672892287524,0.06621683790137124,-2.423956413653383,0.015352447975660048,-0.29029173120956286,-0.030721726636187607,True
GERMANY,GERMANY_POLICY_RATE,GERMANY_P_GFC,-0.2041307861081955,0.05709920612091585,-3.575019688993905,0.00035020154064634,-0.3160452301051906,-0.09221634211120042,True
GERMANY,GERMANY_POLICY_RATE,GERMANY_P_COVID,-0.057901630869466876,0.09698158905947628,-0.5970373493669744,0.5504824446967178,-0.24798554542604037,0.13218228368710663,False
GERMANY,GERMANY_POLICY_RATE,GERMANY_GDP_x_D_COVID_2020,-0.024440758802112814,0.010590632787678033,-2.307771338323532,0.02101185787044276,-0.04519839906596176,-0.00368311853826387,True
GERMANY,GERMANY_POLICY_RATE,GERMANY_GDP_x_D_ENERGY_2022,0.030097306401635205,0.012444261036653895,2.4185691953090043,0.015581681719114672,0.005706554769793572,0.05448805803347684,True
GERMANY,GERMANY_POLICY_RATE,L1.GERMANY_CPI,0.01863176085154448,0.018409612380549722,1.0120669825307926,0.31150602785588666,-0.017451079414332975,0.054714601117421935,False
GERMANY,GERMANY_POLICY_RATE,L1.GERMANY_POLICY_RATE,0.31836118145542164,0.07105314996633416,4.480606160406189,7.44313464215838e-06,0.17909700752140667,0.4576253553894366,True
GERMANY,GERMANY_POLICY_RATE,L1.GERMANY_UNEMPLOYMENT,0.0633517739237987,0.1010830939303389,0.6267296682416288,0.5308364528412431,-0.13477109017966554,0.26147463802726295,False
GERMANY,GERMANY_POLICY_RATE,L1.GERMANY_GDP,0.04130998847603311,0.01983177151635425,2.0830205935948216,0.037249346469311766,0.002439716303978781,0.08018026064808743,True
GERMANY,GERMANY_POLICY_RATE,L1.GERMANY_M2,-0.017983627985141998,0.02377714718018284,-0.7563408616207131,0.4494448550709641,-0.06458683645830036,0.02861958048801637,False
GERMANY,GERMANY_POLICY_RATE,L2.GERMANY_CPI,0.05072728637800807,0.01862881140654176,2.7230554473375848,0.0064681201117407225,0.014214816021186225,0.08723975673482992,True
GERMANY,GERMANY_POLICY_RATE,L2.GERMANY_POLICY_RATE,0.1439685859205807,0.0734345762004035,1.9605013519474719,0.04993722011808823,3.6816567789837995e-05,0.28790035527337154,True
GERMANY,GERMANY_POLICY_RATE,L2.GERMANY_UNEMPLOYMENT,-0.056566566119127554,0.09930490408809965,-0.5696251019883548,0.5689319993182174,-0.25120417813180285,0.13807104589354777,False
GERMANY,GERMANY_POLICY_RATE,L2.GERMANY_GDP,-0.04207942552955288,0.03205029821122784,-1.3129183776147095,0.18921045354408073,-0.10489801002355945,0.02073915896445369,False
GERMANY,GERMANY_POLICY_RATE,L2.GERMANY_M2,0.007388069468401676,0.02966275972713229,0.24906885051709696,0.8033075239847316,-0.05075093959677761,0.06552707853358096,False
GERMANY,GERMANY_POLICY_RATE,L3.GERMANY_CPI,0.011810898095052971,0.018554353843433572,0.6365566914761019,0.5244136426953434,-0.02455563543807683,0.048177431628182776,False
GERMANY,GERMANY_POLICY_RATE,L3.GERMANY_POLICY_RATE,0.0691702915052441,0.07334119938910158,0.9431300835192331,0.3456143698269153,-0.074578459297395,0.21291904230788322,False
GERMANY,GERMANY_POLICY_RATE,L3.GERMANY_UNEMPLOYMENT,-0.21155385977164262,0.10178079692047985,-2.078524300973269,0.03766109505645983,-0.41104422173578314,-0.012063497807502127,True
GERMANY,GERMANY_POLICY_RATE,L3.GERMANY_GDP,0.014018180276207715,0.03478675116076629,0.40297469031882194,0.6869668437456737,-0.0541638519988942,0.08220021255130963,False
GERMANY,GERMANY_POLICY_RATE,L3.GERMANY_M2,-0.022503863639556726,0.035346610747591906,-0.6366625586893043,0.5243446667143199,-0.09178322070483685,0.0467754934257234,False
GERMANY,GERMANY_POLICY_RATE,L4.GERMANY_CPI,0.005049421080116842,0.01841349041584886,0.2742240045793113,0.7839124819423026,-0.031041020134946924,0.04113986229518061,False
GERMANY,GERMANY_POLICY_RATE,L4.GERMANY_POLICY_RATE,-0.2320228816582555,0.07335018692320298,-3.163221409390292,0.0015603361283309898,-0.37578924802773334,-0.08825651528877765,True
GERMANY,GERMANY_POLICY_RATE,L4.GERMANY_UNEMPLOYMENT,0.09101123348722019,0.10542454803621241,0.8632831269616505,0.387981818894629,-0.11562088066375613,0.2976433476381965,False
GERMANY,GERMANY_POLICY_RATE,L4.GERMANY_GDP,0.005662095607183566,0.03687522417309522,0.15354742199275162,0.8779665963180376,-0.06661334377208306,0.0779375349864502,False
GERMANY,GERMANY_POLICY_RATE,L4.GERMANY_M2,-0.0036775136551748153,0.04076790338520561,-0.09020610210014772,0.9281234353243291,-0.0835826042901778,0.07622757697982818,False
GERMANY,GERMANY_POLICY_RATE,L5.GERMANY_CPI,0.03763347726134342,0.018863704248952857,1.9950205306803668,0.046040640714948185,0.0006606169333958217,0.07460633758929101,True
GERMANY,GERMANY_POLICY_RATE,L5.GERMANY_POLICY_RATE,-0.09842400850498143,0.07204789530309928,-1.3660913770058114,0.17191028447727075,-0.23963788329905603,0.042789866289093176,False
GERMANY,GERMANY_POLICY_RATE,L5.GERMANY_UNEMPLOYMENT,0.19104025177505293,0.10432518020103303,1.8311998254584492,0.06707072277477953,-0.013437101418971809,0.3955176049690777,False
GERMANY,GERMANY_POLICY_RATE,L5.GERMANY_GDP,-0.04752222154675876,0.03989808405641783,-1.1910903160051503,0.23361813112981766,-0.12572246629733771,0.03067802320382019,False
GERMANY,GERMANY_POLICY_RATE,L5.GERMANY_M2,-0.014403566602635327,0.044506885959387975,-0.32362557595645797,0.7462215223580353,-0.10163706308303576,0.07282992987776511,False
GERMANY,GERMANY_POLICY_RATE,L6.GERMANY_CPI,0.048900526714033124,0.018691855573884662,2.616140838491954,0.008892986791464863,0.012264489789219186,0.08553656363884707,True
GERMANY,GERMANY_POLICY_RATE,L6.GERMANY_POLICY_RATE,0.15033645656493788,0.07147128824967222,2.1034524526795186,0.035426237446917204,0.010252731595580322,0.29042018153429544,True
GERMANY,GERMANY_POLICY_RATE,L6.GERMANY_UNEMPLOYMENT,0.019891424754859208,0.10473772753019565,0.18991652028276587,0.8493745467524898,-0.18539452120432426,0.2251773707140427,False
GERMANY,GERMANY_POLICY_RATE,L6.GERMANY_GDP,0.05206673190725897,0.03928147326464326,1.3254780836879545,0.18501263378271127,-0.024924955691441833,0.12905841950595975,False
GERMANY,GERMANY_POLICY_RATE,L6.GERMANY_M2,0.013666257486464994,0.046420898958466336,0.2943988115932967,0.7684531749057936,-0.07731870447212902,0.10465121944505901,False
GERMANY,GERMANY_POLICY_RATE,L7.GERMANY_CPI,0.025262472270447353,0.018709396896375713,1.3502558318884703,0.17693393470610175,-0.011407945646449043,0.06193289018734375,False
GERMANY,GERMANY_POLICY_RATE,L7.GERMANY_POLICY_RATE,-0.016537796365724017,0.07041074283152167,-0.23487603880696928,0.8143049476431369,-0.1545428523155065,0.12146725958405845,False
GERMANY,GERMANY_POLICY_RATE,L7.GERMANY_UNEMPLOYMENT,-0.17879687712559272,0.10430497751558646,-1.714173967382092,0.08649678042953377,-0.38323463305614214,0.025640878804956718,False
GERMANY,GERMANY_POLICY_RATE,L7.GERMANY_GDP,-0.0010345457407976918,0.03887021719440513,-0.02661538358850749,0.9787665032770767,-0.07722017144183174,0.07515107996023637,False
GERMANY,GERMANY_POLICY_RATE,L7.GERMANY_M2,-0.002505215730314342,0.04648936997522031,-0.05388792602802894,0.9570244563227234,-0.09362438088174614,0.08861394942111746,False
GERMANY,GERMANY_POLICY_RATE,L8.GERMANY_CPI,0.020897741567059713,0.01890047800353167,1.105672648234338,0.2688682328142269,-0.01614719531986236,0.05794267845398178,False
GERMANY,GERMANY_POLICY_RATE,L8.GERMANY_POLICY_RATE,0.0283994802324654,0.0699337215158675,0.406091362176711,0.6846754722505634,-0.1086706139386349,0.1654695744035657,False
GERMANY,GERMANY_POLICY_RATE,L8.GERMANY_UNEMPLOYMENT,0.05206234624548668,0.10368344098900804,0.5021278783659008,0.6155775709671218,-0.15115719809296907,0.25528189058394246,False
GERMANY,GERMANY_POLICY_RATE,L8.GERMANY_GDP,-0.031164205533616138,0.03867444820376295,-0.8058086664720382,0.42035318020340595,-0.10696612401299152,0.044637712945759245,False
GERMANY,GERMANY_POLICY_RATE,L8.GERMANY_M2,0.024699219350852925,0.044307396957937444,0.5574513748641283,0.577219072688591,-0.06214327868670447,0.11154171738841032,False
GERMANY,GERMANY_POLICY_RATE,L9.GERMANY_CPI,0.0173029518382775,0.018855981660624268,0.9176372861249722,0.3588087905099112,-0.019654772216546067,0.05426067589310107,False
GERMANY,GERMANY_POLICY_RATE,L9.GERMANY_POLICY_RATE,-0.08473540289705019,0.06742314051136306,-1.2567703351458308,0.2088368108118024,-0.21688475829932174,0.04741395250522139,False
GERMANY,GERMANY_POLICY_RATE,L9.GERMANY_UNEMPLOYMENT,-0.011084267050976204,0.1042193068798905,-0.10635521750063523,0.9153005227431656,-0.21535410853556158,0.19318557443360918,False
GERMANY,GERMANY_POLICY_RATE,L9.GERMANY_GDP,0.022994976074827072,0.034901809721149125,0.6588476717553422,0.5099935912989138,-0.04541257097862521,0.09140252312827936,False
GERMANY,GERMANY_POLICY_RATE,L9.GERMANY_M2,-0.05007353862353122,0.04098540444807335,-1.2217407464399217,0.22180568228837794,-0.130404931341755,0.030257854094692553,False
GERMANY,GERMANY_POLICY_RATE,L10.GERMANY_CPI,0.04096287732350966,0.018686271634764714,2.192137528778112,0.02836957763936687,0.00433778491937082,0.0775879697276485,True
GERMANY,GERMANY_POLICY_RATE,L10.GERMANY_POLICY_RATE,0.017806917597725735,0.06684264601096067,0.2664005490567475,0.789930742415181,-0.11320466858375716,0.14881850377920863,False
GERMANY,GERMANY_POLICY_RATE,L10.GERMANY_UNEMPLOYMENT,-0.02465975859549377,0.1023998724752477,-0.2408182549392781,0.8096959805374275,-0.22536350864697927,0.17604399145599173,False
GERMANY,GERMANY_POLICY_RATE,L10.GERMANY_GDP,-0.0019116599395360427,0.032710500366397124,-0.058441782244940975,0.953396734207585,-0.0660242406576744,0.062200920778602314,False
GERMANY,GERMANY_POLICY_RATE,L10.GERMANY_M2,0.019126952298613664,0.03503688364506206,0.5459090623577572,0.5851284486435202,-0.04954533964570797,0.0877992442429353,False
GERMANY,GERMANY_POLICY_RATE,L11.GERMANY_CPI,0.02035016601016238,0.018745063796787427,1.085627994162924,0.27764360934616483,-0.016390159031540973,0.057090491051865734,False
GERMANY,GERMANY_POLICY_RATE,L11.GERMANY_POLICY_RATE,0.09959187552885,0.06295734390766007,1.581894491529408,0.1136736586696894,-0.02380451853016373,0.22298826958786372,False
GERMANY,GERMANY_POLICY_RATE,L11.GERMANY_UNEMPLOYMENT,0.03290439320338549,0.1012854899665504,0.32486778919914583,0.745281136221015,-0.1656151671310533,0.2314239535378243,False
GERMANY,GERMANY_POLICY_RATE,L11.GERMANY_GDP,-0.017181551972852968,0.030088582619426065,-0.5710322812534233,0.5679777608166252,-0.07615517390692805,0.04179206996122212,False
GERMANY,GERMANY_POLICY_RATE,L11.GERMANY_M2,-0.006786520315877231,0.030060259818113916,-0.2257638608894446,0.8213850862387152,-0.0657046295593805,0.052131588927626045,False
GERMANY,GERMANY_POLICY_RATE,L12.GERMANY_CPI,0.0013761803749868136,0.01831048060846049,0.07515806954575181,0.9400889456078042,-0.034512361617595744,0.03726472236756938,False
GERMANY,GERMANY_POLICY_RATE,L12.GERMANY_POLICY_RATE,-0.00243998681959778,0.06139190249087671,-0.03974444056299412,0.9682968712023415,-0.12276811570171614,0.11788814206252057,False
GERMANY,GERMANY_POLICY_RATE,L12.GERMANY_UNEMPLOYMENT,-0.03913109848681365,0.099383990575268,-0.39373643843751566,0.6937756359973222,-0.23392372001433895,0.15566152304071165,False
GERMANY,GERMANY_POLICY_RATE,L12.GERMANY_GDP,0.009020367375649457,0.016104839248145278,0.5601029129606676,0.5754092436572205,-0.02254511755071529,0.040585852302014204,False
GERMANY,GERMANY_POLICY_RATE,L12.GERMANY_M2,0.012370775759921043,0.02223023646870787,0.5564842181204244,0.5778798802284826,-0.03120048771874638,0.05594203923858847,False
GERMANY,GERMANY_UNEMPLOYMENT,const,0.0014971290658195803,0.019998011978850073,0.07486389484129453,0.9403230036536451,-0.037698974412726564,0.04069323254436572,False
GERMANY,GERMANY_UNEMPLOYMENT,GERMANY_D_GFC_2008,0.011044874164113786,0.010446510947516311,1.0572787622205804,0.2903843829395789,-0.009430287293018183,0.03152003562124576,False
GERMANY,GERMANY_UNEMPLOYMENT,GERMANY_D_COVID_2020,0.02919320840830922,0.04022435040680329,0.7257595986776126,0.4679861584118453,-0.04964651838902523,0.10803293520564367,False
GERMANY,GERMANY_UNEMPLOYMENT,GERMANY_D_ENERGY_2022,-0.0420176481064567,0.04495994657219549,-0.9345573406984787,0.3500164722792707,-0.13013914338795987,0.04610384717504646,False
GERMANY,GERMANY_UNEMPLOYMENT,GERMANY_P_GFC,0.003630309547130041,0.03876925171713753,0.09363888613628572,0.9253960186383359,-0.0723574238184595,0.0796180429127196,False
GERMANY,GERMANY_UNEMPLOYMENT,GERMANY_P_COVID,-0.0918211926205988,0.06584861495644416,-1.3944286099462275,0.1631882135994549,-0.22088447793522936,0.03724209269403174,False
GERMANY,GERMANY_UNEMPLOYMENT,GERMANY_GDP_x_D_COVID_2020,-0.0018016119968194758,0.0071908339236761674,-0.25054284606512484,0.8021675746080676,-0.015895646487224763,0.012292422493585812,False
GERMANY,GERMANY_UNEMPLOYMENT,GERMANY_GDP_x_D_ENERGY_2022,0.009055560868142638,0.008449411495181454,1.071738649881931,0.28383743575244125,-0.00750528566241301,0.025616407398698287,False
GERMANY,GERMANY_UNEMPLOYMENT,L1.GERMANY_CPI,-0.018263155191691596,0.012499769171659644,-1.4610793960178965,0.14399365388699775,-0.0427627027681445,0.0062363923847613065,False
GERMANY,GERMANY_UNEMPLOYMENT,L1.GERMANY_POLICY_RATE,0.006168133849560449,0.04824370851158424,0.12785364226465637,0.8982647979772365,-0.08838953483314466,0.10072580253226557,False
GERMANY,GERMANY_UNEMPLOYMENT,L1.GERMANY_UNEMPLOYMENT,0.12826150042067402,0.06863345708578666,1.8687897399712328,0.061652072865525,-0.006260075467467846,0.2627830763088159,False
GERMANY,GERMANY_UNEMPLOYMENT,L1.GERMANY_GDP,-0.02673072747931146,0.013465387597265666,-1.9851435605715135,0.04712850151828494,-0.05312288716995217,-0.0003385677886707551,True
GERMANY,GERMANY_UNEMPLOYMENT,L1.GERMANY_M2,0.004614536128046878,0.0161442210280795,0.2858320708085485,0.7750067434510194,-0.02702813708698894,0.0362572093430827,False
GERMANY,GERMANY_UNEMPLOYMENT,L2.GERMANY_CPI,0.011927774871140847,0.012648601052033612,0.9430113909097582,0.3456750765515726,-0.012863483190845031,0.03671903293312673,False
GERMANY,GERMANY_UNEMPLOYMENT,L2.GERMANY_POLICY_RATE,-0.10632765069963128,0.04986065066168901,-2.1324962528282714,0.032966072209109507,-0.20405452599654172,-0.00860077540272082,True
GERMANY,GERMANY_UNEMPLOYMENT,L2.GERMANY_UNEMPLOYMENT,0.26937472576825316,0.0674261007269497,3.995110541229713,6.466407477242559e-05,0.13721956834343177,0.4015298831930746,True
GERMANY,GERMANY_UNEMPLOYMENT,L2.GERMANY_GDP,0.028316199902966334,0.02176152985961137,1.3012044688788265,0.193188476026266,-0.01433639862187195,0.07096879842780462,False
GERMANY,GERMANY_UNEMPLOYMENT,L2.GERMANY_M2,-0.0037329510103945914,0.02014043761047856,-0.18534607254275504,0.8529576033337176,-0.043208208726932575,0.03574230670614339,False
GERMANY,GERMANY_UNEMPLOYMENT,L3.GERMANY_CPI,-0.005426765361872865,0.012598045813134616,-0.4307624723998833,0.6666410889947358,-0.03011893515561671,0.01926540443187098,False
GERMANY,GERMANY_UNEMPLOYMENT,L3.GERMANY_POLICY_RATE,0.060423391825889065,0.049797249620801655,1.2133881346059037,0.22498146063505597,-0.03717921743088217,0.1580260010826603,False
GERMANY,GERMANY_UNEMPLOYMENT,L3.GERMANY_UNEMPLOYMENT,0.20566440302947717,0.06910718386215012,2.976020603584734,0.002920152424754815,0.07021432265966293,0.3411144833992914,True
GERMANY,GERMANY_UNEMPLOYMENT,L3.GERMANY_GDP,-0.01210227715642969,0.02361952825258549,-0.5123843722452385,0.60838202615879,-0.05839655253149725,0.03419199821863787,False
GERMANY,GERMANY_UNEMPLOYMENT,L3.GERMANY_M2,-0.007246202787623723,0.023999662035915695,-0.3019293678710859,0.7627059075677416,-0.054285540378018485,0.03979313480277104,False
GERMANY,GERMANY_UNEMPLOYMENT,L4.GERMANY_CPI,-0.011832580070405415,0.012502402282291021,-0.9464245193234284,0.3439321042382848,-0.03633728854369581,0.012672128402884985,False
GERMANY,GERMANY_UNEMPLOYMENT,L4.GERMANY_POLICY_RATE,0.07303128528342129,0.04980335198185998,1.4663929711000514,0.14254126012426624,-0.02458328460102427,0.17064585516786684,False
GERMANY,GERMANY_UNEMPLOYMENT,L4.GERMANY_UNEMPLOYMENT,0.0719954538353825,0.07158122008432256,1.0057869054281552,0.31451808760141853,-0.06830373752988972,0.21229464520065472,False
GERMANY,GERMANY_UNEMPLOYMENT,L4.GERMANY_GDP,-0.024626140493835602,0.025037560856190626,-0.9835678736951208,0.32532802759854174,-0.07369975977196923,0.024447478784298024,False
GERMANY,GERMANY_UNEMPLOYMENT,L4.GERMANY_M2,-0.009618017610244844,0.027680614419996568,-0.3474640217269439,0.7282427432254304,-0.06387202187343811,0.044635986652948434,False
GERMANY,GERMANY_UNEMPLOYMENT,L5.GERMANY_CPI,-0.004711600000285299,0.012808088728879856,-0.36786128672434304,0.7129766679288644,-0.029815453908889816,0.020392253908319218,False
GERMANY,GERMANY_UNEMPLOYMENT,L5.GERMANY_POLICY_RATE,-0.06664955308387521,0.04891912127080593,-1.3624437919666903,0.173057871410919,-0.16253103077465483,0.029231924606904408,False
GERMANY,GERMANY_UNEMPLOYMENT,L5.GERMANY_UNEMPLOYMENT,-0.04113887288746196,0.07083477068112883,-0.5807723028094988,0.5613939244403141,-0.17997502342247446,0.09769727764755054,False
GERMANY,GERMANY_UNEMPLOYMENT,L5.GERMANY_GDP,0.05466215816423277,0.02709002399331369,2.0177965947067595,0.04361244969472212,0.001565711137337937,0.1077586051911276,True
GERMANY,GERMANY_UNEMPLOYMENT,L5.GERMANY_M2,-0.00013611837663215706,0.030219310952440435,-0.0045043507724706906,0.996406060215222,-0.05936596784341541,0.05909373109015109,False
GERMANY,GERMANY_UNEMPLOYMENT,L6.GERMANY_CPI,-0.0027613689695885884,0.01269140681693056,-0.21757784691803225,0.8277580465808417,-0.027636526330772487,0.022113788391595307,False
GERMANY,GERMANY_UNEMPLOYMENT,L6.GERMANY_POLICY_RATE,-0.020572607158855463,0.048527616282998357,-0.4239360746442242,0.6716124342519464,-0.11568673507353223,0.07454152075582131,False
GERMANY,GERMANY_UNEMPLOYMENT,L6.GERMANY_UNEMPLOYMENT,-0.02982768297080106,0.07111488230327062,-0.419429548425608,0.6749022329332282,-0.1692128522852115,0.10955748634360936,False
GERMANY,GERMANY_UNEMPLOYMENT,L6.GERMANY_GDP,-0.040256182620047355,0.02667135724430166,-1.5093413601457457,0.13121157019825067,-0.09253204281887861,0.012019677578783895,False
GERMANY,GERMANY_UNEMPLOYMENT,L6.GERMANY_M2,0.006349784882602548,0.03151888859619966,0.20145966959533476,0.8403391618830031,-0.05542723676594878,0.06812680653115388,False
GERMANY,GERMANY_UNEMPLOYMENT,L7.GERMANY_CPI,0.0005553353988764498,0.012703317034135101,0.04371577890909967,0.9651309614901775,-0.02434316598802835,0.02545383678578125,False
GERMANY,GERMANY_UNEMPLOYMENT,L7.GERMANY_POLICY_RATE,0.037391765655088484,0.04780752654678268,0.7821313578835392,0.4341373796613285,-0.05631098637660557,0.13109451768678254,False
GERMANY,GERMANY_UNEMPLOYMENT,L7.GERMANY_UNEMPLOYMENT,0.06599805528970815,0.07082105345017851,0.9318988079743368,0.3513888237261418,-0.07281120947264175,0.20480732005205804,False
GERMANY,GERMANY_UNEMPLOYMENT,L7.GERMANY_GDP,0.008141572502033081,0.026392122361884922,0.30848494828862305,0.7577133516933903,-0.043586987327261364,0.05987013233132753,False
GERMANY,GERMANY_UNEMPLOYMENT,L7.GERMANY_M2,-0.02798566684018701,0.03156537908642192,-0.8865937191365856,0.3752976766227273,-0.08985380984957397,0.03388247616919996,False
GERMANY,GERMANY_UNEMPLOYMENT,L8.GERMANY_CPI,0.001450753163206836,0.01283305739385273,0.11304813176490378,0.9099923961328369,-0.023702039328744515,0.026603545655158187,False
GERMANY,GERMANY_UNEMPLOYMENT,L8.GERMANY_POLICY_RATE,0.003082061433870924,0.047483638340318414,0.06490786177296659,0.9482473610067081,-0.08998586971315317,0.09614999258089502,False
GERMANY,GERMANY_UNEMPLOYMENT,L8.GERMANY_UNEMPLOYMENT,0.026535089620235444,0.07039904222292456,0.37692401462238395,0.7062300743411973,-0.1114470331366967,0.1645172123771676,False
GERMANY,GERMANY_UNEMPLOYMENT,L8.GERMANY_GDP,0.042229985923105506,0.026259199020349424,1.608197793481043,0.1077918662883621,-0.009238044156779361,0.09369801600299038,False
GERMANY,GERMANY_UNEMPLOYMENT,L8.GERMANY_M2,0.03743539761267437,0.030083861795832934,1.2443680890017828,0.2133641218852762,-0.021528971507158177,0.09639976673250691,False
GERMANY,GERMANY_UNEMPLOYMENT,L9.GERMANY_CPI,-0.005398102901884166,0.012802845241427776,-0.42163306671995426,0.6732928666346192,-0.030491679575082607,0.019695473771314274,False
GERMANY,GERMANY_UNEMPLOYMENT,L9.GERMANY_POLICY_RATE,0.04365059175735713,0.04577900261011616,0.9535068321412338,0.3403333362030728,-0.046076253358470536,0.1333774368731848,False
GERMANY,GERMANY_UNEMPLOYMENT,L9.GERMANY_UNEMPLOYMENT,0.04740060803029032,0.07076288475282343,0.6698512673114142,0.5029526081776563,-0.09129464608524358,0.18609586214582424,False
GERMANY,GERMANY_UNEMPLOYMENT,L9.GERMANY_GDP,-0.04604613200237106,0.02369765077989782,-1.943067371109669,0.05200801876555763,-0.09249352753097079,0.0004012635262286707,False
GERMANY,GERMANY_UNEMPLOYMENT,L9.GERMANY_M2,-0.018426636246919967,0.027828293416394652,-0.6621547347946306,0.5078720603645956,-0.07297009134305349,0.03611681884921355,False
GERMANY,GERMANY_UNEMPLOYMENT,L10.GERMANY_CPI,-0.011094418778979837,0.012687615430744629,-0.874428992550944,0.38188467417778693,-0.03596214502323931,0.013773307465279633,False
GERMANY,GERMANY_UNEMPLOYMENT,L10.GERMANY_POLICY_RATE,-0.016613284702061956,0.045384858121331924,-0.3660534678250615,0.714325178579599,-0.10556760661987252,0.07234103721574861,False
GERMANY,GERMANY_UNEMPLOYMENT,L10.GERMANY_UNEMPLOYMENT,-0.1268773131326408,0.06952752413735283,-1.8248501540482367,0.068023644956056,-0.26315126044185233,0.009396634176570745,False
GERMANY,GERMANY_UNEMPLOYMENT,L10.GERMANY_GDP,0.012818666431969078,0.022209794297539852,0.5771627715340427,0.5638295034272193,-0.030712530391209032,0.05634986325514719,False
GERMANY,GERMANY_UNEMPLOYMENT,L10.GERMANY_M2,0.04080579832301367,0.023789363350218192,1.7152959380327177,0.0862909829249751,-0.005821353843413986,0.08743295048944133,False
GERMANY,GERMANY_UNEMPLOYMENT,L11.GERMANY_CPI,-0.012553830852451516,0.012727534166630843,-0.9863521628066225,0.32396033087194576,-0.03749979781904797,0.012392136114144936,False
GERMANY,GERMANY_UNEMPLOYMENT,L11.GERMANY_POLICY_RATE,-0.013528693704229402,0.04274681347109627,-0.31648426176554606,0.7516349690382802,-0.0973124481075781,0.07025506069911928,False
GERMANY,GERMANY_UNEMPLOYMENT,L11.GERMANY_UNEMPLOYMENT,0.14171998447743067,0.06877088006252328,2.060755720278488,0.03932635081623701,0.006929059554885042,0.2765109093999763,True
GERMANY,GERMANY_UNEMPLOYMENT,L11.GERMANY_GDP,0.004428512264812577,0.020429563082088396,0.21676979811160385,0.8283877499384346,-0.03561343137608068,0.044470455905705836,False
GERMANY,GERMANY_UNEMPLOYMENT,L11.GERMANY_M2,-0.03706873249867266,0.020410332450210962,-1.816174851100454,0.06934355457755292,-0.07707298410108615,0.002935519103740826,False
GERMANY,GERMANY_UNEMPLOYMENT,L12.GERMANY_CPI,0.013068877261008895,0.012432460624196574,1.0511899177523796,0.29317137282382877,-0.01129874556241639,0.03743650008443418,False
GERMANY,GERMANY_UNEMPLOYMENT,L12.GERMANY_POLICY_RATE,1.1564105969554678e-05,0.04168390916018195,0.0002774237398204761,0.9997786478840364,-0.08168889784798707,0.08171202605992618,False
GERMANY,GERMANY_UNEMPLOYMENT,L12.GERMANY_UNEMPLOYMENT,0.09902025221381773,0.06747979891536166,1.4674058578333427,0.14226568192440306,-0.03324015366029111,0.23128065808792658,False
GERMANY,GERMANY_UNEMPLOYMENT,L12.GERMANY_GDP,-0.0033986543260329655,0.010934872988482199,-0.3108087610722867,0.7559460089660193,-0.024831005383458074,0.018033696731392143,False
GERMANY,GERMANY_UNEMPLOYMENT,L12.GERMANY_M2,0.011600356679954973,0.015093898706082432,0.7685460798329291,0.44216282551734654,-0.017983684783966593,0.04118439814387654,False
GERMANY,GERMANY_GDP,const,0.6466485223247521,0.12393140502371922,5.2177938449175985,1.8106683049650018e-07,0.40374296847826247,0.8895540761712417,True
GERMANY,GERMANY_GDP,GERMANY_D_GFC_2008,0.05263769279191541,0.06473897408855367,0.813075794496134,0.41617460346627044,-0.07425069642164978,0.1795260820054806,False
GERMANY,GERMANY_GDP,GERMANY_D_COVID_2020,0.15764190487649662,0.24927779158017058,0.632394502042101,0.5271291256372934,-0.3309425666206377,0.6462263763736309,False
GERMANY,GERMANY_GDP,GERMANY_D_ENERGY_2022,-0.43599944243236444,0.27862516306003005,-1.5648243598817668,0.11762409828842571,-0.9821047620300233,0.11010587716529441,False
GERMANY,GERMANY_GDP,GERMANY_P_GFC,-0.8435379074701654,0.24026027397646224,-3.5109337615789324,0.00044653564846065536,-1.3144480444640314,-0.37262777047629947,True
GERMANY,GERMANY_GDP,GERMANY_P_COVID,-0.7720647521262491,0.40807613171993273,-1.891962533736538,0.05849597288674097,-1.5718939702973174,0.02776446604481897,False
GERMANY,GERMANY_GDP,GERMANY_GDP_x_D_COVID_2020,0.08643870252240482,0.04456293717575097,1.9396994004569483,0.05241623249851522,-0.0009046543420670877,0.17378205938687674,False
GERMANY,GERMANY_GDP,GERMANY_GDP_x_D_ENERGY_2022,0.15741754794824864,0.05236257680657789,3.006298726087016,0.002644490608762404,0.05478689740735598,0.2600481984891413,True
GERMANY,GERMANY_GDP,L1.GERMANY_CPI,-0.06274853596413543,0.07746339773945009,-0.8100411006394475,0.4179165540455656,-0.2145767955334576,0.08907972360518673,False
GERMANY,GERMANY_GDP,L1.GERMANY_POLICY_RATE,0.3091425679363408,0.29897524742552917,1.0340072316968119,0.3011327824731672,-0.27684891701769637,0.895134052890378,False
GERMANY,GERMANY_GDP,L1.GERMANY_UNEMPLOYMENT,-0.33670126846486326,0.4253343170947426,-0.7916155714044195,0.4285848646678295,-1.1703565299705587,0.4969539930408322,False
GERMANY,GERMANY_GDP,L1.GERMANY_GDP,1.5315996200701656,0.083447514977139,18.354047097624868,3.0641533804680047e-75,1.368042490714973,1.695156749425358,True
GERMANY,GERMANY_GDP,L1.GERMANY_M2,-0.08780819946595686,0.10004874470219283,-0.8776541847409337,0.3801314146262673,-0.2839037390822548,0.10828734015034108,False
GERMANY,GERMANY_GDP,L2.GERMANY_CPI,-0.09920130246153847,0.07838573662326391,-1.2655529785771862,0.20567316968549731,-0.2528373462431357,0.054434741320058794,False
GERMANY,GERMANY_GDP,L2.GERMANY_POLICY_RATE,0.4918331913755643,0.3089957390982259,1.5917151246516594,0.1114487283663752,-0.11379845725695853,1.097464840008087,False
GERMANY,GERMANY_GDP,L2.GERMANY_UNEMPLOYMENT,-0.786953126053858,0.41785210485918467,-1.8833293332794379,0.05965575054295419,-1.60594325157786,0.032036999470143934,False
GERMANY,GERMANY_GDP,L2.GERMANY_GDP,-0.7161290477586664,0.13486025380020478,-5.310156458845245,1.0953116424213369e-07,-0.9804551452070678,-0.451802950310265,True
GERMANY,GERMANY_GDP,L2.GERMANY_M2,0.4741279604846155,0.12481404319084187,3.798674799434782,0.00014547181563663317,0.22949243583056542,0.7187634851386655,True
GERMANY,GERMANY_GDP,L3.GERMANY_CPI,-0.04771952398610477,0.07807243639148644,-0.611221145281287,0.5410531864871544,-0.20074149931341817,0.10530245134120864,False
GERMANY,GERMANY_GDP,L3.GERMANY_POLICY_RATE,-0.004040670805345717,0.3086028310388925,-0.013093434015958461,0.9895532496466514,-0.6089022196415751,0.6008208780308836,False
GERMANY,GERMANY_GDP,L3.GERMANY_UNEMPLOYMENT,-0.44997990098079826,0.4282700901632942,-1.0506918678566284,0.29340013216353245,-1.2893892777008549,0.3894294757392584,False
GERMANY,GERMANY_GDP,L3.GERMANY_GDP,-0.4858512480099177,0.14637461590862952,-3.319231582566184,0.0009026553715448018,-0.7727454951908315,-0.19895700082900386,True
GERMANY,GERMANY_GDP,L3.GERMANY_M2,-0.4366179683143325,0.14873037576690534,-2.9356341370280217,0.0033286666169417656,-0.728129504817467,-0.14510643181119803,True
GERMANY,GERMANY_GDP,L4.GERMANY_CPI,-0.2434761998429572,0.0774797156164708,-3.1424508712471133,0.0016753982659762272,-0.39533644245124,-0.09161595723467444,True
GERMANY,GERMANY_GDP,L4.GERMANY_POLICY_RATE,-0.08848987306448733,0.30864064850698486,-0.2867084212418142,0.7743355889669963,-0.6934255441381776,0.516445798009203,False
GERMANY,GERMANY_GDP,L4.GERMANY_UNEMPLOYMENT,-0.06926695920904273,0.4436021534412679,-0.15614658015453828,0.8759174829741344,-0.9387271799539277,0.8001932615358424,False
GERMANY,GERMANY_GDP,L4.GERMANY_GDP,0.9642966419966132,0.1551624280731631,6.214756071888243,5.140444076129678e-10,0.6601782829732136,1.268415001020013,True
GERMANY,GERMANY_GDP,L4.GERMANY_M2,0.480361825801208,0.17154192329808063,2.80025906533941,0.0051061609097244305,0.14413965613697,0.816583995465446,True
GERMANY,GERMANY_GDP,L5.GERMANY_CPI,-0.07910020583929914,0.07937411146254433,-0.9965491818654947,0.3189833832082377,-0.23467346430588604,0.07647305262728776,False
GERMANY,GERMANY_GDP,L5.GERMANY_POLICY_RATE,0.07720924034190738,0.3031609060954918,0.25468072825190546,0.7989697021564485,-0.5169861356052565,0.6714046162890712,False
GERMANY,GERMANY_GDP,L5.GERMANY_UNEMPLOYMENT,0.020592797824901032,0.43897626745746343,0.04691095931944991,0.9625841934378666,-0.8398006863917273,0.8809862820415293,False
GERMANY,GERMANY_GDP,L5.GERMANY_GDP,-0.540475321553956,0.16788192442170355,-3.2193776871197457,0.0012846915405031955,-0.869523893420495,-0.21142674968741698,True
GERMANY,GERMANY_GDP,L5.GERMANY_M2,-0.47919731709081215,0.18727469856230988,-2.5587936906029727,0.010503605590545521,-0.8462557262729395,-0.1121389079086848,True
GERMANY,GERMANY_GDP,L6.GERMANY_CPI,-0.10889067408837305,0.07865101192124875,-1.3844789968805806,0.16621183487952218,-0.26304665745402056,0.045265309277274485,False
GERMANY,GERMANY_GDP,L6.GERMANY_POLICY_RATE,0.3529200241796914,0.3007346767650913,1.1735262058101898,0.24058485426563592,-0.23651994227988754,0.9423599906392703,False
GERMANY,GERMANY_GDP,L6.GERMANY_UNEMPLOYMENT,0.1338342224569199,0.4407121713529217,0.30367716427270086,0.7613738571558442,-0.7299616333948066,0.9976300783086464,False
GERMANY,GERMANY_GDP,L6.GERMANY_GDP,-0.19425484399331028,0.16528736859802226,-1.1752552275530306,0.23989262100693687,-0.5182180864454339,0.12970839845881332,False
GERMANY,GERMANY_GDP,L6.GERMANY_M2,0.33605607293386375,0.19532842327748812,1.7204668286112905,0.08534761836009974,-0.04678763669001296,0.7188997825577405,False
GERMANY,GERMANY_GDP,L7.GERMANY_CPI,-0.23989210140873335,0.07872482175563916,-3.047223176361775,0.0023096615602305162,-0.3941927520497861,-0.0855914507676806,True
GERMANY,GERMANY_GDP,L7.GERMANY_POLICY_RATE,-0.23832309219696277,0.29627214654725015,-0.8044059995999471,0.4211625373787167,-0.8190164994295731,0.3423703150356475,False
GERMANY,GERMANY_GDP,L7.GERMANY_UNEMPLOYMENT,-0.6828104362647477,0.4388912592223196,-1.5557622119762273,0.11976464689517317,-1.5430373043404941,0.17741643181099864,False
GERMANY,GERMANY_GDP,L7.GERMANY_GDP,0.5104687894790303,0.16355689802194007,3.1210471441599137,0.0018020918174295286,0.18989726935602774,0.8310403096020329,True
GERMANY,GERMANY_GDP,L7.GERMANY_M2,-0.3716200230179195,0.19561653350462369,-1.8997372888684572,0.057467604247301796,-0.755028428686982,0.011788382651142904,False
GERMANY,GERMANY_GDP,L8.GERMANY_CPI,-0.1845516125693365,0.07952884692999616,-2.3205619054402327,0.020310500194908404,-0.340428152552129,-0.02867507258654403,True
GERMANY,GERMANY_GDP,L8.GERMANY_POLICY_RATE,0.289253583492999,0.2942649510050042,0.982969879712518,0.32562226310712605,-0.2875057204768092,0.8660128874628072,False
GERMANY,GERMANY_GDP,L8.GERMANY_UNEMPLOYMENT,-0.06285575083856138,0.43627597704403714,-0.14407337131977083,0.8854425319255179,-0.9179566658448741,0.7922451641677515,False
GERMANY,GERMANY_GDP,L8.GERMANY_GDP,-0.27035546213066397,0.1627331473164017,-1.6613423054186522,0.09664471798622759,-0.5893124308708113,0.04860150660948337,False
GERMANY,GERMANY_GDP,L8.GERMANY_M2,0.32174382785332073,0.18643529491031693,1.7257667224872457,0.08438938885440755,-0.043669350170900456,0.6871570058775419,False
GERMANY,GERMANY_GDP,L9.GERMANY_CPI,-0.13736496936249792,0.07934161659416201,-1.7313104428553487,0.0833964098920201,-0.2928745378870555,0.018144599162059627,False
GERMANY,GERMANY_GDP,L9.GERMANY_POLICY_RATE,0.1317800582933574,0.2837010058828078,0.4645033170865583,0.6422871835322994,-0.42427391323694585,0.6878340298236606,False
GERMANY,GERMANY_GDP,L9.GERMANY_UNEMPLOYMENT,-0.37469319430584386,0.43853077697042175,-0.8544285007643063,0.3928676098736056,-1.2342135171678705,0.48482712855618276,False
GERMANY,GERMANY_GDP,L9.GERMANY_GDP,0.18340043882811424,0.1468587557613339,1.2488219573790051,0.2117302010511377,-0.10444272246410019,0.4712436001203287,False
GERMANY,GERMANY_GDP,L9.GERMANY_M2,-0.12271337969406218,0.172457117545162,-0.7115588004764534,0.47673802705032986,-0.46072933008257966,0.21530257069445533,False
GERMANY,GERMANY_GDP,L10.GERMANY_CPI,-0.16480314364005666,0.07862751599487831,-2.095998348094727,0.03608233748306061,-0.31891307499001814,-0.010693212290095178,True
GERMANY,GERMANY_GDP,L10.GERMANY_POLICY_RATE,-0.1224462624429882,0.2812584190732266,-0.43535145666558306,0.663307340070236,-0.6737127638265122,0.4288202389405359,False
GERMANY,GERMANY_GDP,L10.GERMANY_UNEMPLOYMENT,0.2733074494860958,0.4308750171404868,0.6343079515259616,0.5258798682389747,-0.5712075841092583,1.11782248308145,False
GERMANY,GERMANY_GDP,L10.GERMANY_GDP,-0.1376024842921314,0.13763823201490924,-0.9997402776666445,0.3174362145875679,-0.4073734190413535,0.1321684504570907,False
GERMANY,GERMANY_GDP,L10.GERMANY_M2,0.12415519628565702,0.14742711564181407,0.8421462750943454,0.399706081692227,-0.16480195037229856,0.4131123429436126,False
GERMANY,GERMANY_GDP,L11.GERMANY_CPI,-0.103994489081086,0.07887489983635124,-1.3184738021455824,0.18734508931642024,-0.2585892927603344,0.050600314598162416,False
GERMANY,GERMANY_GDP,L11.GERMANY_POLICY_RATE,-0.050019987380166,0.2649099650186546,-0.18881882143106116,0.850234819817383,-0.569243518816729,0.46920354405639697,False
GERMANY,GERMANY_GDP,L11.GERMANY_UNEMPLOYMENT,0.040238845702344476,0.42618595287771566,0.09441617075983284,0.9247785707778268,-0.7950856219379782,0.8755633133426671,False
GERMANY,GERMANY_GDP,L11.GERMANY_GDP,-0.07357514547941466,0.12660580759035558,-0.5811356278179088,0.5611490482682906,-0.3217225283565116,0.1745722373976823,False
GERMANY,GERMANY_GDP,L11.GERMANY_M2,-0.05747558601398717,0.12648663178275105,-0.4544004785636572,0.6495406079826531,-0.3053893843081792,0.19043821228020488,False
GERMANY,GERMANY_GDP,L12.GERMANY_CPI,-0.10205499264239104,0.07704627413406241,-1.3245934834540194,0.18530601844483563,-0.2530656899451533,0.048955704660371274,False
GERMANY,GERMANY_GDP,L12.GERMANY_POLICY_RATE,-0.19316167547658414,0.25832294902943054,-0.7477526723906259,0.4546093538518585,-0.699474655574268,0.31315130462109975,False
GERMANY,GERMANY_GDP,L12.GERMANY_UNEMPLOYMENT,-0.23322582566247368,0.4181848825344936,-0.5577098441458755,0.5770425344624586,-1.0528681954300811,0.5864165441051337,False
GERMANY,GERMANY_GDP,L12.GERMANY_GDP,0.037709409693333085,0.06776544461778243,0.5564695975364072,0.577889872438317,-0.09511086175752048,0.17052968114418665,False
GERMANY,GERMANY_GDP,L12.GERMANY_M2,0.02190613098849417,0.09353970164178575,0.2341907297543521,0.8148369115181422,-0.1614316842294059,0.20524394620639425,False
GERMANY,GERMANY_M2,const,-0.10322580317605967,0.0788792386884882,-1.3086561799071301,0.19065084146512778,-0.25782911100549655,0.051377504653377204,False
GERMANY,GERMANY_M2,GERMANY_D_GFC_2008,-0.047149728989236986,0.04120473731901558,-1.1442793245881913,0.2525078149021107,-0.12791101413450753,0.03361155615603356,False
GERMANY,GERMANY_M2,GERMANY_D_COVID_2020,0.5203246831943796,0.15865907772148813,3.279514104498724,0.001039860121115455,0.20935289086026293,0.8312964755284964,True
GERMANY,GERMANY_M2,GERMANY_D_ENERGY_2022,-0.20662660866898253,0.1773379454338046,-1.1651573393586574,0.24395531035819107,-0.5542089817192395,0.1409557643812745,False
GERMANY,GERMANY_M2,GERMANY_P_GFC,-0.0555554822383789,0.15291965337376595,-0.363298510117534,0.7163819061795637,-0.3552780028509602,0.24416703837420234,False
GERMANY,GERMANY_M2,GERMANY_P_COVID,-0.29201275659982584,0.2597302482841289,-1.1242924477567275,0.26088898120310844,-0.8010840432367184,0.21705853003706677,False
GERMANY,GERMANY_M2,GERMANY_GDP_x_D_COVID_2020,-0.07594413910532753,0.02836319460328407,-2.677559427545381,0.0074160695349965895,-0.13153600052776432,-0.02035227768289076,True
GERMANY,GERMANY_M2,GERMANY_GDP_x_D_ENERGY_2022,-0.010430693525296235,0.033327470091054426,-0.3129758573572611,0.7542990044084475,-0.07575253490376291,0.054891147853170445,False
GERMANY,GERMANY_M2,L1.GERMANY_CPI,-0.03231962104515189,0.049303514623609254,-0.6555236739588431,0.5121306492535564,-0.12895450970742603,0.06431526761712225,False
GERMANY,GERMANY_M2,L1.GERMANY_POLICY_RATE,0.05330634396447473,0.19029026499872728,0.28013174486267733,0.7793764304363912,-0.3196625754330308,0.4262752633619802,False
GERMANY,GERMANY_M2,L1.GERMANY_UNEMPLOYMENT,0.07926114578870802,0.27071465149693247,0.2927848394995575,0.7696866170445857,-0.45133957114527956,0.6098618627226956,False
GERMANY,GERMANY_M2,L1.GERMANY_GDP,-0.0645107073324108,0.05311225553025208,-1.2146105769442666,0.2245146528806099,-0.16861072817170486,0.039589313506883286,False
GERMANY,GERMANY_M2,L1.GERMANY_M2,0.756092891910068,0.06367852290819655,11.873593440603276,1.6234160896872447e-32,0.6312829870100027,0.8809027968101333,True
GERMANY,GERMANY_M2,L2.GERMANY_CPI,-0.06771285948587907,0.04989056024738879,-1.3572278833934939,0.17470881360810464,-0.1654983575707611,0.030072638599002957,False
GERMANY,GERMANY_M2,L2.GERMANY_POLICY_RATE,-0.025045850903831237,0.19666805724820097,-0.12735088379005352,0.898662688680731,-0.41051524311030513,0.3604235413026427,False
GERMANY,GERMANY_M2,L2.GERMANY_UNEMPLOYMENT,0.13175771504103717,0.2659524106046135,0.4954183898596765,0.6203048162400198,-0.38950900974400526,0.6530244398260796,False
GERMANY,GERMANY_M2,L2.GERMANY_GDP,0.16035042795324547,0.08583517750856216,1.8681201881041176,0.06174532018859786,-0.00788651996353637,0.3285873758700273,False
GERMANY,GERMANY_M2,L2.GERMANY_M2,-0.7704000255753327,0.07944101579935622,-9.697761513034125,3.0818567321335634e-22,-0.9261044165420709,-0.6146956346085946,True
GERMANY,GERMANY_M2,L3.GERMANY_CPI,-0.047030468220325514,0.04969115248824328,-0.946455573383063,0.34391627175376616,-0.14442512709728234,0.05036419065663132,False
GERMANY,GERMANY_M2,L3.GERMANY_POLICY_RATE,0.2415172916409712,0.1964179810985046,1.2296088692605442,0.21884360714039852,-0.14346195131209782,0.6264965345940402,False
GERMANY,GERMANY_M2,L3.GERMANY_UNEMPLOYMENT,0.04324368853194211,0.2725831976056867,0.1586439990130923,0.8739493615474693,-0.4910193787752039,0.5775067558390882,False
GERMANY,GERMANY_M2,L3.GERMANY_GDP,-0.1036579146432649,0.09316378091560246,-1.112641775854601,0.26586231092029133,-0.2862589252378457,0.0789430959513159,False
GERMANY,GERMANY_M2,L3.GERMANY_M2,0.8453321343579313,0.09466316312722294,8.929895288010224,4.2641220996086766e-19,0.6597923346285743,1.0308719340872883,True
GERMANY,GERMANY_M2,L4.GERMANY_CPI,-0.036260329246615486,0.04931390054408001,-0.735296312937234,0.46215905321129647,-0.13291557431301232,0.060394915819781333,False
GERMANY,GERMANY_M2,L4.GERMANY_POLICY_RATE,-0.347476383673065,0.1964420509707995,-1.768849296552683,0.07691902754201467,-0.7325028035758321,0.037550036229702044,False
GERMANY,GERMANY_M2,L4.GERMANY_UNEMPLOYMENT,0.3125502491087112,0.2823416722930255,1.1069929797126585,0.26829696357547517,-0.2408394285856187,0.8659399268030411,False
GERMANY,GERMANY_M2,L4.GERMANY_GDP,0.06194492377888908,0.09875700349823337,0.6272458821616351,0.5304980716452756,-0.1316188030776483,0.2555086506354265,False
GERMANY,GERMANY_M2,L4.GERMANY_M2,-0.7132246569929837,0.10918214241436158,-6.532429582542865,6.471122518506719e-11,-0.9272216561251323,-0.49922765786083495,True
GERMANY,GERMANY_M2,L5.GERMANY_CPI,-0.05809432678716542,0.05051963610468562,-1.1499355748878257,0.25017040719170425,-0.15711281355234924,0.040924159978018404,False
GERMANY,GERMANY_M2,L5.GERMANY_POLICY_RATE,0.17382849362519992,0.19295433202220155,0.9008789375363648,0.3676526910801574,-0.2043619971383151,0.5520189843887149,False
GERMANY,GERMANY_M2,L5.GERMANY_UNEMPLOYMENT,-0.21593892947090085,0.27939741159822895,-0.7728737651350155,0.4395970923704652,-0.7635578562034296,0.3316799972616279,False
GERMANY,GERMANY_M2,L5.GERMANY_GDP,0.044231765647046895,0.10685264469815242,0.41395106103360396,0.6789099479128773,-0.16519941796133183,0.25366294925542565,False
GERMANY,GERMANY_M2,L5.GERMANY_M2,0.5790982142690492,0.11919566025563812,4.858383375930476,1.1834808536017816e-06,0.34547472016799846,0.8127217083700999,True
GERMANY,GERMANY_M2,L6.GERMANY_CPI,-0.032615522753303546,0.0500594013376992,-0.6515364123769724,0.5147002799331264,-0.13073194937519397,0.06550090386858687,False
GERMANY,GERMANY_M2,L6.GERMANY_POLICY_RATE,-0.24372800883382054,0.191410097754632,-1.2733288979678319,0.20290135634746953,-0.6188918004328993,0.13143578276525816,False
GERMANY,GERMANY_M2,L6.GERMANY_UNEMPLOYMENT,-0.1821364040384187,0.28050227099753877,-0.6493223865557111,0.516130018810854,-0.7319208551935946,0.36764804711675725,False
GERMANY,GERMANY_M2,L6.GERMANY_GDP,-0.13091870230063196,0.10520127482892845,-1.2444592759310524,0.21333057857297077,-0.3371132009653317,0.07527579636406781,False
GERMANY,GERMANY_M2,L6.GERMANY_M2,-0.38856768675463027,0.12432165454270634,-3.125502859368329,0.0017750134437830864,-0.6322381296583347,-0.14489724385092584,True
GERMANY,GERMANY_M2,L7.GERMANY_CPI,-0.06925304365059698,0.050106379450658746,-1.3821202890700282,0.16693476973726384,-0.16746154737388813,0.02895546007269416,False
GERMANY,GERMANY_M2,L7.GERMANY_POLICY_RATE,0.00995026087774907,0.1885698089179137,0.052766988177203475,0.9579175644591883,-0.35964656460136174,0.3795470863568599,False
GERMANY,GERMANY_M2,L7.GERMANY_UNEMPLOYMENT,0.2092374528879589,0.2793433059833598,0.7490333521735543,0.45383710344146133,-0.33827542683942635,0.7567503326153442,False
GERMANY,GERMANY_M2,L7.GERMANY_GDP,0.15367716999322967,0.10409987360146661,1.4762474216017165,0.13987748328278374,-0.05035858226564488,0.3577129222521042,False
GERMANY,GERMANY_M2,L7.GERMANY_M2,0.3020333217774596,0.12450502949411975,2.425872456756651,0.015271636268986952,0.058003463968984925,0.5460631795859343,True
GERMANY,GERMANY_M2,L8.GERMANY_CPI,-0.03273525356271789,0.0506181213584304,-0.6467101639532868,0.5178195437134586,-0.13194677142524147,0.06647626429980569,False
GERMANY,GERMANY_M2,L8.GERMANY_POLICY_RATE,0.06478752098120016,0.187292279172802,0.34591666707961344,0.7294053425041542,-0.3023053461974918,0.4318803881598921,False
GERMANY,GERMANY_M2,L8.GERMANY_UNEMPLOYMENT,0.12262338068486617,0.2776787443079798,0.44160161048863644,0.6587775183992219,-0.4216269581587742,0.6668737195285066,False
GERMANY,GERMANY_M2,L8.GERMANY_GDP,-0.09293129257960381,0.10357557688660621,-0.8972317159415324,0.3695952846495464,-0.295939423277352,0.11007683811814437,False
GERMANY,GERMANY_M2,L8.GERMANY_M2,-0.19115534001375672,0.11866140083197657,-1.610931091943124,0.10719474235726463,-0.4237316856444308,0.04142100561691736,False
GERMANY,GERMANY_M2,L9.GERMANY_CPI,-0.05839171526603659,0.05049895393394133,-1.1562955411397222,0.24756029154627335,-0.1573696649765616,0.04058623444448842,False
GERMANY,GERMANY_M2,L9.GERMANY_POLICY_RATE,0.1614792074704574,0.18056859239924894,0.8942818090613253,0.37117113036560323,-0.1924352336320705,0.5153936485729853,False
GERMANY,GERMANY_M2,L9.GERMANY_UNEMPLOYMENT,0.0445956379823822,0.27911386804884303,0.15977578718725027,0.8730576980501424,-0.5024675433933501,0.5916588193581145,False
GERMANY,GERMANY_M2,L9.GERMANY_GDP,0.057301883061105896,0.0934719238192738,0.6130384474796732,0.5398509179613865,-0.12590308762467076,0.24050685374688255,False
GERMANY,GERMANY_M2,L9.GERMANY_M2,0.10592830319288668,0.10976464065561081,0.9650494235683718,0.3345200574706151,-0.10921039249211051,0.32106699887788387,False
GERMANY,GERMANY_M2,L10.GERMANY_CPI,-0.10948714787459435,0.05004444676840318,-2.1877981463414202,0.028684308978144994,-0.20757426354066458,-0.011400032208524119,True
GERMANY,GERMANY_M2,L10.GERMANY_POLICY_RATE,-0.045015063290627544,0.17901394700542458,-0.2514612075966543,0.8014575506281629,-0.39588239942125975,0.30585227284000466,False
GERMANY,GERMANY_M2,L10.GERMANY_UNEMPLOYMENT,0.13874589542866936,0.27424116845464735,0.5059265762704569,0.6129081947269047,-0.3987667947424395,0.6762585855997781,False
GERMANY,GERMANY_M2,L10.GERMANY_GDP,-0.058989916738637516,0.08760329114067306,-0.6733755772247382,0.5007083821305143,-0.2306923673743567,0.11271253389708166,False
GERMANY,GERMANY_M2,L10.GERMANY_M2,0.03853826236038921,0.09383367066354442,0.4107082467078826,0.6812864792037685,-0.14537573214015787,0.22245225686093628,False
GERMANY,GERMANY_M2,L11.GERMANY_CPI,0.006767964525364739,0.050201900394265676,0.13481490685037517,0.8927582194772046,-0.09162776024739598,0.10516368929812546,False
GERMANY,GERMANY_M2,L11.GERMANY_POLICY_RATE,-0.03552178629977105,0.16860856501760996,-0.21067604896620198,0.8331400652927031,-0.36599457373428657,0.2949510011347445,False
GERMANY,GERMANY_M2,L11.GERMANY_UNEMPLOYMENT,-0.30369473207868436,0.2712566963659302,-1.1195842762495147,0.2628909591391906,-0.8353578569559076,0.22796839279853887,False
GERMANY,GERMANY_M2,L11.GERMANY_GDP,0.06056435072529731,0.08058142901193723,0.7515919172434308,0.452296505545805,-0.09737525013809964,0.21850395158869426,False
GERMANY,GERMANY_M2,L11.GERMANY_M2,-0.07366257689928063,0.08050557659202694,-0.9149996809857763,0.3601917976016017,-0.23145350701965342,0.08412835322109216,False
GERMANY,GERMANY_M2,L12.GERMANY_CPI,-0.0489127365104034,0.0490380258846921,-0.9974450567283579,0.31854853033108055,-0.1450272672443999,0.04720179422359312,False
GERMANY,GERMANY_M2,L12.GERMANY_POLICY_RATE,0.0019297623506148998,0.16441609413938946,0.011737064797189967,0.9906353922190231,-0.32032578216258845,0.3241853068638182,False
GERMANY,GERMANY_M2,L12.GERMANY_UNEMPLOYMENT,0.4438536288418894,0.2661642152692654,1.6675931751113282,0.09539651400205228,-0.07782823308587083,0.9655354907696496,False
GERMANY,GERMANY_M2,L12.GERMANY_GDP,-0.009081147572764237,0.04313101009235355,-0.21054799211331665,0.83323999872263,-0.09361792735377719,0.07545563220824872,False
GERMANY,GERMANY_M2,L12.GERMANY_M2,-0.19696473742777085,0.05953567984838267,-3.3083478332551794,0.0009384816931336002,-0.31365466993060087,-0.08027480492494081,True
